WIDTH=8;
DEPTH=19200;
ADDRESS_RADIX=HEX;
DATA_RADIX=BIN;
CONTENT BEGIN
    0 : 11111011;
    1 : 11111010;
    2 : 11111010;
    3 : 11111010;
    4 : 11111011;
    5 : 11111011;
    6 : 11111010;
    7 : 11111010;
    8 : 11111011;
    9 : 11111010;
    A : 11111011;
    B : 11111010;
    C : 11111010;
    D : 11111011;
    E : 11111011;
    F : 11111010;
    10 : 11111011;
    11 : 11111010;
    12 : 11111010;
    13 : 11111011;
    14 : 11111011;
    15 : 11111011;
    16 : 11111011;
    17 : 11111010;
    18 : 11111010;
    19 : 11111010;
    1A : 11111011;
    1B : 11111010;
    1C : 11111010;
    1D : 11111010;
    1E : 11111010;
    1F : 11111011;
    20 : 11111011;
    21 : 11111010;
    22 : 11111010;
    23 : 11111011;
    24 : 11111011;
    25 : 11111011;
    26 : 11111011;
    27 : 11111011;
    28 : 11111010;
    29 : 11111010;
    2A : 11111011;
    2B : 11111011;
    2C : 11111010;
    2D : 11111011;
    2E : 11111011;
    2F : 11111010;
    30 : 11111011;
    31 : 11111010;
    32 : 11111010;
    33 : 11111011;
    34 : 11111010;
    35 : 11111010;
    36 : 11111011;
    37 : 11111010;
    38 : 11111010;
    39 : 11111010;
    3A : 11111010;
    3B : 11111011;
    3C : 11111010;
    3D : 11111011;
    3E : 11111011;
    3F : 11111011;
    40 : 11111011;
    41 : 11111011;
    42 : 11111011;
    43 : 11111011;
    44 : 11111010;
    45 : 11111011;
    46 : 11111011;
    47 : 11111011;
    48 : 11111011;
    49 : 11111011;
    4A : 11111011;
    4B : 11111011;
    4C : 11111011;
    4D : 11111011;
    4E : 11111011;
    4F : 11111010;
    50 : 11111010;
    51 : 11111010;
    52 : 11111011;
    53 : 11111011;
    54 : 11111011;
    55 : 11111011;
    56 : 11111011;
    57 : 11111011;
    58 : 11111010;
    59 : 11111011;
    5A : 11111010;
    5B : 11111010;
    5C : 11111010;
    5D : 11111011;
    5E : 11111010;
    5F : 11111010;
    60 : 11111010;
    61 : 11111010;
    62 : 11111010;
    63 : 11111010;
    64 : 11111011;
    65 : 11111010;
    66 : 11111010;
    67 : 11111011;
    68 : 11111011;
    69 : 11111011;
    6A : 11111010;
    6B : 11111010;
    6C : 11111011;
    6D : 11111011;
    6E : 11111010;
    6F : 11111010;
    70 : 11111011;
    71 : 11111011;
    72 : 11111011;
    73 : 11111011;
    74 : 11111010;
    75 : 11111010;
    76 : 11111010;
    77 : 11111010;
    78 : 11111011;
    79 : 11111010;
    7A : 11111011;
    7B : 11111010;
    7C : 11111010;
    7D : 11111011;
    7E : 11111010;
    7F : 11111010;
    80 : 11111010;
    81 : 11111011;
    82 : 11111011;
    83 : 11111011;
    84 : 11111011;
    85 : 11111011;
    86 : 11111010;
    87 : 11111010;
    88 : 11111010;
    89 : 11111011;
    8A : 11111011;
    8B : 11111011;
    8C : 11111011;
    8D : 11111011;
    8E : 11111011;
    8F : 11111010;
    90 : 11111011;
    91 : 11111011;
    92 : 11111010;
    93 : 11111010;
    94 : 11111011;
    95 : 11111011;
    96 : 11111011;
    97 : 11111011;
    98 : 11111010;
    99 : 11111010;
    9A : 11111010;
    9B : 11111011;
    9C : 11111010;
    9D : 11111010;
    9E : 11111011;
    9F : 11111011;
    A0 : 11111011;
    A1 : 11111010;
    A2 : 11111011;
    A3 : 11111011;
    A4 : 11111011;
    A5 : 11111011;
    A6 : 11111011;
    A7 : 11111011;
    A8 : 11111010;
    A9 : 11111010;
    AA : 11111011;
    AB : 11111010;
    AC : 11111011;
    AD : 11111011;
    AE : 11111011;
    AF : 11111011;
    B0 : 11111011;
    B1 : 11111011;
    B2 : 11111010;
    B3 : 11111010;
    B4 : 11111010;
    B5 : 11111011;
    B6 : 11111010;
    B7 : 11111010;
    B8 : 11111011;
    B9 : 11111011;
    BA : 11111011;
    BB : 11111010;
    BC : 11111011;
    BD : 11111011;
    BE : 11111010;
    BF : 11111011;
    C0 : 11111010;
    C1 : 11111010;
    C2 : 11111010;
    C3 : 11111011;
    C4 : 11111011;
    C5 : 11111010;
    C6 : 11111010;
    C7 : 11111011;
    C8 : 11111011;
    C9 : 11111010;
    CA : 11111011;
    CB : 11111011;
    CC : 11111011;
    CD : 11111011;
    CE : 11111011;
    CF : 11111011;
    D0 : 11111011;
    D1 : 11111011;
    D2 : 11111010;
    D3 : 11111011;
    D4 : 11111011;
    D5 : 11111010;
    D6 : 11111011;
    D7 : 11111010;
    D8 : 11111011;
    D9 : 11111011;
    DA : 11111011;
    DB : 11111011;
    DC : 11111011;
    DD : 11111011;
    DE : 11111010;
    DF : 11111011;
    E0 : 11111011;
    E1 : 11111011;
    E2 : 11111011;
    E3 : 11111011;
    E4 : 11111011;
    E5 : 11111011;
    E6 : 11111011;
    E7 : 11111011;
    E8 : 11111010;
    E9 : 11111011;
    EA : 11111011;
    EB : 11111011;
    EC : 11111010;
    ED : 11111010;
    EE : 11111010;
    EF : 11111011;
    F0 : 11111011;
    F1 : 11111011;
    F2 : 11111011;
    F3 : 11111010;
    F4 : 11111010;
    F5 : 11111011;
    F6 : 11111011;
    F7 : 11111010;
    F8 : 11111011;
    F9 : 11111011;
    FA : 11111011;
    FB : 11111010;
    FC : 11111010;
    FD : 11111011;
    FE : 11111010;
    FF : 11111010;
    100 : 11111011;
    101 : 11111010;
    102 : 11111010;
    103 : 11111010;
    104 : 11111011;
    105 : 11111011;
    106 : 11111011;
    107 : 11111010;
    108 : 11111011;
    109 : 11111011;
    10A : 11111010;
    10B : 11111010;
    10C : 11111010;
    10D : 11111010;
    10E : 11111011;
    10F : 11111010;
    110 : 11111011;
    111 : 11111011;
    112 : 11111011;
    113 : 11111011;
    114 : 11111010;
    115 : 11111010;
    116 : 11111010;
    117 : 11111011;
    118 : 11111011;
    119 : 11111010;
    11A : 11111010;
    11B : 11111010;
    11C : 11111011;
    11D : 11111011;
    11E : 11111010;
    11F : 11111010;
    120 : 11111010;
    121 : 11111011;
    122 : 11111011;
    123 : 11111010;
    124 : 11111011;
    125 : 11111010;
    126 : 11111010;
    127 : 11111010;
    128 : 11111011;
    129 : 11111011;
    12A : 11111010;
    12B : 11111010;
    12C : 11111011;
    12D : 11111010;
    12E : 11111011;
    12F : 11111011;
    130 : 11111011;
    131 : 11111010;
    132 : 11111010;
    133 : 11111010;
    134 : 11111010;
    135 : 11111010;
    136 : 11111010;
    137 : 11111010;
    138 : 11111010;
    139 : 11111010;
    13A : 11111010;
    13B : 11111011;
    13C : 11111011;
    13D : 11111011;
    13E : 11111011;
    13F : 11111011;
    140 : 11111011;
    141 : 11111011;
    142 : 11111010;
    143 : 11111010;
    144 : 11111010;
    145 : 11111011;
    146 : 11111010;
    147 : 11111011;
    148 : 11111011;
    149 : 11111010;
    14A : 11111011;
    14B : 11111011;
    14C : 11111011;
    14D : 11111010;
    14E : 11111011;
    14F : 11111011;
    150 : 11111011;
    151 : 11111011;
    152 : 11111011;
    153 : 11111010;
    154 : 11111011;
    155 : 11111010;
    156 : 11111010;
    157 : 11111010;
    158 : 11111011;
    159 : 11111010;
    15A : 11111011;
    15B : 11111010;
    15C : 11111010;
    15D : 11111010;
    15E : 11111011;
    15F : 11111011;
    160 : 11111010;
    161 : 11111010;
    162 : 11111010;
    163 : 11111011;
    164 : 11111011;
    165 : 11111011;
    166 : 11111010;
    167 : 11111011;
    168 : 11111011;
    169 : 11111011;
    16A : 11111011;
    16B : 11111011;
    16C : 11111011;
    16D : 11111011;
    16E : 11111011;
    16F : 11111011;
    170 : 11111011;
    171 : 11111011;
    172 : 11111011;
    173 : 11111011;
    174 : 11111010;
    175 : 11111010;
    176 : 11111010;
    177 : 11111010;
    178 : 11111010;
    179 : 11111010;
    17A : 11111010;
    17B : 11111011;
    17C : 11111011;
    17D : 11111011;
    17E : 11111011;
    17F : 11111010;
    180 : 11111011;
    181 : 11111011;
    182 : 11111011;
    183 : 11111011;
    184 : 11111011;
    185 : 11111011;
    186 : 11111011;
    187 : 11111011;
    188 : 11111010;
    189 : 11111011;
    18A : 11111011;
    18B : 11111011;
    18C : 11111011;
    18D : 11111011;
    18E : 11111011;
    18F : 11111011;
    190 : 11111011;
    191 : 11111011;
    192 : 11111011;
    193 : 11111011;
    194 : 11111011;
    195 : 11111011;
    196 : 11111010;
    197 : 11111011;
    198 : 11111011;
    199 : 11111011;
    19A : 11111011;
    19B : 11111011;
    19C : 11111011;
    19D : 11111011;
    19E : 11111011;
    19F : 11111010;
    1A0 : 11111010;
    1A1 : 11111010;
    1A2 : 11111010;
    1A3 : 11111010;
    1A4 : 11111010;
    1A5 : 11111011;
    1A6 : 11111011;
    1A7 : 11111011;
    1A8 : 11111011;
    1A9 : 11111011;
    1AA : 11111010;
    1AB : 11111010;
    1AC : 11111011;
    1AD : 11111011;
    1AE : 11111010;
    1AF : 11111011;
    1B0 : 11111011;
    1B1 : 11111011;
    1B2 : 11111011;
    1B3 : 11111010;
    1B4 : 11111010;
    1B5 : 11111010;
    1B6 : 11111010;
    1B7 : 11111010;
    1B8 : 11111011;
    1B9 : 11111011;
    1BA : 11111010;
    1BB : 11111011;
    1BC : 11111011;
    1BD : 11111010;
    1BE : 11111010;
    1BF : 11111010;
    1C0 : 11111010;
    1C1 : 11111011;
    1C2 : 11111011;
    1C3 : 11111011;
    1C4 : 11111011;
    1C5 : 11111010;
    1C6 : 11111010;
    1C7 : 11111010;
    1C8 : 11111011;
    1C9 : 11111010;
    1CA : 11111010;
    1CB : 11111011;
    1CC : 11111011;
    1CD : 11111011;
    1CE : 11111011;
    1CF : 11111011;
    1D0 : 11111010;
    1D1 : 11111010;
    1D2 : 11111010;
    1D3 : 11111010;
    1D4 : 11111011;
    1D5 : 11111011;
    1D6 : 11111010;
    1D7 : 11111010;
    1D8 : 11111010;
    1D9 : 11111010;
    1DA : 11111010;
    1DB : 11111010;
    1DC : 11111011;
    1DD : 11111011;
    1DE : 11111011;
    1DF : 11111011;
    1E0 : 11111011;
    1E1 : 11111011;
    1E2 : 11111011;
    1E3 : 11111011;
    1E4 : 11111011;
    1E5 : 11111011;
    1E6 : 11111011;
    1E7 : 11111011;
    1E8 : 11111011;
    1E9 : 11111011;
    1EA : 11111011;
    1EB : 11111011;
    1EC : 11111011;
    1ED : 11111010;
    1EE : 11111011;
    1EF : 11111010;
    1F0 : 11111011;
    1F1 : 11111011;
    1F2 : 11111011;
    1F3 : 11111011;
    1F4 : 11111011;
    1F5 : 11111011;
    1F6 : 11111011;
    1F7 : 11111010;
    1F8 : 11111010;
    1F9 : 11111011;
    1FA : 11111011;
    1FB : 11111011;
    1FC : 11111011;
    1FD : 11111011;
    1FE : 11111011;
    1FF : 11111011;
    200 : 11111011;
    201 : 11111010;
    202 : 11111010;
    203 : 11111011;
    204 : 11111011;
    205 : 11111011;
    206 : 11111011;
    207 : 11111011;
    208 : 11111011;
    209 : 11111010;
    20A : 11111011;
    20B : 11111011;
    20C : 11111011;
    20D : 11111011;
    20E : 11111011;
    20F : 11111011;
    210 : 11111011;
    211 : 11111011;
    212 : 11111011;
    213 : 11111010;
    214 : 11111010;
    215 : 11111010;
    216 : 11111010;
    217 : 11111011;
    218 : 11111010;
    219 : 11111010;
    21A : 11111011;
    21B : 11111011;
    21C : 11111010;
    21D : 11111011;
    21E : 11111011;
    21F : 11111011;
    220 : 11111010;
    221 : 11111011;
    222 : 11111011;
    223 : 11111011;
    224 : 11111011;
    225 : 11111011;
    226 : 11111011;
    227 : 11111011;
    228 : 11111011;
    229 : 11111011;
    22A : 11111011;
    22B : 11111011;
    22C : 11111011;
    22D : 11111011;
    22E : 11111011;
    22F : 11111011;
    230 : 11111011;
    231 : 11111010;
    232 : 11111011;
    233 : 11111011;
    234 : 11111011;
    235 : 11111011;
    236 : 11111011;
    237 : 11111011;
    238 : 11111011;
    239 : 11111011;
    23A : 11111011;
    23B : 11111011;
    23C : 11111011;
    23D : 11111011;
    23E : 11111010;
    23F : 11111010;
    240 : 11111010;
    241 : 11111010;
    242 : 11111010;
    243 : 11111011;
    244 : 11111011;
    245 : 11111011;
    246 : 11111011;
    247 : 11111011;
    248 : 11111011;
    249 : 11111011;
    24A : 11111011;
    24B : 11111010;
    24C : 11111010;
    24D : 11111011;
    24E : 11111010;
    24F : 11111010;
    250 : 11111011;
    251 : 11111011;
    252 : 11111011;
    253 : 11111011;
    254 : 11111011;
    255 : 11111010;
    256 : 11111010;
    257 : 11111010;
    258 : 11111010;
    259 : 11111011;
    25A : 11111011;
    25B : 11111011;
    25C : 11111011;
    25D : 11111010;
    25E : 11111010;
    25F : 11111011;
    260 : 11111011;
    261 : 11111011;
    262 : 11111011;
    263 : 11111011;
    264 : 11111010;
    265 : 11111010;
    266 : 11111011;
    267 : 11111010;
    268 : 11111011;
    269 : 11111011;
    26A : 11111011;
    26B : 11111011;
    26C : 11111011;
    26D : 11111011;
    26E : 11111011;
    26F : 11111011;
    270 : 11111011;
    271 : 11111010;
    272 : 11111011;
    273 : 11111011;
    274 : 11111010;
    275 : 11111011;
    276 : 11111011;
    277 : 11111011;
    278 : 11111011;
    279 : 11111010;
    27A : 11111010;
    27B : 11111011;
    27C : 11111011;
    27D : 11111011;
    27E : 11111011;
    27F : 11111011;
    280 : 11111011;
    281 : 11111011;
    282 : 11111011;
    283 : 11111010;
    284 : 11111011;
    285 : 11111011;
    286 : 11111011;
    287 : 11111011;
    288 : 11111011;
    289 : 11111011;
    28A : 11111011;
    28B : 11111011;
    28C : 11111010;
    28D : 11111011;
    28E : 11111011;
    28F : 11111010;
    290 : 11111011;
    291 : 11111011;
    292 : 11111011;
    293 : 11111011;
    294 : 11111011;
    295 : 11111011;
    296 : 11111011;
    297 : 11111011;
    298 : 11111011;
    299 : 11111011;
    29A : 11111011;
    29B : 11111011;
    29C : 11111011;
    29D : 11111011;
    29E : 11111011;
    29F : 11111011;
    2A0 : 11111011;
    2A1 : 11111011;
    2A2 : 11111010;
    2A3 : 11111010;
    2A4 : 11111011;
    2A5 : 11111011;
    2A6 : 11111011;
    2A7 : 11111011;
    2A8 : 11111011;
    2A9 : 11111010;
    2AA : 11111011;
    2AB : 11111011;
    2AC : 11111011;
    2AD : 11111011;
    2AE : 11111011;
    2AF : 11111010;
    2B0 : 11111011;
    2B1 : 11111011;
    2B2 : 11111011;
    2B3 : 11111011;
    2B4 : 11111010;
    2B5 : 11111010;
    2B6 : 11111010;
    2B7 : 11111010;
    2B8 : 11111010;
    2B9 : 11111011;
    2BA : 11111011;
    2BB : 11111011;
    2BC : 11111011;
    2BD : 11111011;
    2BE : 11111011;
    2BF : 11111011;
    2C0 : 11111011;
    2C1 : 11111011;
    2C2 : 11111011;
    2C3 : 11111011;
    2C4 : 11111011;
    2C5 : 11111011;
    2C6 : 11111011;
    2C7 : 11111011;
    2C8 : 11111011;
    2C9 : 11111011;
    2CA : 11111011;
    2CB : 11111011;
    2CC : 11111011;
    2CD : 11111011;
    2CE : 11111010;
    2CF : 11111011;
    2D0 : 11111011;
    2D1 : 11111011;
    2D2 : 11111011;
    2D3 : 11111011;
    2D4 : 11111011;
    2D5 : 11111011;
    2D6 : 11111011;
    2D7 : 11111011;
    2D8 : 11111011;
    2D9 : 11111011;
    2DA : 11111011;
    2DB : 11111011;
    2DC : 11111011;
    2DD : 11111011;
    2DE : 11111011;
    2DF : 11111010;
    2E0 : 11111010;
    2E1 : 11111010;
    2E2 : 11111010;
    2E3 : 11111010;
    2E4 : 11111010;
    2E5 : 11111010;
    2E6 : 11111011;
    2E7 : 11111010;
    2E8 : 11111011;
    2E9 : 11111011;
    2EA : 11111011;
    2EB : 11111011;
    2EC : 11111011;
    2ED : 11111011;
    2EE : 11111010;
    2EF : 11111011;
    2F0 : 11111011;
    2F1 : 11111011;
    2F2 : 11111010;
    2F3 : 11111011;
    2F4 : 11111011;
    2F5 : 11111010;
    2F6 : 11111010;
    2F7 : 11111010;
    2F8 : 11111011;
    2F9 : 11111011;
    2FA : 11111011;
    2FB : 11111010;
    2FC : 11111010;
    2FD : 11111011;
    2FE : 11111011;
    2FF : 11111011;
    300 : 11111011;
    301 : 11111011;
    302 : 11111011;
    303 : 11111011;
    304 : 11111011;
    305 : 11111011;
    306 : 11111011;
    307 : 11111010;
    308 : 11111011;
    309 : 11111011;
    30A : 11111011;
    30B : 11111011;
    30C : 11111010;
    30D : 11111010;
    30E : 11111010;
    30F : 11111011;
    310 : 11111011;
    311 : 11111011;
    312 : 11111011;
    313 : 11111011;
    314 : 11111011;
    315 : 11111011;
    316 : 11111010;
    317 : 11111011;
    318 : 11111011;
    319 : 11111010;
    31A : 11111011;
    31B : 11111011;
    31C : 11111011;
    31D : 11111011;
    31E : 11111011;
    31F : 11111011;
    320 : 11111011;
    321 : 11111010;
    322 : 11111011;
    323 : 11111011;
    324 : 11111011;
    325 : 11111011;
    326 : 11111011;
    327 : 11111011;
    328 : 11111011;
    329 : 11111011;
    32A : 11111011;
    32B : 11111011;
    32C : 11111011;
    32D : 11111011;
    32E : 11111011;
    32F : 11111011;
    330 : 11111011;
    331 : 11111011;
    332 : 11111011;
    333 : 11111011;
    334 : 11111010;
    335 : 11111010;
    336 : 11111011;
    337 : 11111011;
    338 : 11111011;
    339 : 11111011;
    33A : 11111011;
    33B : 11111010;
    33C : 11111011;
    33D : 11111011;
    33E : 11111011;
    33F : 11111011;
    340 : 11111011;
    341 : 11111010;
    342 : 11111011;
    343 : 11111011;
    344 : 11111010;
    345 : 11111011;
    346 : 11111011;
    347 : 11111011;
    348 : 11111011;
    349 : 11111011;
    34A : 11111011;
    34B : 11111011;
    34C : 11111011;
    34D : 11111011;
    34E : 11111011;
    34F : 11111011;
    350 : 11111011;
    351 : 11111011;
    352 : 11111011;
    353 : 11111011;
    354 : 11111011;
    355 : 11111011;
    356 : 11111010;
    357 : 11111010;
    358 : 11111010;
    359 : 11111011;
    35A : 11111010;
    35B : 11111011;
    35C : 11111011;
    35D : 11111011;
    35E : 11111011;
    35F : 11111011;
    360 : 11111011;
    361 : 11111011;
    362 : 11111011;
    363 : 11111011;
    364 : 11111011;
    365 : 11111011;
    366 : 11111011;
    367 : 11111011;
    368 : 11111010;
    369 : 11111011;
    36A : 11111010;
    36B : 11111010;
    36C : 11111011;
    36D : 11111011;
    36E : 11111011;
    36F : 11111011;
    370 : 11111011;
    371 : 11111011;
    372 : 11111011;
    373 : 11111011;
    374 : 11111011;
    375 : 11111011;
    376 : 11111011;
    377 : 11111010;
    378 : 11111011;
    379 : 11111011;
    37A : 11111011;
    37B : 11111011;
    37C : 11111010;
    37D : 11111011;
    37E : 11111011;
    37F : 11111011;
    380 : 11111010;
    381 : 11111011;
    382 : 11111011;
    383 : 11111010;
    384 : 11111010;
    385 : 11111010;
    386 : 11111011;
    387 : 11111010;
    388 : 11111010;
    389 : 11111011;
    38A : 11111011;
    38B : 11111010;
    38C : 11111011;
    38D : 11111011;
    38E : 11111010;
    38F : 11111011;
    390 : 11111011;
    391 : 11111011;
    392 : 11111011;
    393 : 11111011;
    394 : 11111011;
    395 : 11111011;
    396 : 11111010;
    397 : 11111010;
    398 : 11111011;
    399 : 11111011;
    39A : 11111011;
    39B : 11111010;
    39C : 11111010;
    39D : 11111011;
    39E : 11111010;
    39F : 11111011;
    3A0 : 11111011;
    3A1 : 11111011;
    3A2 : 11111011;
    3A3 : 11111010;
    3A4 : 11111011;
    3A5 : 11111011;
    3A6 : 11111011;
    3A7 : 11111011;
    3A8 : 11111011;
    3A9 : 11111011;
    3AA : 11111011;
    3AB : 11111011;
    3AC : 11111010;
    3AD : 11111011;
    3AE : 11111011;
    3AF : 11111011;
    3B0 : 11111011;
    3B1 : 11111011;
    3B2 : 11111011;
    3B3 : 11111011;
    3B4 : 11111011;
    3B5 : 11111010;
    3B6 : 11111011;
    3B7 : 11111011;
    3B8 : 11111011;
    3B9 : 11111011;
    3BA : 11111010;
    3BB : 11111011;
    3BC : 11111011;
    3BD : 11111011;
    3BE : 11111011;
    3BF : 11111011;
    3C0 : 11111011;
    3C1 : 11111011;
    3C2 : 11111010;
    3C3 : 11111011;
    3C4 : 11111011;
    3C5 : 11111011;
    3C6 : 11111011;
    3C7 : 11111011;
    3C8 : 11111011;
    3C9 : 11111011;
    3CA : 11111011;
    3CB : 11111010;
    3CC : 11111011;
    3CD : 11111011;
    3CE : 11111011;
    3CF : 11111011;
    3D0 : 11111011;
    3D1 : 11111011;
    3D2 : 11111011;
    3D3 : 11111011;
    3D4 : 11111011;
    3D5 : 11111011;
    3D6 : 11111011;
    3D7 : 11111011;
    3D8 : 11111011;
    3D9 : 11111011;
    3DA : 11111011;
    3DB : 11111010;
    3DC : 11111010;
    3DD : 11111011;
    3DE : 11111010;
    3DF : 11111011;
    3E0 : 11111010;
    3E1 : 11111011;
    3E2 : 11111010;
    3E3 : 11111010;
    3E4 : 11111011;
    3E5 : 11111011;
    3E6 : 11111011;
    3E7 : 11111011;
    3E8 : 11111011;
    3E9 : 11111011;
    3EA : 11111011;
    3EB : 11111011;
    3EC : 11111011;
    3ED : 11111011;
    3EE : 11111011;
    3EF : 11111011;
    3F0 : 11111011;
    3F1 : 11111011;
    3F2 : 11111011;
    3F3 : 11111011;
    3F4 : 11111011;
    3F5 : 11111011;
    3F6 : 11111011;
    3F7 : 11111011;
    3F8 : 11111011;
    3F9 : 11111011;
    3FA : 11111010;
    3FB : 11111010;
    3FC : 11111010;
    3FD : 11111010;
    3FE : 11111011;
    3FF : 11111011;
    400 : 11111011;
    401 : 11111011;
    402 : 11111011;
    403 : 11111011;
    404 : 11111011;
    405 : 11111011;
    406 : 11111011;
    407 : 11111011;
    408 : 11111010;
    409 : 11111011;
    40A : 11111011;
    40B : 11111011;
    40C : 11111011;
    40D : 11111010;
    40E : 11111011;
    40F : 11111011;
    410 : 11111010;
    411 : 11111011;
    412 : 11111011;
    413 : 11111011;
    414 : 11111010;
    415 : 11111011;
    416 : 11111011;
    417 : 11111011;
    418 : 11111011;
    419 : 11111011;
    41A : 11111011;
    41B : 11111011;
    41C : 11111011;
    41D : 11111011;
    41E : 11111011;
    41F : 11111010;
    420 : 11111010;
    421 : 11111011;
    422 : 11111010;
    423 : 11111010;
    424 : 11111010;
    425 : 11111010;
    426 : 11111011;
    427 : 11111010;
    428 : 11111010;
    429 : 11111011;
    42A : 11111010;
    42B : 11111011;
    42C : 11111011;
    42D : 11111011;
    42E : 11111011;
    42F : 11111011;
    430 : 11111011;
    431 : 11111011;
    432 : 11111010;
    433 : 11111011;
    434 : 11111011;
    435 : 11111011;
    436 : 11111010;
    437 : 11111010;
    438 : 11111011;
    439 : 11111011;
    43A : 11111011;
    43B : 11111011;
    43C : 11111011;
    43D : 11111011;
    43E : 11111011;
    43F : 11111011;
    440 : 11111010;
    441 : 11111011;
    442 : 11111011;
    443 : 11111011;
    444 : 11111011;
    445 : 11111011;
    446 : 11111011;
    447 : 11111011;
    448 : 11111011;
    449 : 11111011;
    44A : 11111011;
    44B : 11111011;
    44C : 11111010;
    44D : 11111011;
    44E : 11111011;
    44F : 11111011;
    450 : 11111011;
    451 : 11111010;
    452 : 11111011;
    453 : 11111011;
    454 : 11111010;
    455 : 11111010;
    456 : 11111011;
    457 : 11111011;
    458 : 11111011;
    459 : 11111011;
    45A : 11111011;
    45B : 11111011;
    45C : 11111010;
    45D : 11111010;
    45E : 11111011;
    45F : 11111011;
    460 : 11111011;
    461 : 11111011;
    462 : 11111011;
    463 : 11111011;
    464 : 11111011;
    465 : 11111011;
    466 : 11111011;
    467 : 11111011;
    468 : 11111010;
    469 : 11111011;
    46A : 11111011;
    46B : 11111010;
    46C : 11111011;
    46D : 11111011;
    46E : 11111011;
    46F : 11111011;
    470 : 11111011;
    471 : 11111011;
    472 : 11111011;
    473 : 11111011;
    474 : 11111010;
    475 : 11111011;
    476 : 11111011;
    477 : 11111011;
    478 : 11111011;
    479 : 11111011;
    47A : 11111011;
    47B : 11111010;
    47C : 11111010;
    47D : 11111011;
    47E : 11111011;
    47F : 11111011;
    480 : 11111011;
    481 : 11111011;
    482 : 11111010;
    483 : 11111010;
    484 : 11111011;
    485 : 11111011;
    486 : 11111011;
    487 : 11111011;
    488 : 11111011;
    489 : 11111010;
    48A : 11111011;
    48B : 11111011;
    48C : 11111011;
    48D : 11111011;
    48E : 11111011;
    48F : 11111011;
    490 : 11111011;
    491 : 11111011;
    492 : 11111011;
    493 : 11111010;
    494 : 11111010;
    495 : 11111011;
    496 : 11111011;
    497 : 11111010;
    498 : 11111011;
    499 : 11111011;
    49A : 11111011;
    49B : 11111010;
    49C : 11111011;
    49D : 11111010;
    49E : 11111010;
    49F : 11111011;
    4A0 : 11111011;
    4A1 : 11111011;
    4A2 : 11111010;
    4A3 : 11111011;
    4A4 : 11111011;
    4A5 : 11111011;
    4A6 : 11111011;
    4A7 : 11111011;
    4A8 : 11111011;
    4A9 : 11111010;
    4AA : 11111011;
    4AB : 11111011;
    4AC : 11111011;
    4AD : 11111010;
    4AE : 11111011;
    4AF : 11111011;
    4B0 : 11111011;
    4B1 : 11111011;
    4B2 : 11111011;
    4B3 : 11111010;
    4B4 : 11111011;
    4B5 : 11111011;
    4B6 : 11111011;
    4B7 : 11111011;
    4B8 : 11111011;
    4B9 : 11111011;
    4BA : 11111011;
    4BB : 11111011;
    4BC : 11111011;
    4BD : 11111011;
    4BE : 11111010;
    4BF : 11111010;
    4C0 : 11111011;
    4C1 : 11111011;
    4C2 : 11111010;
    4C3 : 11111010;
    4C4 : 11111010;
    4C5 : 11111011;
    4C6 : 11111011;
    4C7 : 11111010;
    4C8 : 11111011;
    4C9 : 11111011;
    4CA : 11111010;
    4CB : 11111010;
    4CC : 11111011;
    4CD : 11111011;
    4CE : 11111011;
    4CF : 11111010;
    4D0 : 11111011;
    4D1 : 11111011;
    4D2 : 11111010;
    4D3 : 11111011;
    4D4 : 11111011;
    4D5 : 11111011;
    4D6 : 11111010;
    4D7 : 11111010;
    4D8 : 11111011;
    4D9 : 11111011;
    4DA : 11111011;
    4DB : 11111011;
    4DC : 11111011;
    4DD : 11111011;
    4DE : 11111011;
    4DF : 11111011;
    4E0 : 11111011;
    4E1 : 11111011;
    4E2 : 11111010;
    4E3 : 11111011;
    4E4 : 11111011;
    4E5 : 11111011;
    4E6 : 11111011;
    4E7 : 11111011;
    4E8 : 11111011;
    4E9 : 11111011;
    4EA : 11111011;
    4EB : 11111011;
    4EC : 11111011;
    4ED : 11111011;
    4EE : 11111011;
    4EF : 11111011;
    4F0 : 11111011;
    4F1 : 11111010;
    4F2 : 11111010;
    4F3 : 11111010;
    4F4 : 11111011;
    4F5 : 11111011;
    4F6 : 11111011;
    4F7 : 11111011;
    4F8 : 11111011;
    4F9 : 11111011;
    4FA : 11111011;
    4FB : 11111011;
    4FC : 11111011;
    4FD : 11111011;
    4FE : 11111011;
    4FF : 11111011;
    500 : 11111011;
    501 : 11111011;
    502 : 11111011;
    503 : 11111011;
    504 : 11111011;
    505 : 11111011;
    506 : 11111011;
    507 : 11111011;
    508 : 11111011;
    509 : 11111011;
    50A : 11111011;
    50B : 11111010;
    50C : 11111011;
    50D : 11111010;
    50E : 11111011;
    50F : 11111010;
    510 : 11111011;
    511 : 11111011;
    512 : 11111011;
    513 : 11111011;
    514 : 11111011;
    515 : 11111011;
    516 : 11111011;
    517 : 11111010;
    518 : 11111011;
    519 : 11111010;
    51A : 11111011;
    51B : 11111010;
    51C : 11111011;
    51D : 11111010;
    51E : 11111011;
    51F : 11111011;
    520 : 11111011;
    521 : 11111011;
    522 : 11111011;
    523 : 11111011;
    524 : 11111011;
    525 : 11111011;
    526 : 11111011;
    527 : 11111011;
    528 : 11111011;
    529 : 11111011;
    52A : 11111011;
    52B : 11111011;
    52C : 11111011;
    52D : 11111011;
    52E : 11111011;
    52F : 11111011;
    530 : 11111011;
    531 : 11111011;
    532 : 11111011;
    533 : 11111010;
    534 : 11111010;
    535 : 11111011;
    536 : 11111010;
    537 : 11111010;
    538 : 11111010;
    539 : 11111010;
    53A : 11111011;
    53B : 11111011;
    53C : 11111011;
    53D : 11111011;
    53E : 11111010;
    53F : 11111011;
    540 : 11111011;
    541 : 11111011;
    542 : 11111011;
    543 : 11111011;
    544 : 11111011;
    545 : 11111011;
    546 : 11111011;
    547 : 11111011;
    548 : 11111011;
    549 : 11111011;
    54A : 11111011;
    54B : 11111010;
    54C : 11111011;
    54D : 11111011;
    54E : 11111011;
    54F : 11111011;
    550 : 11111011;
    551 : 11111011;
    552 : 11111011;
    553 : 11111011;
    554 : 11111011;
    555 : 11111011;
    556 : 11111011;
    557 : 11111010;
    558 : 11111011;
    559 : 11111011;
    55A : 11111011;
    55B : 11111011;
    55C : 11111011;
    55D : 11111011;
    55E : 11111011;
    55F : 11111011;
    560 : 11111011;
    561 : 11111011;
    562 : 11111010;
    563 : 11111010;
    564 : 11111011;
    565 : 11111011;
    566 : 11111011;
    567 : 11111010;
    568 : 11111011;
    569 : 11111011;
    56A : 11111011;
    56B : 11111011;
    56C : 11111010;
    56D : 11111010;
    56E : 11111011;
    56F : 11111011;
    570 : 11111011;
    571 : 11111011;
    572 : 11111010;
    573 : 11111011;
    574 : 11111011;
    575 : 11111010;
    576 : 11111011;
    577 : 11111011;
    578 : 11111010;
    579 : 11111010;
    57A : 11111010;
    57B : 11111011;
    57C : 11111011;
    57D : 11111011;
    57E : 11111011;
    57F : 11111010;
    580 : 11111011;
    581 : 11111011;
    582 : 11111011;
    583 : 11111011;
    584 : 11111011;
    585 : 11111011;
    586 : 11111011;
    587 : 11111011;
    588 : 11111011;
    589 : 11111010;
    58A : 11111011;
    58B : 11111011;
    58C : 11111011;
    58D : 11111011;
    58E : 11111011;
    58F : 11111011;
    590 : 11111011;
    591 : 11111011;
    592 : 11111010;
    593 : 11111011;
    594 : 11111011;
    595 : 11111011;
    596 : 11111011;
    597 : 11111011;
    598 : 11111011;
    599 : 11111011;
    59A : 11111010;
    59B : 11111010;
    59C : 11111011;
    59D : 11111011;
    59E : 11111011;
    59F : 11111011;
    5A0 : 11111011;
    5A1 : 11111011;
    5A2 : 11111011;
    5A3 : 11111011;
    5A4 : 11111011;
    5A5 : 11111011;
    5A6 : 11111010;
    5A7 : 11111010;
    5A8 : 11111011;
    5A9 : 11111011;
    5AA : 11111011;
    5AB : 11111010;
    5AC : 11111011;
    5AD : 11111011;
    5AE : 11111011;
    5AF : 11111011;
    5B0 : 11111010;
    5B1 : 11111011;
    5B2 : 11111011;
    5B3 : 11111011;
    5B4 : 11111011;
    5B5 : 11111011;
    5B6 : 11111010;
    5B7 : 11111010;
    5B8 : 11111011;
    5B9 : 11111010;
    5BA : 11111010;
    5BB : 11111010;
    5BC : 11111010;
    5BD : 11111010;
    5BE : 11111011;
    5BF : 11111011;
    5C0 : 11111011;
    5C1 : 11111011;
    5C2 : 11111011;
    5C3 : 11111011;
    5C4 : 11111011;
    5C5 : 11111010;
    5C6 : 11111010;
    5C7 : 11111011;
    5C8 : 11111011;
    5C9 : 11111011;
    5CA : 11111011;
    5CB : 11111010;
    5CC : 11111011;
    5CD : 11111011;
    5CE : 11111011;
    5CF : 11111011;
    5D0 : 11111011;
    5D1 : 11111011;
    5D2 : 11111010;
    5D3 : 11111010;
    5D4 : 11111010;
    5D5 : 11111011;
    5D6 : 11111011;
    5D7 : 11111010;
    5D8 : 11111011;
    5D9 : 11111011;
    5DA : 11111010;
    5DB : 11111011;
    5DC : 11111010;
    5DD : 11111011;
    5DE : 11111011;
    5DF : 11111011;
    5E0 : 11111011;
    5E1 : 11111010;
    5E2 : 11111011;
    5E3 : 11111011;
    5E4 : 11111011;
    5E5 : 11111011;
    5E6 : 11111010;
    5E7 : 11111011;
    5E8 : 11111011;
    5E9 : 11111011;
    5EA : 11111011;
    5EB : 11111010;
    5EC : 11111010;
    5ED : 11111011;
    5EE : 11111011;
    5EF : 11111010;
    5F0 : 11111011;
    5F1 : 11111011;
    5F2 : 11111011;
    5F3 : 11111011;
    5F4 : 11111011;
    5F5 : 11111011;
    5F6 : 11111011;
    5F7 : 11111010;
    5F8 : 11111011;
    5F9 : 11111011;
    5FA : 11111011;
    5FB : 11111011;
    5FC : 11111011;
    5FD : 11111011;
    5FE : 11111011;
    5FF : 11111010;
    600 : 11111010;
    601 : 11111011;
    602 : 11111010;
    603 : 11111010;
    604 : 11111011;
    605 : 11111011;
    606 : 11111010;
    607 : 11111011;
    608 : 11111011;
    609 : 11111010;
    60A : 11111010;
    60B : 11111011;
    60C : 11111010;
    60D : 11111010;
    60E : 11111010;
    60F : 11111010;
    610 : 11111011;
    611 : 11111011;
    612 : 11111011;
    613 : 11111010;
    614 : 11111011;
    615 : 11111010;
    616 : 11111010;
    617 : 11111010;
    618 : 11111010;
    619 : 11111011;
    61A : 11111011;
    61B : 11111011;
    61C : 11111011;
    61D : 11111011;
    61E : 11111011;
    61F : 11111010;
    620 : 11111010;
    621 : 11111011;
    622 : 11111011;
    623 : 11111010;
    624 : 11111011;
    625 : 11111011;
    626 : 11111010;
    627 : 11111010;
    628 : 11111011;
    629 : 11111010;
    62A : 11111010;
    62B : 11111011;
    62C : 11111011;
    62D : 11111011;
    62E : 11111011;
    62F : 11111010;
    630 : 11111010;
    631 : 11111011;
    632 : 11111011;
    633 : 11111011;
    634 : 11111010;
    635 : 11111010;
    636 : 11111010;
    637 : 11111011;
    638 : 11111011;
    639 : 11111011;
    63A : 11111011;
    63B : 11111011;
    63C : 11111011;
    63D : 11111011;
    63E : 11111011;
    63F : 11111011;
    640 : 11111011;
    641 : 11111011;
    642 : 11111011;
    643 : 11111011;
    644 : 11111010;
    645 : 11111010;
    646 : 11111011;
    647 : 11111011;
    648 : 11111011;
    649 : 11111011;
    64A : 11111010;
    64B : 11111010;
    64C : 11111010;
    64D : 11111011;
    64E : 11111011;
    64F : 11111011;
    650 : 11111011;
    651 : 11111011;
    652 : 11111011;
    653 : 11111010;
    654 : 11111010;
    655 : 11111011;
    656 : 11111010;
    657 : 11111011;
    658 : 11111011;
    659 : 11111011;
    65A : 11111010;
    65B : 11111010;
    65C : 11111010;
    65D : 11111010;
    65E : 11111011;
    65F : 11111010;
    660 : 11111010;
    661 : 11111011;
    662 : 11111011;
    663 : 11111010;
    664 : 11111011;
    665 : 11111011;
    666 : 11111011;
    667 : 11111011;
    668 : 11111011;
    669 : 11111011;
    66A : 11111011;
    66B : 11111011;
    66C : 11111010;
    66D : 11111011;
    66E : 11111011;
    66F : 11111011;
    670 : 11111011;
    671 : 11111011;
    672 : 11111010;
    673 : 11111010;
    674 : 11111010;
    675 : 11111010;
    676 : 11111011;
    677 : 11111010;
    678 : 11111010;
    679 : 11111011;
    67A : 11111011;
    67B : 11111011;
    67C : 11111011;
    67D : 11111010;
    67E : 11111011;
    67F : 11111011;
    680 : 11111010;
    681 : 11111011;
    682 : 11111010;
    683 : 11111011;
    684 : 11111011;
    685 : 11111011;
    686 : 11111011;
    687 : 11111011;
    688 : 11111011;
    689 : 11111010;
    68A : 11111011;
    68B : 11111011;
    68C : 11111011;
    68D : 11111011;
    68E : 11111010;
    68F : 11111010;
    690 : 11111011;
    691 : 11111011;
    692 : 11111011;
    693 : 11111011;
    694 : 11111011;
    695 : 11111011;
    696 : 11111011;
    697 : 11111011;
    698 : 11111011;
    699 : 11111011;
    69A : 11111011;
    69B : 11111011;
    69C : 11111011;
    69D : 11111011;
    69E : 11111010;
    69F : 11111010;
    6A0 : 11111011;
    6A1 : 11111010;
    6A2 : 11111010;
    6A3 : 11111011;
    6A4 : 11111011;
    6A5 : 11111010;
    6A6 : 11111010;
    6A7 : 11111011;
    6A8 : 11111010;
    6A9 : 11111010;
    6AA : 11111010;
    6AB : 11111010;
    6AC : 11111010;
    6AD : 11111011;
    6AE : 11111010;
    6AF : 11111011;
    6B0 : 11111011;
    6B1 : 11111010;
    6B2 : 11111011;
    6B3 : 11111010;
    6B4 : 11111011;
    6B5 : 11111011;
    6B6 : 11111011;
    6B7 : 11111010;
    6B8 : 11111011;
    6B9 : 11111011;
    6BA : 11111011;
    6BB : 11111010;
    6BC : 11111010;
    6BD : 11111010;
    6BE : 11111010;
    6BF : 11111010;
    6C0 : 11111011;
    6C1 : 11111011;
    6C2 : 11111011;
    6C3 : 11111010;
    6C4 : 11111010;
    6C5 : 11111011;
    6C6 : 11111010;
    6C7 : 11111010;
    6C8 : 11111010;
    6C9 : 11111010;
    6CA : 11111011;
    6CB : 11111010;
    6CC : 11111011;
    6CD : 11111011;
    6CE : 11111011;
    6CF : 11111011;
    6D0 : 11111011;
    6D1 : 11111011;
    6D2 : 11111010;
    6D3 : 11111011;
    6D4 : 11111010;
    6D5 : 11111010;
    6D6 : 11111011;
    6D7 : 11111011;
    6D8 : 11111011;
    6D9 : 11111011;
    6DA : 11111011;
    6DB : 11111011;
    6DC : 11111011;
    6DD : 11111011;
    6DE : 11111011;
    6DF : 11111011;
    6E0 : 11111011;
    6E1 : 11111011;
    6E2 : 11111011;
    6E3 : 11111011;
    6E4 : 11111011;
    6E5 : 11111011;
    6E6 : 11111011;
    6E7 : 11111011;
    6E8 : 11111011;
    6E9 : 11111011;
    6EA : 11111011;
    6EB : 11111011;
    6EC : 11111011;
    6ED : 11111011;
    6EE : 11111011;
    6EF : 11111011;
    6F0 : 11111011;
    6F1 : 11111011;
    6F2 : 11111011;
    6F3 : 11111011;
    6F4 : 11111011;
    6F5 : 11111011;
    6F6 : 11111011;
    6F7 : 11111010;
    6F8 : 11111010;
    6F9 : 11111011;
    6FA : 11111011;
    6FB : 11111011;
    6FC : 11111010;
    6FD : 11111010;
    6FE : 11111011;
    6FF : 11111010;
    700 : 11111010;
    701 : 11111011;
    702 : 11111010;
    703 : 11111011;
    704 : 11111011;
    705 : 11111011;
    706 : 11111011;
    707 : 11111011;
    708 : 11111011;
    709 : 11111011;
    70A : 11111011;
    70B : 11111011;
    70C : 11111011;
    70D : 11111011;
    70E : 11111011;
    70F : 11111011;
    710 : 11111011;
    711 : 11111011;
    712 : 11111011;
    713 : 11111010;
    714 : 11111011;
    715 : 11111011;
    716 : 11111011;
    717 : 11111011;
    718 : 11111011;
    719 : 11111010;
    71A : 11111011;
    71B : 11111011;
    71C : 11111011;
    71D : 11111010;
    71E : 11111010;
    71F : 11111010;
    720 : 11111011;
    721 : 11111011;
    722 : 11111011;
    723 : 11111011;
    724 : 11111011;
    725 : 11111011;
    726 : 11111011;
    727 : 11111011;
    728 : 11111011;
    729 : 11111011;
    72A : 11111010;
    72B : 11111011;
    72C : 11111011;
    72D : 11111011;
    72E : 11111011;
    72F : 11111011;
    730 : 11111011;
    731 : 11111010;
    732 : 11111011;
    733 : 11111011;
    734 : 11111010;
    735 : 11111011;
    736 : 11111011;
    737 : 11111011;
    738 : 11111011;
    739 : 11111011;
    73A : 11111010;
    73B : 11111011;
    73C : 11111010;
    73D : 11111011;
    73E : 11111011;
    73F : 11111011;
    740 : 11111011;
    741 : 11111010;
    742 : 11111010;
    743 : 11111011;
    744 : 11111011;
    745 : 11111010;
    746 : 11111011;
    747 : 11111011;
    748 : 11111011;
    749 : 11111011;
    74A : 11111011;
    74B : 11111011;
    74C : 11111011;
    74D : 11111011;
    74E : 11111011;
    74F : 11111011;
    750 : 11111011;
    751 : 11111011;
    752 : 11111011;
    753 : 11111011;
    754 : 11111011;
    755 : 11111011;
    756 : 11111011;
    757 : 11111011;
    758 : 11111011;
    759 : 11111011;
    75A : 11111011;
    75B : 11111011;
    75C : 11111011;
    75D : 11111011;
    75E : 11111011;
    75F : 11111010;
    760 : 11111010;
    761 : 11111011;
    762 : 11111011;
    763 : 11111011;
    764 : 11111011;
    765 : 11111011;
    766 : 11111010;
    767 : 11111011;
    768 : 11111010;
    769 : 11111010;
    76A : 11111011;
    76B : 11111011;
    76C : 11111011;
    76D : 11111011;
    76E : 11111011;
    76F : 11111011;
    770 : 11111011;
    771 : 11111011;
    772 : 11111011;
    773 : 11111011;
    774 : 11111011;
    775 : 11111011;
    776 : 11111011;
    777 : 11111011;
    778 : 11111011;
    779 : 11111011;
    77A : 11111011;
    77B : 11111011;
    77C : 11111011;
    77D : 11111011;
    77E : 11111011;
    77F : 11111011;
    780 : 11111011;
    781 : 11111011;
    782 : 11111011;
    783 : 11111011;
    784 : 11111011;
    785 : 11111010;
    786 : 11111011;
    787 : 11111010;
    788 : 11111010;
    789 : 11111010;
    78A : 11111011;
    78B : 11111011;
    78C : 11111010;
    78D : 11111011;
    78E : 11111011;
    78F : 11111011;
    790 : 11111011;
    791 : 11111011;
    792 : 11111010;
    793 : 11111011;
    794 : 11111011;
    795 : 11111010;
    796 : 11111010;
    797 : 11111010;
    798 : 11111010;
    799 : 11111010;
    79A : 11111010;
    79B : 11111010;
    79C : 11111010;
    79D : 11111010;
    79E : 11111010;
    79F : 11111010;
    7A0 : 11111010;
    7A1 : 11111010;
    7A2 : 11111010;
    7A3 : 11111010;
    7A4 : 11111010;
    7A5 : 11111011;
    7A6 : 11111011;
    7A7 : 11111011;
    7A8 : 11111010;
    7A9 : 11111010;
    7AA : 11111011;
    7AB : 11111011;
    7AC : 11111011;
    7AD : 11111011;
    7AE : 11111011;
    7AF : 11111011;
    7B0 : 11111011;
    7B1 : 11111011;
    7B2 : 11111011;
    7B3 : 11111011;
    7B4 : 11111011;
    7B5 : 11111010;
    7B6 : 11111010;
    7B7 : 11111010;
    7B8 : 11111010;
    7B9 : 11111010;
    7BA : 11111010;
    7BB : 11111011;
    7BC : 11111011;
    7BD : 11111011;
    7BE : 11111010;
    7BF : 11111011;
    7C0 : 11111011;
    7C1 : 11111010;
    7C2 : 11111010;
    7C3 : 11111011;
    7C4 : 11111011;
    7C5 : 11111011;
    7C6 : 11111010;
    7C7 : 11111011;
    7C8 : 11111011;
    7C9 : 11111010;
    7CA : 11111010;
    7CB : 11111010;
    7CC : 11111010;
    7CD : 11111010;
    7CE : 11111011;
    7CF : 11111011;
    7D0 : 11111011;
    7D1 : 11111011;
    7D2 : 11111011;
    7D3 : 11111010;
    7D4 : 11111011;
    7D5 : 11111010;
    7D6 : 11111011;
    7D7 : 11111011;
    7D8 : 11111011;
    7D9 : 11111011;
    7DA : 11111011;
    7DB : 11111010;
    7DC : 11111011;
    7DD : 11111010;
    7DE : 11111011;
    7DF : 11111011;
    7E0 : 11111010;
    7E1 : 11111011;
    7E2 : 11111010;
    7E3 : 11111010;
    7E4 : 11111010;
    7E5 : 11111011;
    7E6 : 11111010;
    7E7 : 11111010;
    7E8 : 11111011;
    7E9 : 11111011;
    7EA : 11111010;
    7EB : 11111010;
    7EC : 11111010;
    7ED : 11111010;
    7EE : 11111011;
    7EF : 11111011;
    7F0 : 11111010;
    7F1 : 11111010;
    7F2 : 11111011;
    7F3 : 11111011;
    7F4 : 11111011;
    7F5 : 11111010;
    7F6 : 11111010;
    7F7 : 11111010;
    7F8 : 11111011;
    7F9 : 11111010;
    7FA : 11111011;
    7FB : 11111011;
    7FC : 11111011;
    7FD : 11111010;
    7FE : 11111010;
    7FF : 11111010;
    800 : 11111010;
    801 : 11111011;
    802 : 11111011;
    803 : 11111010;
    804 : 11111011;
    805 : 11111010;
    806 : 11111011;
    807 : 11111011;
    808 : 11111011;
    809 : 11111011;
    80A : 11111011;
    80B : 11111011;
    80C : 11111011;
    80D : 11111011;
    80E : 11111011;
    80F : 11111011;
    810 : 11111011;
    811 : 11111011;
    812 : 11111011;
    813 : 11111011;
    814 : 11111011;
    815 : 11111011;
    816 : 11111010;
    817 : 11111011;
    818 : 11111011;
    819 : 11111011;
    81A : 11111010;
    81B : 11111011;
    81C : 11111011;
    81D : 11111011;
    81E : 11111011;
    81F : 11111011;
    820 : 11111011;
    821 : 11111011;
    822 : 11111010;
    823 : 11111011;
    824 : 11111011;
    825 : 11111011;
    826 : 11111011;
    827 : 11111011;
    828 : 11111011;
    829 : 11111011;
    82A : 11111011;
    82B : 11111011;
    82C : 11111010;
    82D : 11111010;
    82E : 11111011;
    82F : 11111011;
    830 : 11111011;
    831 : 11111010;
    832 : 11111011;
    833 : 11111011;
    834 : 11111010;
    835 : 11111011;
    836 : 11111011;
    837 : 11111010;
    838 : 11111000;
    839 : 11110111;
    83A : 11110111;
    83B : 11111001;
    83C : 11111001;
    83D : 11111010;
    83E : 11111001;
    83F : 11110111;
    840 : 11110111;
    841 : 11111001;
    842 : 11111010;
    843 : 11111010;
    844 : 11111010;
    845 : 11111011;
    846 : 11111010;
    847 : 11111011;
    848 : 11111011;
    849 : 11111010;
    84A : 11111011;
    84B : 11111011;
    84C : 11111011;
    84D : 11111011;
    84E : 11111011;
    84F : 11111011;
    850 : 11111011;
    851 : 11111011;
    852 : 11111011;
    853 : 11111011;
    854 : 11111011;
    855 : 11111011;
    856 : 11111011;
    857 : 11111010;
    858 : 11111010;
    859 : 11111010;
    85A : 11111010;
    85B : 11111011;
    85C : 11111011;
    85D : 11111011;
    85E : 11111010;
    85F : 11111011;
    860 : 11111011;
    861 : 11111011;
    862 : 11111011;
    863 : 11111011;
    864 : 11111011;
    865 : 11111011;
    866 : 11111011;
    867 : 11111011;
    868 : 11111011;
    869 : 11111010;
    86A : 11111010;
    86B : 11111011;
    86C : 11111010;
    86D : 11110111;
    86E : 11110111;
    86F : 11110111;
    870 : 11111010;
    871 : 11111011;
    872 : 11111010;
    873 : 11111011;
    874 : 11111011;
    875 : 11111010;
    876 : 11111011;
    877 : 11111011;
    878 : 11111011;
    879 : 11111011;
    87A : 11111011;
    87B : 11111011;
    87C : 11111011;
    87D : 11111010;
    87E : 11111010;
    87F : 11111011;
    880 : 11111011;
    881 : 11111011;
    882 : 11111010;
    883 : 11111010;
    884 : 11111010;
    885 : 11111011;
    886 : 11111011;
    887 : 11111010;
    888 : 11111011;
    889 : 11111011;
    88A : 11111010;
    88B : 11111010;
    88C : 11111011;
    88D : 11111010;
    88E : 11111010;
    88F : 11111011;
    890 : 11111011;
    891 : 11111010;
    892 : 11111011;
    893 : 11111011;
    894 : 11111011;
    895 : 11111010;
    896 : 11111010;
    897 : 11111011;
    898 : 11111011;
    899 : 11111010;
    89A : 11111010;
    89B : 11111001;
    89C : 11110111;
    89D : 11110111;
    89E : 11111000;
    89F : 11111000;
    8A0 : 11111000;
    8A1 : 11110111;
    8A2 : 11110111;
    8A3 : 11111001;
    8A4 : 11111010;
    8A5 : 11111011;
    8A6 : 11111011;
    8A7 : 11111011;
    8A8 : 11111011;
    8A9 : 11111011;
    8AA : 11111010;
    8AB : 11111010;
    8AC : 11111011;
    8AD : 11111011;
    8AE : 11111011;
    8AF : 11111011;
    8B0 : 11111011;
    8B1 : 11111011;
    8B2 : 11111011;
    8B3 : 11111011;
    8B4 : 11111011;
    8B5 : 11111011;
    8B6 : 11111010;
    8B7 : 11111011;
    8B8 : 11111011;
    8B9 : 11111011;
    8BA : 11111011;
    8BB : 11111011;
    8BC : 11111011;
    8BD : 11111011;
    8BE : 11111011;
    8BF : 11111011;
    8C0 : 11111011;
    8C1 : 11111011;
    8C2 : 11111011;
    8C3 : 11111011;
    8C4 : 11111011;
    8C5 : 11111011;
    8C6 : 11111011;
    8C7 : 11111011;
    8C8 : 11111011;
    8C9 : 11111010;
    8CA : 11111011;
    8CB : 11111011;
    8CC : 11111011;
    8CD : 11111011;
    8CE : 11111011;
    8CF : 11111011;
    8D0 : 11111010;
    8D1 : 11111010;
    8D2 : 11111010;
    8D3 : 11111011;
    8D4 : 11111011;
    8D5 : 11111011;
    8D6 : 11111000;
    8D7 : 11111001;
    8D8 : 11111111;
    8D9 : 11111111;
    8DA : 11111111;
    8DB : 11111111;
    8DC : 11111111;
    8DD : 11111111;
    8DE : 11111111;
    8DF : 11111111;
    8E0 : 11111111;
    8E1 : 11111111;
    8E2 : 11111000;
    8E3 : 11111000;
    8E4 : 11111011;
    8E5 : 11111011;
    8E6 : 11111011;
    8E7 : 11111011;
    8E8 : 11111011;
    8E9 : 11111011;
    8EA : 11111011;
    8EB : 11111011;
    8EC : 11111011;
    8ED : 11111011;
    8EE : 11111010;
    8EF : 11111011;
    8F0 : 11111011;
    8F1 : 11111011;
    8F2 : 11111011;
    8F3 : 11111010;
    8F4 : 11111010;
    8F5 : 11111010;
    8F6 : 11111011;
    8F7 : 11111011;
    8F8 : 11111011;
    8F9 : 11111011;
    8FA : 11111011;
    8FB : 11111010;
    8FC : 11111011;
    8FD : 11111011;
    8FE : 11111011;
    8FF : 11111011;
    900 : 11111010;
    901 : 11111011;
    902 : 11111011;
    903 : 11111011;
    904 : 11111010;
    905 : 11111011;
    906 : 11111011;
    907 : 11111011;
    908 : 11111000;
    909 : 11110111;
    90A : 11110111;
    90B : 11110111;
    90C : 11111011;
    90D : 11111111;
    90E : 11111111;
    90F : 11111111;
    910 : 11111110;
    911 : 11110111;
    912 : 11111000;
    913 : 11110111;
    914 : 11111000;
    915 : 11111010;
    916 : 11111011;
    917 : 11111011;
    918 : 11111010;
    919 : 11111010;
    91A : 11111011;
    91B : 11111011;
    91C : 11111011;
    91D : 11111010;
    91E : 11111010;
    91F : 11111011;
    920 : 11111010;
    921 : 11111010;
    922 : 11111010;
    923 : 11111010;
    924 : 11111011;
    925 : 11111011;
    926 : 11111011;
    927 : 11111010;
    928 : 11111010;
    929 : 11111011;
    92A : 11111011;
    92B : 11111010;
    92C : 11111010;
    92D : 11111011;
    92E : 11111010;
    92F : 11111010;
    930 : 11111011;
    931 : 11111011;
    932 : 11111011;
    933 : 11111011;
    934 : 11111010;
    935 : 11111010;
    936 : 11111011;
    937 : 11111011;
    938 : 11111010;
    939 : 11110111;
    93A : 11111000;
    93B : 11111111;
    93C : 11111111;
    93D : 11111111;
    93E : 11111111;
    93F : 11111111;
    940 : 11111111;
    941 : 11111111;
    942 : 11111111;
    943 : 11111111;
    944 : 11111010;
    945 : 11111000;
    946 : 11111011;
    947 : 11111011;
    948 : 11111010;
    949 : 11111010;
    94A : 11111011;
    94B : 11111011;
    94C : 11111011;
    94D : 11111011;
    94E : 11111011;
    94F : 11111011;
    950 : 11111011;
    951 : 11111011;
    952 : 11111011;
    953 : 11111011;
    954 : 11111010;
    955 : 11111011;
    956 : 11111011;
    957 : 11111011;
    958 : 11111011;
    959 : 11111011;
    95A : 11111011;
    95B : 11111011;
    95C : 11111011;
    95D : 11111010;
    95E : 11111010;
    95F : 11111011;
    960 : 11111011;
    961 : 11111011;
    962 : 11111011;
    963 : 11111011;
    964 : 11111011;
    965 : 11111011;
    966 : 11111011;
    967 : 11111011;
    968 : 11111011;
    969 : 11111011;
    96A : 11111011;
    96B : 11111011;
    96C : 11111010;
    96D : 11111011;
    96E : 11111011;
    96F : 11111011;
    970 : 11111011;
    971 : 11111011;
    972 : 11111011;
    973 : 11111011;
    974 : 11111010;
    975 : 11110111;
    976 : 11111111;
    977 : 11111111;
    978 : 11010010;
    979 : 10010011;
    97A : 01100100;
    97B : 01001011;
    97C : 01000100;
    97D : 01000100;
    97E : 01001011;
    97F : 01100100;
    980 : 10010110;
    981 : 11010111;
    982 : 11111111;
    983 : 11111111;
    984 : 11110111;
    985 : 11111010;
    986 : 11111011;
    987 : 11111011;
    988 : 11111011;
    989 : 11111011;
    98A : 11111011;
    98B : 11111011;
    98C : 11111011;
    98D : 11111011;
    98E : 11111011;
    98F : 11111011;
    990 : 11111011;
    991 : 11111011;
    992 : 11111011;
    993 : 11111011;
    994 : 11111010;
    995 : 11111010;
    996 : 11111011;
    997 : 11111010;
    998 : 11111011;
    999 : 11111011;
    99A : 11111011;
    99B : 11111011;
    99C : 11111011;
    99D : 11111011;
    99E : 11111011;
    99F : 11111010;
    9A0 : 11111011;
    9A1 : 11111011;
    9A2 : 11111010;
    9A3 : 11111011;
    9A4 : 11111011;
    9A5 : 11111011;
    9A6 : 11111011;
    9A7 : 11111000;
    9A8 : 11111111;
    9A9 : 11111111;
    9AA : 11111111;
    9AB : 11111111;
    9AC : 11111011;
    9AD : 10101100;
    9AE : 10000000;
    9AF : 10011111;
    9B0 : 11101100;
    9B1 : 11111111;
    9B2 : 11111111;
    9B3 : 11111111;
    9B4 : 11111111;
    9B5 : 11111001;
    9B6 : 11111000;
    9B7 : 11111011;
    9B8 : 11111011;
    9B9 : 11111011;
    9BA : 11111011;
    9BB : 11111011;
    9BC : 11111011;
    9BD : 11111011;
    9BE : 11111011;
    9BF : 11111011;
    9C0 : 11111011;
    9C1 : 11111011;
    9C2 : 11111011;
    9C3 : 11111010;
    9C4 : 11111011;
    9C5 : 11111011;
    9C6 : 11111010;
    9C7 : 11111011;
    9C8 : 11111011;
    9C9 : 11111011;
    9CA : 11111011;
    9CB : 11111011;
    9CC : 11111010;
    9CD : 11111010;
    9CE : 11111010;
    9CF : 11111011;
    9D0 : 11111011;
    9D1 : 11111011;
    9D2 : 11111011;
    9D3 : 11111011;
    9D4 : 11111011;
    9D5 : 11111010;
    9D6 : 11111011;
    9D7 : 11111001;
    9D8 : 11111001;
    9D9 : 11111111;
    9DA : 11111111;
    9DB : 11011110;
    9DC : 10100011;
    9DD : 01110011;
    9DE : 01011110;
    9DF : 01011000;
    9E0 : 01011110;
    9E1 : 01110001;
    9E2 : 10010111;
    9E3 : 11010000;
    9E4 : 11111111;
    9E5 : 11111111;
    9E6 : 11111001;
    9E7 : 11111001;
    9E8 : 11111011;
    9E9 : 11111010;
    9EA : 11111011;
    9EB : 11111011;
    9EC : 11111011;
    9ED : 11111010;
    9EE : 11111011;
    9EF : 11111011;
    9F0 : 11111010;
    9F1 : 11111011;
    9F2 : 11111011;
    9F3 : 11111011;
    9F4 : 11111010;
    9F5 : 11111011;
    9F6 : 11111011;
    9F7 : 11111010;
    9F8 : 11111010;
    9F9 : 11111011;
    9FA : 11111010;
    9FB : 11111011;
    9FC : 11111011;
    9FD : 11111011;
    9FE : 11111011;
    9FF : 11111011;
    A00 : 11111011;
    A01 : 11111011;
    A02 : 11111010;
    A03 : 11111011;
    A04 : 11111011;
    A05 : 11111011;
    A06 : 11111011;
    A07 : 11111011;
    A08 : 11111011;
    A09 : 11111011;
    A0A : 11111010;
    A0B : 11111011;
    A0C : 11111011;
    A0D : 11111010;
    A0E : 11111011;
    A0F : 11111011;
    A10 : 11111011;
    A11 : 11111011;
    A12 : 11111011;
    A13 : 11111010;
    A14 : 11111010;
    A15 : 11111111;
    A16 : 11000000;
    A17 : 01000111;
    A18 : 00011110;
    A19 : 00101010;
    A1A : 01000000;
    A1B : 01010001;
    A1C : 01011011;
    A1D : 01011101;
    A1E : 01010100;
    A1F : 00111110;
    A20 : 00100100;
    A21 : 00011011;
    A22 : 01010010;
    A23 : 11000111;
    A24 : 11111111;
    A25 : 11111011;
    A26 : 11111010;
    A27 : 11111011;
    A28 : 11111011;
    A29 : 11111011;
    A2A : 11111010;
    A2B : 11111011;
    A2C : 11111011;
    A2D : 11111011;
    A2E : 11111011;
    A2F : 11111011;
    A30 : 11111011;
    A31 : 11111011;
    A32 : 11111011;
    A33 : 11111011;
    A34 : 11111010;
    A35 : 11111010;
    A36 : 11111011;
    A37 : 11111010;
    A38 : 11111011;
    A39 : 11111011;
    A3A : 11111011;
    A3B : 11111011;
    A3C : 11111010;
    A3D : 11111010;
    A3E : 11111011;
    A3F : 11111011;
    A40 : 11111011;
    A41 : 11111011;
    A42 : 11111010;
    A43 : 11111010;
    A44 : 11111010;
    A45 : 11111000;
    A46 : 11111000;
    A47 : 11111111;
    A48 : 11000110;
    A49 : 01110010;
    A4A : 10000000;
    A4B : 11000010;
    A4C : 01010001;
    A4D : 00001110;
    A4E : 00010110;
    A4F : 00010001;
    A50 : 00110010;
    A51 : 10110101;
    A52 : 10110010;
    A53 : 10101000;
    A54 : 11010001;
    A55 : 11111111;
    A56 : 11111111;
    A57 : 11111000;
    A58 : 11111011;
    A59 : 11111011;
    A5A : 11111011;
    A5B : 11111010;
    A5C : 11111011;
    A5D : 11111010;
    A5E : 11111010;
    A5F : 11111010;
    A60 : 11111010;
    A61 : 11111010;
    A62 : 11111010;
    A63 : 11111010;
    A64 : 11111010;
    A65 : 11111010;
    A66 : 11111011;
    A67 : 11111011;
    A68 : 11111011;
    A69 : 11111011;
    A6A : 11111010;
    A6B : 11111011;
    A6C : 11111010;
    A6D : 11111011;
    A6E : 11111011;
    A6F : 11111010;
    A70 : 11111011;
    A71 : 11111010;
    A72 : 11111011;
    A73 : 11111011;
    A74 : 11111011;
    A75 : 11111011;
    A76 : 11110111;
    A77 : 11111111;
    A78 : 11111111;
    A79 : 10110111;
    A7A : 01010010;
    A7B : 00100000;
    A7C : 00011101;
    A7D : 00101011;
    A7E : 00110101;
    A7F : 00111010;
    A80 : 00110111;
    A81 : 00101010;
    A82 : 00011011;
    A83 : 00011000;
    A84 : 01000101;
    A85 : 10110010;
    A86 : 11111111;
    A87 : 11111101;
    A88 : 11111000;
    A89 : 11111011;
    A8A : 11111011;
    A8B : 11111011;
    A8C : 11111011;
    A8D : 11111011;
    A8E : 11111011;
    A8F : 11111010;
    A90 : 11111011;
    A91 : 11111010;
    A92 : 11111011;
    A93 : 11111011;
    A94 : 11111011;
    A95 : 11111011;
    A96 : 11111011;
    A97 : 11111011;
    A98 : 11111010;
    A99 : 11111010;
    A9A : 11111011;
    A9B : 11111011;
    A9C : 11111011;
    A9D : 11111011;
    A9E : 11111011;
    A9F : 11111011;
    AA0 : 11111011;
    AA1 : 11111011;
    AA2 : 11111010;
    AA3 : 11111010;
    AA4 : 11111011;
    AA5 : 11111011;
    AA6 : 11111011;
    AA7 : 11111011;
    AA8 : 11111011;
    AA9 : 11111011;
    AAA : 11111011;
    AAB : 11111011;
    AAC : 11111011;
    AAD : 11111011;
    AAE : 11111011;
    AAF : 11111011;
    AB0 : 11111011;
    AB1 : 11111011;
    AB2 : 11111010;
    AB3 : 11111000;
    AB4 : 11111111;
    AB5 : 10000110;
    AB6 : 00010101;
    AB7 : 01010010;
    AB8 : 10001010;
    AB9 : 10011101;
    ABA : 10100010;
    ABB : 10100001;
    ABC : 10100001;
    ABD : 10100001;
    ABE : 10100001;
    ABF : 10100010;
    AC0 : 10011011;
    AC1 : 10000000;
    AC2 : 00111110;
    AC3 : 00010001;
    AC4 : 01111011;
    AC5 : 11111111;
    AC6 : 11111011;
    AC7 : 11111010;
    AC8 : 11111011;
    AC9 : 11111011;
    ACA : 11111011;
    ACB : 11111011;
    ACC : 11111011;
    ACD : 11111011;
    ACE : 11111011;
    ACF : 11111011;
    AD0 : 11111011;
    AD1 : 11111010;
    AD2 : 11111011;
    AD3 : 11111011;
    AD4 : 11111011;
    AD5 : 11111010;
    AD6 : 11111011;
    AD7 : 11111010;
    AD8 : 11111010;
    AD9 : 11111011;
    ADA : 11111011;
    ADB : 11111011;
    ADC : 11111011;
    ADD : 11111010;
    ADE : 11111011;
    ADF : 11111010;
    AE0 : 11111011;
    AE1 : 11111011;
    AE2 : 11111010;
    AE3 : 11110111;
    AE4 : 11111101;
    AE5 : 11111111;
    AE6 : 11111111;
    AE7 : 10011111;
    AE8 : 00010010;
    AE9 : 00010111;
    AEA : 00010111;
    AEB : 00010101;
    AEC : 00011110;
    AED : 00110101;
    AEE : 00111000;
    AEF : 00111000;
    AF0 : 00100011;
    AF1 : 00010101;
    AF2 : 00010101;
    AF3 : 00010011;
    AF4 : 00011011;
    AF5 : 01001110;
    AF6 : 11010100;
    AF7 : 11111111;
    AF8 : 11111000;
    AF9 : 11111011;
    AFA : 11111010;
    AFB : 11111010;
    AFC : 11111010;
    AFD : 11111010;
    AFE : 11111010;
    AFF : 11111010;
    B00 : 11111011;
    B01 : 11111011;
    B02 : 11111011;
    B03 : 11111010;
    B04 : 11111010;
    B05 : 11111010;
    B06 : 11111011;
    B07 : 11111011;
    B08 : 11111011;
    B09 : 11111011;
    B0A : 11111011;
    B0B : 11111011;
    B0C : 11111010;
    B0D : 11111011;
    B0E : 11111011;
    B0F : 11111011;
    B10 : 11111011;
    B11 : 11111011;
    B12 : 11111011;
    B13 : 11111011;
    B14 : 11111011;
    B15 : 11110111;
    B16 : 11111111;
    B17 : 11011111;
    B18 : 01001111;
    B19 : 00010101;
    B1A : 00111000;
    B1B : 01100011;
    B1C : 01110111;
    B1D : 01111100;
    B1E : 01111100;
    B1F : 01111101;
    B20 : 01111101;
    B21 : 01111100;
    B22 : 01110111;
    B23 : 01100110;
    B24 : 00110111;
    B25 : 00001001;
    B26 : 01100001;
    B27 : 11111110;
    B28 : 11111111;
    B29 : 11110111;
    B2A : 11111011;
    B2B : 11111010;
    B2C : 11111011;
    B2D : 11111011;
    B2E : 11111011;
    B2F : 11111011;
    B30 : 11111011;
    B31 : 11111011;
    B32 : 11111011;
    B33 : 11111011;
    B34 : 11111011;
    B35 : 11111011;
    B36 : 11111011;
    B37 : 11111011;
    B38 : 11111010;
    B39 : 11111010;
    B3A : 11111011;
    B3B : 11111011;
    B3C : 11111011;
    B3D : 11111011;
    B3E : 11111011;
    B3F : 11111011;
    B40 : 11111011;
    B41 : 11111011;
    B42 : 11111011;
    B43 : 11111011;
    B44 : 11111010;
    B45 : 11111011;
    B46 : 11111011;
    B47 : 11111011;
    B48 : 11111011;
    B49 : 11111011;
    B4A : 11111011;
    B4B : 11111010;
    B4C : 11111010;
    B4D : 11111011;
    B4E : 11111010;
    B4F : 11111010;
    B50 : 11111010;
    B51 : 11111010;
    B52 : 11110111;
    B53 : 11111111;
    B54 : 10000001;
    B55 : 00010110;
    B56 : 10001001;
    B57 : 10100100;
    B58 : 10011001;
    B59 : 10010101;
    B5A : 10010100;
    B5B : 10010100;
    B5C : 10010100;
    B5D : 10010100;
    B5E : 10010100;
    B5F : 10010100;
    B60 : 10010101;
    B61 : 10011011;
    B62 : 10100010;
    B63 : 01111011;
    B64 : 00010010;
    B65 : 01101010;
    B66 : 11111111;
    B67 : 11111000;
    B68 : 11111010;
    B69 : 11111011;
    B6A : 11111011;
    B6B : 11111011;
    B6C : 11111011;
    B6D : 11111011;
    B6E : 11111011;
    B6F : 11111011;
    B70 : 11111011;
    B71 : 11111011;
    B72 : 11111011;
    B73 : 11111011;
    B74 : 11111011;
    B75 : 11111011;
    B76 : 11111011;
    B77 : 11111011;
    B78 : 11111011;
    B79 : 11111011;
    B7A : 11111010;
    B7B : 11111011;
    B7C : 11111011;
    B7D : 11111010;
    B7E : 11111010;
    B7F : 11111011;
    B80 : 11111011;
    B81 : 11111010;
    B82 : 11111010;
    B83 : 11111111;
    B84 : 11101111;
    B85 : 11010101;
    B86 : 10111001;
    B87 : 00011101;
    B88 : 00101101;
    B89 : 00111001;
    B8A : 00110111;
    B8B : 00110010;
    B8C : 00110101;
    B8D : 00110100;
    B8E : 00110011;
    B8F : 00110100;
    B90 : 00110101;
    B91 : 00110001;
    B92 : 00110110;
    B93 : 00110111;
    B94 : 00110010;
    B95 : 00011010;
    B96 : 00100010;
    B97 : 11011000;
    B98 : 11111111;
    B99 : 11110110;
    B9A : 11111011;
    B9B : 11111011;
    B9C : 11111010;
    B9D : 11111010;
    B9E : 11111011;
    B9F : 11111011;
    BA0 : 11111011;
    BA1 : 11111010;
    BA2 : 11111011;
    BA3 : 11111011;
    BA4 : 11111010;
    BA5 : 11111010;
    BA6 : 11111010;
    BA7 : 11111011;
    BA8 : 11111011;
    BA9 : 11111011;
    BAA : 11111011;
    BAB : 11111011;
    BAC : 11111010;
    BAD : 11111011;
    BAE : 11111010;
    BAF : 11111010;
    BB0 : 11111011;
    BB1 : 11111011;
    BB2 : 11111011;
    BB3 : 11111011;
    BB4 : 11110111;
    BB5 : 11111111;
    BB6 : 11001101;
    BB7 : 00100000;
    BB8 : 00101110;
    BB9 : 01110000;
    BBA : 01111101;
    BBB : 01110111;
    BBC : 01110011;
    BBD : 01110011;
    BBE : 01110011;
    BBF : 01110011;
    BC0 : 01110011;
    BC1 : 01110011;
    BC2 : 01110100;
    BC3 : 01110111;
    BC4 : 01111100;
    BC5 : 01011111;
    BC6 : 00011111;
    BC7 : 00111010;
    BC8 : 11010101;
    BC9 : 11111111;
    BCA : 11110111;
    BCB : 11111011;
    BCC : 11111010;
    BCD : 11111011;
    BCE : 11111011;
    BCF : 11111011;
    BD0 : 11111011;
    BD1 : 11111011;
    BD2 : 11111011;
    BD3 : 11111011;
    BD4 : 11111011;
    BD5 : 11111011;
    BD6 : 11111011;
    BD7 : 11111010;
    BD8 : 11111011;
    BD9 : 11111011;
    BDA : 11111010;
    BDB : 11111011;
    BDC : 11111011;
    BDD : 11111011;
    BDE : 11111011;
    BDF : 11111010;
    BE0 : 11111011;
    BE1 : 11111011;
    BE2 : 11111011;
    BE3 : 11111011;
    BE4 : 11111011;
    BE5 : 11111011;
    BE6 : 11111011;
    BE7 : 11111011;
    BE8 : 11111011;
    BE9 : 11111011;
    BEA : 11111011;
    BEB : 11111011;
    BEC : 11111010;
    BED : 11111011;
    BEE : 11111010;
    BEF : 11111011;
    BF0 : 11111011;
    BF1 : 11111001;
    BF2 : 11111111;
    BF3 : 10101111;
    BF4 : 00100111;
    BF5 : 10000101;
    BF6 : 10011111;
    BF7 : 10010011;
    BF8 : 10010101;
    BF9 : 10010110;
    BFA : 10010110;
    BFB : 10010110;
    BFC : 10010110;
    BFD : 10010110;
    BFE : 10010110;
    BFF : 10010110;
    C00 : 10010110;
    C01 : 10010101;
    C02 : 10010011;
    C03 : 10011111;
    C04 : 10001100;
    C05 : 00010101;
    C06 : 10011100;
    C07 : 11111111;
    C08 : 11110111;
    C09 : 11111011;
    C0A : 11111011;
    C0B : 11111011;
    C0C : 11111011;
    C0D : 11111011;
    C0E : 11111010;
    C0F : 11111011;
    C10 : 11111011;
    C11 : 11111011;
    C12 : 11111011;
    C13 : 11111011;
    C14 : 11111011;
    C15 : 11111011;
    C16 : 11111011;
    C17 : 11111011;
    C18 : 11111011;
    C19 : 11111011;
    C1A : 11111011;
    C1B : 11111011;
    C1C : 11111010;
    C1D : 11111011;
    C1E : 11111011;
    C1F : 11111011;
    C20 : 11111010;
    C21 : 11111010;
    C22 : 11111111;
    C23 : 10010110;
    C24 : 00101101;
    C25 : 00011100;
    C26 : 00011001;
    C27 : 00101001;
    C28 : 00110110;
    C29 : 00110010;
    C2A : 00110011;
    C2B : 00110100;
    C2C : 00110011;
    C2D : 00110011;
    C2E : 00110100;
    C2F : 00110011;
    C30 : 00110100;
    C31 : 00110100;
    C32 : 00110100;
    C33 : 00110100;
    C34 : 00110100;
    C35 : 00111011;
    C36 : 00011000;
    C37 : 01011001;
    C38 : 11111111;
    C39 : 11111111;
    C3A : 11111000;
    C3B : 11111011;
    C3C : 11111011;
    C3D : 11111010;
    C3E : 11111011;
    C3F : 11111011;
    C40 : 11111011;
    C41 : 11111010;
    C42 : 11111011;
    C43 : 11111011;
    C44 : 11111010;
    C45 : 11111011;
    C46 : 11111011;
    C47 : 11111011;
    C48 : 11111011;
    C49 : 11111011;
    C4A : 11111011;
    C4B : 11111010;
    C4C : 11111010;
    C4D : 11111010;
    C4E : 11111010;
    C4F : 11111010;
    C50 : 11111010;
    C51 : 11111010;
    C52 : 11111011;
    C53 : 11111000;
    C54 : 11111111;
    C55 : 11101001;
    C56 : 00100101;
    C57 : 00111111;
    C58 : 01111110;
    C59 : 01110100;
    C5A : 01110010;
    C5B : 01110010;
    C5C : 01110010;
    C5D : 01110011;
    C5E : 01110100;
    C5F : 01110100;
    C60 : 01110100;
    C61 : 01110100;
    C62 : 01110100;
    C63 : 01110011;
    C64 : 01110010;
    C65 : 01110111;
    C66 : 01110111;
    C67 : 00111000;
    C68 : 00011100;
    C69 : 11001101;
    C6A : 11111111;
    C6B : 11110111;
    C6C : 11111011;
    C6D : 11111011;
    C6E : 11111011;
    C6F : 11111011;
    C70 : 11111011;
    C71 : 11111011;
    C72 : 11111011;
    C73 : 11111011;
    C74 : 11111011;
    C75 : 11111011;
    C76 : 11111010;
    C77 : 11111011;
    C78 : 11111011;
    C79 : 11111010;
    C7A : 11111011;
    C7B : 11111010;
    C7C : 11111011;
    C7D : 11111011;
    C7E : 11111011;
    C7F : 11111011;
    C80 : 11111011;
    C81 : 11111011;
    C82 : 11111011;
    C83 : 11111011;
    C84 : 11111011;
    C85 : 11111011;
    C86 : 11111010;
    C87 : 11111011;
    C88 : 11111011;
    C89 : 11111011;
    C8A : 11111011;
    C8B : 11111011;
    C8C : 11111010;
    C8D : 11111011;
    C8E : 11111010;
    C8F : 11111011;
    C90 : 11110111;
    C91 : 11111111;
    C92 : 10011101;
    C93 : 00010001;
    C94 : 10000111;
    C95 : 10011100;
    C96 : 10010011;
    C97 : 10010110;
    C98 : 10010110;
    C99 : 10010110;
    C9A : 10010110;
    C9B : 10010110;
    C9C : 10010110;
    C9D : 10010110;
    C9E : 10010110;
    C9F : 10010110;
    CA0 : 10010110;
    CA1 : 10010110;
    CA2 : 10010101;
    CA3 : 10010010;
    CA4 : 10100000;
    CA5 : 01110011;
    CA6 : 00011010;
    CA7 : 11011011;
    CA8 : 11111111;
    CA9 : 11111001;
    CAA : 11111011;
    CAB : 11111011;
    CAC : 11111011;
    CAD : 11111011;
    CAE : 11111010;
    CAF : 11111010;
    CB0 : 11111011;
    CB1 : 11111011;
    CB2 : 11111010;
    CB3 : 11111010;
    CB4 : 11111011;
    CB5 : 11111010;
    CB6 : 11111011;
    CB7 : 11111011;
    CB8 : 11111011;
    CB9 : 11111010;
    CBA : 11111011;
    CBB : 11111011;
    CBC : 11111010;
    CBD : 11111011;
    CBE : 11111011;
    CBF : 11111011;
    CC0 : 11111000;
    CC1 : 11111111;
    CC2 : 10001010;
    CC3 : 00001001;
    CC4 : 00101010;
    CC5 : 00110010;
    CC6 : 00110010;
    CC7 : 00110100;
    CC8 : 00110011;
    CC9 : 00110100;
    CCA : 00110100;
    CCB : 00110011;
    CCC : 00110100;
    CCD : 00110100;
    CCE : 00110100;
    CCF : 00110100;
    CD0 : 00110011;
    CD1 : 00110011;
    CD2 : 00110100;
    CD3 : 00110100;
    CD4 : 00110011;
    CD5 : 00110100;
    CD6 : 00110001;
    CD7 : 00011110;
    CD8 : 01100011;
    CD9 : 11000010;
    CDA : 11111111;
    CDB : 11111001;
    CDC : 11111011;
    CDD : 11111010;
    CDE : 11111011;
    CDF : 11111011;
    CE0 : 11111011;
    CE1 : 11111010;
    CE2 : 11111010;
    CE3 : 11111011;
    CE4 : 11111011;
    CE5 : 11111011;
    CE6 : 11111010;
    CE7 : 11111010;
    CE8 : 11111011;
    CE9 : 11111011;
    CEA : 11111011;
    CEB : 11111011;
    CEC : 11111011;
    CED : 11111010;
    CEE : 11111011;
    CEF : 11111011;
    CF0 : 11111010;
    CF1 : 11111011;
    CF2 : 11111010;
    CF3 : 11111010;
    CF4 : 11111111;
    CF5 : 01010101;
    CF6 : 00100111;
    CF7 : 01111011;
    CF8 : 01110100;
    CF9 : 01111010;
    CFA : 01111000;
    CFB : 01111010;
    CFC : 01111011;
    CFD : 01110100;
    CFE : 01110010;
    CFF : 01110011;
    D00 : 01110011;
    D01 : 01110011;
    D02 : 01110011;
    D03 : 01110011;
    D04 : 01110110;
    D05 : 01111010;
    D06 : 01111010;
    D07 : 01111111;
    D08 : 01000000;
    D09 : 00100101;
    D0A : 11100110;
    D0B : 11111111;
    D0C : 11111001;
    D0D : 11111011;
    D0E : 11111010;
    D0F : 11111011;
    D10 : 11111011;
    D11 : 11111011;
    D12 : 11111010;
    D13 : 11111011;
    D14 : 11111011;
    D15 : 11111011;
    D16 : 11111011;
    D17 : 11111010;
    D18 : 11111011;
    D19 : 11111010;
    D1A : 11111011;
    D1B : 11111011;
    D1C : 11111011;
    D1D : 11111011;
    D1E : 11111011;
    D1F : 11111011;
    D20 : 11111011;
    D21 : 11111011;
    D22 : 11111011;
    D23 : 11111011;
    D24 : 11111011;
    D25 : 11111011;
    D26 : 11111011;
    D27 : 11111011;
    D28 : 11111011;
    D29 : 11111011;
    D2A : 11111011;
    D2B : 11111011;
    D2C : 11111011;
    D2D : 11111010;
    D2E : 11111010;
    D2F : 11111000;
    D30 : 11111111;
    D31 : 11010000;
    D32 : 00010110;
    D33 : 01111000;
    D34 : 10011110;
    D35 : 10010110;
    D36 : 10011001;
    D37 : 10010110;
    D38 : 10010100;
    D39 : 10010110;
    D3A : 10010110;
    D3B : 10010110;
    D3C : 10010101;
    D3D : 10010110;
    D3E : 10010110;
    D3F : 10010110;
    D40 : 10010110;
    D41 : 10010101;
    D42 : 10011010;
    D43 : 10011001;
    D44 : 10010001;
    D45 : 10100010;
    D46 : 00111110;
    D47 : 01010110;
    D48 : 11111111;
    D49 : 11111000;
    D4A : 11111011;
    D4B : 11111011;
    D4C : 11111010;
    D4D : 11111011;
    D4E : 11111011;
    D4F : 11111010;
    D50 : 11111011;
    D51 : 11111011;
    D52 : 11111011;
    D53 : 11111010;
    D54 : 11111011;
    D55 : 11111011;
    D56 : 11111010;
    D57 : 11111011;
    D58 : 11111011;
    D59 : 11111011;
    D5A : 11111011;
    D5B : 11111011;
    D5C : 11111011;
    D5D : 11111010;
    D5E : 11111010;
    D5F : 11111001;
    D60 : 11111111;
    D61 : 11100111;
    D62 : 00100101;
    D63 : 00101110;
    D64 : 00111000;
    D65 : 00110100;
    D66 : 00110100;
    D67 : 00110011;
    D68 : 00110100;
    D69 : 00110100;
    D6A : 00110100;
    D6B : 00110100;
    D6C : 00110100;
    D6D : 00110100;
    D6E : 00110100;
    D6F : 00110100;
    D70 : 00110100;
    D71 : 00110011;
    D72 : 00110100;
    D73 : 00110100;
    D74 : 00110011;
    D75 : 00110011;
    D76 : 00110011;
    D77 : 00101100;
    D78 : 00011001;
    D79 : 00001111;
    D7A : 10100000;
    D7B : 11111111;
    D7C : 11110111;
    D7D : 11111011;
    D7E : 11111010;
    D7F : 11111011;
    D80 : 11111011;
    D81 : 11111011;
    D82 : 11111010;
    D83 : 11111011;
    D84 : 11111011;
    D85 : 11111011;
    D86 : 11111011;
    D87 : 11111010;
    D88 : 11111010;
    D89 : 11111011;
    D8A : 11111011;
    D8B : 11111011;
    D8C : 11111011;
    D8D : 11111011;
    D8E : 11111010;
    D8F : 11111010;
    D90 : 11111010;
    D91 : 11111011;
    D92 : 11110111;
    D93 : 11111111;
    D94 : 10001110;
    D95 : 00010111;
    D96 : 01110010;
    D97 : 01111000;
    D98 : 01101111;
    D99 : 00111100;
    D9A : 00100010;
    D9B : 00100111;
    D9C : 01001011;
    D9D : 01110011;
    D9E : 01111100;
    D9F : 01111010;
    DA0 : 01111010;
    DA1 : 01111010;
    DA2 : 01111011;
    DA3 : 01111011;
    DA4 : 01101110;
    DA5 : 01000101;
    DA6 : 01001011;
    DA7 : 01110111;
    DA8 : 01111110;
    DA9 : 00101001;
    DAA : 01011011;
    DAB : 11111111;
    DAC : 11111001;
    DAD : 11111010;
    DAE : 11111010;
    DAF : 11111010;
    DB0 : 11111011;
    DB1 : 11111011;
    DB2 : 11111010;
    DB3 : 11111010;
    DB4 : 11111010;
    DB5 : 11111011;
    DB6 : 11111011;
    DB7 : 11111011;
    DB8 : 11111011;
    DB9 : 11111011;
    DBA : 11111010;
    DBB : 11111011;
    DBC : 11111011;
    DBD : 11111010;
    DBE : 11111011;
    DBF : 11111011;
    DC0 : 11111011;
    DC1 : 11111011;
    DC2 : 11111011;
    DC3 : 11111010;
    DC4 : 11111011;
    DC5 : 11111011;
    DC6 : 11111011;
    DC7 : 11111011;
    DC8 : 11111010;
    DC9 : 11111011;
    DCA : 11111011;
    DCB : 11111010;
    DCC : 11111011;
    DCD : 11111010;
    DCE : 11111010;
    DCF : 11111001;
    DD0 : 11111111;
    DD1 : 01001110;
    DD2 : 01001010;
    DD3 : 10100101;
    DD4 : 10010100;
    DD5 : 10001100;
    DD6 : 10001100;
    DD7 : 10011010;
    DD8 : 10011100;
    DD9 : 10010100;
    DDA : 10010100;
    DDB : 10011000;
    DDC : 10011010;
    DDD : 10010100;
    DDE : 10010100;
    DDF : 10010100;
    DE0 : 10010100;
    DE1 : 10011000;
    DE2 : 10000001;
    DE3 : 10000101;
    DE4 : 10011101;
    DE5 : 10010111;
    DE6 : 10001100;
    DE7 : 00011011;
    DE8 : 11001001;
    DE9 : 11111111;
    DEA : 11111000;
    DEB : 11111010;
    DEC : 11111010;
    DED : 11111011;
    DEE : 11111011;
    DEF : 11111011;
    DF0 : 11111010;
    DF1 : 11111011;
    DF2 : 11111011;
    DF3 : 11111011;
    DF4 : 11111011;
    DF5 : 11111011;
    DF6 : 11111010;
    DF7 : 11111011;
    DF8 : 11111010;
    DF9 : 11111010;
    DFA : 11111011;
    DFB : 11111011;
    DFC : 11111011;
    DFD : 11111010;
    DFE : 11111011;
    DFF : 11110111;
    E00 : 11111111;
    E01 : 11001010;
    E02 : 00011011;
    E03 : 00110110;
    E04 : 00110011;
    E05 : 00110011;
    E06 : 00110011;
    E07 : 00110011;
    E08 : 00110011;
    E09 : 00110100;
    E0A : 00110100;
    E0B : 00110100;
    E0C : 00110100;
    E0D : 00110100;
    E0E : 00110100;
    E0F : 00110011;
    E10 : 00110100;
    E11 : 00110100;
    E12 : 00110100;
    E13 : 00110100;
    E14 : 00110100;
    E15 : 00110011;
    E16 : 00110100;
    E17 : 00110101;
    E18 : 00111001;
    E19 : 00101011;
    E1A : 00100001;
    E1B : 11100010;
    E1C : 11111111;
    E1D : 11111001;
    E1E : 11111011;
    E1F : 11111010;
    E20 : 11111010;
    E21 : 11111011;
    E22 : 11111011;
    E23 : 11111011;
    E24 : 11111011;
    E25 : 11111010;
    E26 : 11111011;
    E27 : 11111011;
    E28 : 11111011;
    E29 : 11111010;
    E2A : 11111010;
    E2B : 11111011;
    E2C : 11111010;
    E2D : 11111010;
    E2E : 11111010;
    E2F : 11111010;
    E30 : 11111010;
    E31 : 11111001;
    E32 : 11111111;
    E33 : 11100100;
    E34 : 00100000;
    E35 : 01011100;
    E36 : 01111101;
    E37 : 01100101;
    E38 : 00011001;
    E39 : 01000011;
    E3A : 10011000;
    E3B : 10000000;
    E3C : 00110001;
    E3D : 00011000;
    E3E : 00110111;
    E3F : 01010101;
    E40 : 01010110;
    E41 : 01010111;
    E42 : 01001011;
    E43 : 00101110;
    E44 : 00010101;
    E45 : 00110010;
    E46 : 00100101;
    E47 : 01000110;
    E48 : 01111101;
    E49 : 01101000;
    E4A : 00011010;
    E4B : 11010011;
    E4C : 11111111;
    E4D : 11111001;
    E4E : 11111010;
    E4F : 11111010;
    E50 : 11111010;
    E51 : 11111010;
    E52 : 11111010;
    E53 : 11111011;
    E54 : 11111010;
    E55 : 11111010;
    E56 : 11111010;
    E57 : 11111011;
    E58 : 11111011;
    E59 : 11111010;
    E5A : 11111010;
    E5B : 11111011;
    E5C : 11111010;
    E5D : 11111011;
    E5E : 11111011;
    E5F : 11111011;
    E60 : 11111011;
    E61 : 11111011;
    E62 : 11111011;
    E63 : 11111011;
    E64 : 11111010;
    E65 : 11111010;
    E66 : 11111010;
    E67 : 11111011;
    E68 : 11111011;
    E69 : 11111011;
    E6A : 11111011;
    E6B : 11111010;
    E6C : 11111010;
    E6D : 11111010;
    E6E : 11111000;
    E6F : 11111111;
    E70 : 11001101;
    E71 : 00011110;
    E72 : 10001110;
    E73 : 10010111;
    E74 : 10011011;
    E75 : 01001010;
    E76 : 00011011;
    E77 : 00101101;
    E78 : 10000010;
    E79 : 10100010;
    E7A : 10011101;
    E7B : 10001110;
    E7C : 10000110;
    E7D : 10011110;
    E7E : 10100010;
    E7F : 10011100;
    E80 : 10011000;
    E81 : 10100000;
    E82 : 01010110;
    E83 : 00010101;
    E84 : 01101101;
    E85 : 10011010;
    E86 : 10100000;
    E87 : 00111111;
    E88 : 01110010;
    E89 : 11111111;
    E8A : 11110111;
    E8B : 11111010;
    E8C : 11111011;
    E8D : 11111011;
    E8E : 11111011;
    E8F : 11111011;
    E90 : 11111010;
    E91 : 11111010;
    E92 : 11111011;
    E93 : 11111010;
    E94 : 11111010;
    E95 : 11111010;
    E96 : 11111010;
    E97 : 11111010;
    E98 : 11111010;
    E99 : 11111010;
    E9A : 11111011;
    E9B : 11111011;
    E9C : 11111010;
    E9D : 11111011;
    E9E : 11111001;
    E9F : 11111010;
    EA0 : 11111111;
    EA1 : 10100000;
    EA2 : 00011000;
    EA3 : 00110110;
    EA4 : 00110011;
    EA5 : 00110011;
    EA6 : 00110011;
    EA7 : 00110100;
    EA8 : 00110100;
    EA9 : 00110100;
    EAA : 00110100;
    EAB : 00110100;
    EAC : 00110100;
    EAD : 00110100;
    EAE : 00110011;
    EAF : 00110101;
    EB0 : 00110010;
    EB1 : 00101110;
    EB2 : 00110100;
    EB3 : 00110100;
    EB4 : 00110100;
    EB5 : 00110011;
    EB6 : 00110011;
    EB7 : 00110011;
    EB8 : 00110010;
    EB9 : 00111001;
    EBA : 00010101;
    EBB : 10011100;
    EBC : 11111111;
    EBD : 11110111;
    EBE : 11111011;
    EBF : 11111010;
    EC0 : 11111010;
    EC1 : 11111011;
    EC2 : 11111010;
    EC3 : 11111010;
    EC4 : 11111010;
    EC5 : 11111011;
    EC6 : 11111011;
    EC7 : 11111010;
    EC8 : 11111010;
    EC9 : 11111011;
    ECA : 11111011;
    ECB : 11111010;
    ECC : 11111010;
    ECD : 11111010;
    ECE : 11111010;
    ECF : 11111011;
    ED0 : 11111011;
    ED1 : 11110111;
    ED2 : 11111111;
    ED3 : 10011101;
    ED4 : 00100111;
    ED5 : 01111101;
    ED6 : 01101111;
    ED7 : 00011010;
    ED8 : 01010110;
    ED9 : 11011001;
    EDA : 11011111;
    EDB : 11011111;
    EDC : 11010101;
    EDD : 10010001;
    EDE : 01001111;
    EDF : 00101111;
    EE0 : 00100011;
    EE1 : 00100101;
    EE2 : 00110000;
    EE3 : 01010000;
    EE4 : 10001100;
    EE5 : 11010110;
    EE6 : 10110001;
    EE7 : 00011100;
    EE8 : 01100101;
    EE9 : 01111111;
    EEA : 00100110;
    EEB : 10011010;
    EEC : 11111111;
    EED : 11110111;
    EEE : 11111010;
    EEF : 11111010;
    EF0 : 11111010;
    EF1 : 11111010;
    EF2 : 11111010;
    EF3 : 11111010;
    EF4 : 11111010;
    EF5 : 11111010;
    EF6 : 11111010;
    EF7 : 11111011;
    EF8 : 11111010;
    EF9 : 11111010;
    EFA : 11111011;
    EFB : 11111010;
    EFC : 11111011;
    EFD : 11111011;
    EFE : 11111010;
    EFF : 11111010;
    F00 : 11111011;
    F01 : 11111011;
    F02 : 11111011;
    F03 : 11111011;
    F04 : 11111010;
    F05 : 11111010;
    F06 : 11111011;
    F07 : 11111011;
    F08 : 11111010;
    F09 : 11111011;
    F0A : 11111010;
    F0B : 11111010;
    F0C : 11111010;
    F0D : 11111010;
    F0E : 11110111;
    F0F : 11111111;
    F10 : 10001010;
    F11 : 00110110;
    F12 : 10100001;
    F13 : 10010100;
    F14 : 10011010;
    F15 : 00101110;
    F16 : 01111110;
    F17 : 01101101;
    F18 : 00010101;
    F19 : 01000000;
    F1A : 10000100;
    F1B : 01110100;
    F1C : 00101001;
    F1D : 00111100;
    F1E : 01010111;
    F1F : 01110101;
    F20 : 10000111;
    F21 : 10010010;
    F22 : 10011011;
    F23 : 01100001;
    F24 : 00010001;
    F25 : 01110011;
    F26 : 10100101;
    F27 : 01101010;
    F28 : 00111001;
    F29 : 11111011;
    F2A : 11111011;
    F2B : 11111010;
    F2C : 11111010;
    F2D : 11111011;
    F2E : 11111011;
    F2F : 11111010;
    F30 : 11111010;
    F31 : 11111011;
    F32 : 11111011;
    F33 : 11111010;
    F34 : 11111011;
    F35 : 11111011;
    F36 : 11111010;
    F37 : 11111011;
    F38 : 11111010;
    F39 : 11111011;
    F3A : 11111011;
    F3B : 11111010;
    F3C : 11111011;
    F3D : 11111010;
    F3E : 11111101;
    F3F : 11111001;
    F40 : 01101101;
    F41 : 00011100;
    F42 : 00101010;
    F43 : 00110100;
    F44 : 00110011;
    F45 : 00110011;
    F46 : 00110011;
    F47 : 00110011;
    F48 : 00110100;
    F49 : 00110100;
    F4A : 00110100;
    F4B : 00110100;
    F4C : 00110100;
    F4D : 00110100;
    F4E : 00110110;
    F4F : 00110001;
    F50 : 00011011;
    F51 : 00011110;
    F52 : 00110100;
    F53 : 00110100;
    F54 : 00110100;
    F55 : 00110100;
    F56 : 00110100;
    F57 : 00110100;
    F58 : 00110011;
    F59 : 00111000;
    F5A : 00011000;
    F5B : 10000000;
    F5C : 11111111;
    F5D : 11110110;
    F5E : 11111011;
    F5F : 11111010;
    F60 : 11111010;
    F61 : 11111010;
    F62 : 11111011;
    F63 : 11111011;
    F64 : 11111010;
    F65 : 11111011;
    F66 : 11111011;
    F67 : 11111010;
    F68 : 11111011;
    F69 : 11111011;
    F6A : 11111010;
    F6B : 11111010;
    F6C : 11111010;
    F6D : 11111010;
    F6E : 11111010;
    F6F : 11111010;
    F70 : 11111011;
    F71 : 11110111;
    F72 : 11111111;
    F73 : 01110000;
    F74 : 00111100;
    F75 : 10000101;
    F76 : 00111010;
    F77 : 00111101;
    F78 : 11011011;
    F79 : 11010111;
    F7A : 11010010;
    F7B : 11010011;
    F7C : 11010111;
    F7D : 11011110;
    F7E : 11011101;
    F7F : 11010011;
    F80 : 11001000;
    F81 : 11000101;
    F82 : 11001101;
    F83 : 11011000;
    F84 : 11011100;
    F85 : 11010101;
    F86 : 11100001;
    F87 : 01100110;
    F88 : 00110001;
    F89 : 10000110;
    F8A : 00111010;
    F8B : 01101011;
    F8C : 11111111;
    F8D : 11110111;
    F8E : 11111010;
    F8F : 11111010;
    F90 : 11111010;
    F91 : 11111010;
    F92 : 11111010;
    F93 : 11111010;
    F94 : 11111010;
    F95 : 11111010;
    F96 : 11111011;
    F97 : 11111011;
    F98 : 11111010;
    F99 : 11111011;
    F9A : 11111011;
    F9B : 11111010;
    F9C : 11111011;
    F9D : 11111011;
    F9E : 11111010;
    F9F : 11111011;
    FA0 : 11111011;
    FA1 : 11111011;
    FA2 : 11111010;
    FA3 : 11111010;
    FA4 : 11111010;
    FA5 : 11111011;
    FA6 : 11111011;
    FA7 : 11111010;
    FA8 : 11111010;
    FA9 : 11111011;
    FAA : 11111011;
    FAB : 11111010;
    FAC : 11111010;
    FAD : 11111010;
    FAE : 11110111;
    FAF : 11111111;
    FB0 : 01100001;
    FB1 : 01010100;
    FB2 : 10100001;
    FB3 : 10010110;
    FB4 : 10001110;
    FB5 : 00100100;
    FB6 : 10111110;
    FB7 : 11100011;
    FB8 : 10101100;
    FB9 : 01001110;
    FBA : 00100000;
    FBB : 00100110;
    FBC : 00011100;
    FBD : 00111100;
    FBE : 01001010;
    FBF : 00100100;
    FC0 : 00011111;
    FC1 : 00011111;
    FC2 : 00100100;
    FC3 : 00100011;
    FC4 : 00100101;
    FC5 : 00101010;
    FC6 : 10010110;
    FC7 : 10001000;
    FC8 : 00100100;
    FC9 : 11011100;
    FCA : 11111111;
    FCB : 11111001;
    FCC : 11111010;
    FCD : 11111010;
    FCE : 11111010;
    FCF : 11111010;
    FD0 : 11111010;
    FD1 : 11111010;
    FD2 : 11111010;
    FD3 : 11111011;
    FD4 : 11111011;
    FD5 : 11111010;
    FD6 : 11111010;
    FD7 : 11111010;
    FD8 : 11111010;
    FD9 : 11111010;
    FDA : 11111010;
    FDB : 11111011;
    FDC : 11111010;
    FDD : 11111000;
    FDE : 11111111;
    FDF : 01110011;
    FE0 : 00001011;
    FE1 : 00110000;
    FE2 : 00110011;
    FE3 : 00110100;
    FE4 : 00110011;
    FE5 : 00110011;
    FE6 : 00110011;
    FE7 : 00110011;
    FE8 : 00110100;
    FE9 : 00110100;
    FEA : 00110001;
    FEB : 00110011;
    FEC : 00110110;
    FED : 00110101;
    FEE : 00101000;
    FEF : 00010101;
    FF0 : 01001111;
    FF1 : 00110011;
    FF2 : 00100111;
    FF3 : 00110110;
    FF4 : 00110011;
    FF5 : 00110100;
    FF6 : 00110100;
    FF7 : 00110100;
    FF8 : 00110011;
    FF9 : 00110111;
    FFA : 00011010;
    FFB : 01100010;
    FFC : 11111111;
    FFD : 11111001;
    FFE : 11111010;
    FFF : 11111011;
    1000 : 11111010;
    1001 : 11111010;
    1002 : 11111010;
    1003 : 11111010;
    1004 : 11111010;
    1005 : 11111010;
    1006 : 11111010;
    1007 : 11111010;
    1008 : 11111010;
    1009 : 11111011;
    100A : 11111010;
    100B : 11111010;
    100C : 11111010;
    100D : 11111010;
    100E : 11111010;
    100F : 11111011;
    1010 : 11111010;
    1011 : 11111001;
    1012 : 11111111;
    1013 : 01010001;
    1014 : 01001011;
    1015 : 01111010;
    1016 : 00011100;
    1017 : 10100011;
    1018 : 11011101;
    1019 : 11010010;
    101A : 11010110;
    101B : 11010110;
    101C : 11010101;
    101D : 11010011;
    101E : 11010011;
    101F : 11010111;
    1020 : 11011001;
    1021 : 11011001;
    1022 : 11010111;
    1023 : 11010101;
    1024 : 11010100;
    1025 : 11010011;
    1026 : 11011011;
    1027 : 10101111;
    1028 : 00100000;
    1029 : 01111001;
    102A : 01001101;
    102B : 01000110;
    102C : 11111111;
    102D : 11111001;
    102E : 11111010;
    102F : 11111010;
    1030 : 11111010;
    1031 : 11111010;
    1032 : 11111010;
    1033 : 11111010;
    1034 : 11111010;
    1035 : 11111010;
    1036 : 11111010;
    1037 : 11111010;
    1038 : 11111010;
    1039 : 11111010;
    103A : 11111011;
    103B : 11111010;
    103C : 11111011;
    103D : 11111011;
    103E : 11111010;
    103F : 11111011;
    1040 : 11111011;
    1041 : 11111011;
    1042 : 11111010;
    1043 : 11111011;
    1044 : 11111011;
    1045 : 11111011;
    1046 : 11111011;
    1047 : 11111011;
    1048 : 11111011;
    1049 : 11111011;
    104A : 11111011;
    104B : 11111011;
    104C : 11111010;
    104D : 11111010;
    104E : 11111000;
    104F : 11111111;
    1050 : 01001110;
    1051 : 01011111;
    1052 : 10011110;
    1053 : 10011100;
    1054 : 01101110;
    1055 : 00101111;
    1056 : 11010010;
    1057 : 11010100;
    1058 : 11011011;
    1059 : 11011110;
    105A : 11000011;
    105B : 10011000;
    105C : 10000101;
    105D : 11000100;
    105E : 11011111;
    105F : 11001010;
    1060 : 10110110;
    1061 : 10100001;
    1062 : 10001100;
    1063 : 10010100;
    1064 : 11001101;
    1065 : 01000000;
    1066 : 01011110;
    1067 : 10011011;
    1068 : 00100100;
    1069 : 11010000;
    106A : 11111111;
    106B : 11111001;
    106C : 11111010;
    106D : 11111011;
    106E : 11111010;
    106F : 11111011;
    1070 : 11111010;
    1071 : 11111011;
    1072 : 11111011;
    1073 : 11111011;
    1074 : 11111010;
    1075 : 11111010;
    1076 : 11111011;
    1077 : 11111010;
    1078 : 11111011;
    1079 : 11111011;
    107A : 11111011;
    107B : 11111011;
    107C : 11111001;
    107D : 11111111;
    107E : 11011111;
    107F : 00011111;
    1080 : 00110000;
    1081 : 00110110;
    1082 : 00110011;
    1083 : 00110011;
    1084 : 00110011;
    1085 : 00110011;
    1086 : 00110011;
    1087 : 00110011;
    1088 : 00110011;
    1089 : 00110011;
    108A : 00100001;
    108B : 00011000;
    108C : 00011011;
    108D : 00011010;
    108E : 00100110;
    108F : 01011111;
    1090 : 10011100;
    1091 : 01100110;
    1092 : 00010111;
    1093 : 00110101;
    1094 : 00110101;
    1095 : 00110100;
    1096 : 00110100;
    1097 : 00110011;
    1098 : 00110011;
    1099 : 00110101;
    109A : 00101011;
    109B : 00010110;
    109C : 01111100;
    109D : 11111111;
    109E : 11111010;
    109F : 11111010;
    10A0 : 11111010;
    10A1 : 11111010;
    10A2 : 11111010;
    10A3 : 11111010;
    10A4 : 11111010;
    10A5 : 11111010;
    10A6 : 11111011;
    10A7 : 11111010;
    10A8 : 11111010;
    10A9 : 11111011;
    10AA : 11111011;
    10AB : 11111010;
    10AC : 11111011;
    10AD : 11111011;
    10AE : 11111011;
    10AF : 11111011;
    10B0 : 11111010;
    10B1 : 11111011;
    10B2 : 11111010;
    10B3 : 00111010;
    10B4 : 01011000;
    10B5 : 01100100;
    10B6 : 00101100;
    10B7 : 11001111;
    10B8 : 11010111;
    10B9 : 11010101;
    10BA : 11010110;
    10BB : 11010110;
    10BC : 11010110;
    10BD : 11010110;
    10BE : 11010110;
    10BF : 11010101;
    10C0 : 11010101;
    10C1 : 11010101;
    10C2 : 11010101;
    10C3 : 11010101;
    10C4 : 11010110;
    10C5 : 11010101;
    10C6 : 11010110;
    10C7 : 11010100;
    10C8 : 00110011;
    10C9 : 01100010;
    10CA : 01011100;
    10CB : 00110110;
    10CC : 11111000;
    10CD : 11111100;
    10CE : 11111010;
    10CF : 11111010;
    10D0 : 11111010;
    10D1 : 11111010;
    10D2 : 11111010;
    10D3 : 11111011;
    10D4 : 11111011;
    10D5 : 11111010;
    10D6 : 11111010;
    10D7 : 11111011;
    10D8 : 11111010;
    10D9 : 11111010;
    10DA : 11111011;
    10DB : 11111010;
    10DC : 11111010;
    10DD : 11111011;
    10DE : 11111011;
    10DF : 11111011;
    10E0 : 11111011;
    10E1 : 11111010;
    10E2 : 11111011;
    10E3 : 11111010;
    10E4 : 11111011;
    10E5 : 11111011;
    10E6 : 11111011;
    10E7 : 11111011;
    10E8 : 11111010;
    10E9 : 11111010;
    10EA : 11111011;
    10EB : 11111010;
    10EC : 11111010;
    10ED : 11111010;
    10EE : 11111001;
    10EF : 11111111;
    10F0 : 01001101;
    10F1 : 01100001;
    10F2 : 10011110;
    10F3 : 10011111;
    10F4 : 00111111;
    10F5 : 01010110;
    10F6 : 11011110;
    10F7 : 11010011;
    10F8 : 11010100;
    10F9 : 11010011;
    10FA : 11011001;
    10FB : 11011101;
    10FC : 11011111;
    10FD : 11011000;
    10FE : 11010011;
    10FF : 11011000;
    1100 : 11011011;
    1101 : 11011101;
    1102 : 11011110;
    1103 : 11011011;
    1104 : 11100010;
    1105 : 10000111;
    1106 : 00110011;
    1107 : 10011001;
    1108 : 00100101;
    1109 : 11010001;
    110A : 11111111;
    110B : 11111001;
    110C : 11111010;
    110D : 11111011;
    110E : 11111011;
    110F : 11111010;
    1110 : 11111011;
    1111 : 11111010;
    1112 : 11111010;
    1113 : 11111010;
    1114 : 11111010;
    1115 : 11111010;
    1116 : 11111011;
    1117 : 11111010;
    1118 : 11111010;
    1119 : 11111010;
    111A : 11111010;
    111B : 11111010;
    111C : 11110111;
    111D : 11111111;
    111E : 10110001;
    111F : 00010110;
    1120 : 00110110;
    1121 : 00110011;
    1122 : 00110011;
    1123 : 00110011;
    1124 : 00110011;
    1125 : 00110011;
    1126 : 00110011;
    1127 : 00110011;
    1128 : 00110110;
    1129 : 00101101;
    112A : 00101001;
    112B : 01100101;
    112C : 01011011;
    112D : 01101011;
    112E : 10001010;
    112F : 10010101;
    1130 : 10001100;
    1131 : 10010010;
    1132 : 01000011;
    1133 : 00010111;
    1134 : 00110010;
    1135 : 00110110;
    1136 : 00110100;
    1137 : 00110100;
    1138 : 00110100;
    1139 : 00110100;
    113A : 00110100;
    113B : 00110000;
    113C : 00001010;
    113D : 10010111;
    113E : 11111111;
    113F : 11110111;
    1140 : 11111010;
    1141 : 11111011;
    1142 : 11111010;
    1143 : 11111010;
    1144 : 11111010;
    1145 : 11111011;
    1146 : 11111010;
    1147 : 11111010;
    1148 : 11111010;
    1149 : 11111011;
    114A : 11111011;
    114B : 11111010;
    114C : 11111010;
    114D : 11111010;
    114E : 11111010;
    114F : 11111011;
    1150 : 11111010;
    1151 : 11111101;
    1152 : 11110100;
    1153 : 00110010;
    1154 : 01011101;
    1155 : 01010100;
    1156 : 01000011;
    1157 : 11011011;
    1158 : 11010100;
    1159 : 11010110;
    115A : 11010110;
    115B : 11010110;
    115C : 11010110;
    115D : 11010110;
    115E : 11010110;
    115F : 11010110;
    1160 : 11010110;
    1161 : 11010110;
    1162 : 11010110;
    1163 : 11010110;
    1164 : 11010110;
    1165 : 11010110;
    1166 : 11010011;
    1167 : 11011110;
    1168 : 01010101;
    1169 : 01001100;
    116A : 01100001;
    116B : 00110101;
    116C : 11110111;
    116D : 11111100;
    116E : 11111010;
    116F : 11111010;
    1170 : 11111010;
    1171 : 11111010;
    1172 : 11111010;
    1173 : 11111010;
    1174 : 11111010;
    1175 : 11111010;
    1176 : 11111010;
    1177 : 11111011;
    1178 : 11111010;
    1179 : 11111010;
    117A : 11111010;
    117B : 11111011;
    117C : 11111010;
    117D : 11111011;
    117E : 11111011;
    117F : 11111011;
    1180 : 11111011;
    1181 : 11111011;
    1182 : 11111010;
    1183 : 11111011;
    1184 : 11111011;
    1185 : 11111010;
    1186 : 11111011;
    1187 : 11111011;
    1188 : 11111010;
    1189 : 11111011;
    118A : 11111011;
    118B : 11111010;
    118C : 11111010;
    118D : 11111010;
    118E : 11111000;
    118F : 11111111;
    1190 : 01011011;
    1191 : 01011001;
    1192 : 10100100;
    1193 : 10001111;
    1194 : 00011010;
    1195 : 10001101;
    1196 : 11011110;
    1197 : 11010011;
    1198 : 11010110;
    1199 : 11010101;
    119A : 11010100;
    119B : 11010011;
    119C : 11010011;
    119D : 11010101;
    119E : 11010110;
    119F : 11010101;
    11A0 : 11010100;
    11A1 : 11010100;
    11A2 : 11010011;
    11A3 : 11010010;
    11A4 : 11011010;
    11A5 : 10110011;
    11A6 : 00101011;
    11A7 : 10000111;
    11A8 : 00101010;
    11A9 : 11011010;
    11AA : 11111111;
    11AB : 11111001;
    11AC : 11111011;
    11AD : 11111010;
    11AE : 11111010;
    11AF : 11111011;
    11B0 : 11111010;
    11B1 : 11111010;
    11B2 : 11111011;
    11B3 : 11111010;
    11B4 : 11111010;
    11B5 : 11111010;
    11B6 : 11111010;
    11B7 : 11111010;
    11B8 : 11111010;
    11B9 : 11111010;
    11BA : 11111010;
    11BB : 11111010;
    11BC : 11110111;
    11BD : 11111111;
    11BE : 10011011;
    11BF : 00010101;
    11C0 : 00110111;
    11C1 : 00110011;
    11C2 : 00110011;
    11C3 : 00110011;
    11C4 : 00110011;
    11C5 : 00110011;
    11C6 : 00110101;
    11C7 : 00110110;
    11C8 : 00110001;
    11C9 : 00010101;
    11CA : 01010001;
    11CB : 10011101;
    11CC : 10010101;
    11CD : 10010101;
    11CE : 10001111;
    11CF : 10001100;
    11D0 : 10001101;
    11D1 : 10001110;
    11D2 : 10001111;
    11D3 : 01001001;
    11D4 : 00011001;
    11D5 : 00011011;
    11D6 : 00100101;
    11D7 : 00110001;
    11D8 : 00110100;
    11D9 : 00110100;
    11DA : 00110100;
    11DB : 00110111;
    11DC : 00101001;
    11DD : 00110001;
    11DE : 11110010;
    11DF : 11111101;
    11E0 : 11111010;
    11E1 : 11111010;
    11E2 : 11111010;
    11E3 : 11111010;
    11E4 : 11111010;
    11E5 : 11111010;
    11E6 : 11111010;
    11E7 : 11111010;
    11E8 : 11111010;
    11E9 : 11111010;
    11EA : 11111010;
    11EB : 11111010;
    11EC : 11111010;
    11ED : 11111010;
    11EE : 11111011;
    11EF : 11111010;
    11F0 : 11111010;
    11F1 : 11111011;
    11F2 : 11111010;
    11F3 : 00111001;
    11F4 : 01011010;
    11F5 : 01000111;
    11F6 : 01011010;
    11F7 : 11011110;
    11F8 : 11010011;
    11F9 : 11010110;
    11FA : 11010110;
    11FB : 11010110;
    11FC : 11010110;
    11FD : 11010110;
    11FE : 11010110;
    11FF : 11010110;
    1200 : 11010110;
    1201 : 11010110;
    1202 : 11010110;
    1203 : 11010110;
    1204 : 11010110;
    1205 : 11010110;
    1206 : 11010011;
    1207 : 11011111;
    1208 : 01101001;
    1209 : 01000000;
    120A : 01011101;
    120B : 00111101;
    120C : 11111100;
    120D : 11111011;
    120E : 11111010;
    120F : 11111011;
    1210 : 11111010;
    1211 : 11111010;
    1212 : 11111010;
    1213 : 11111010;
    1214 : 11111010;
    1215 : 11111010;
    1216 : 11111010;
    1217 : 11111011;
    1218 : 11111010;
    1219 : 11111010;
    121A : 11111010;
    121B : 11111011;
    121C : 11111010;
    121D : 11111011;
    121E : 11111010;
    121F : 11111010;
    1220 : 11111010;
    1221 : 11111011;
    1222 : 11111011;
    1223 : 11111010;
    1224 : 11111011;
    1225 : 11111011;
    1226 : 11111011;
    1227 : 11111011;
    1228 : 11111010;
    1229 : 11111010;
    122A : 11111010;
    122B : 11111010;
    122C : 11111010;
    122D : 11111011;
    122E : 11110111;
    122F : 11111111;
    1230 : 01110101;
    1231 : 01000101;
    1232 : 10101011;
    1233 : 01100110;
    1234 : 00010111;
    1235 : 10111011;
    1236 : 11011010;
    1237 : 11010011;
    1238 : 11010011;
    1239 : 11010100;
    123A : 11010101;
    123B : 11010110;
    123C : 11010110;
    123D : 11010110;
    123E : 11010110;
    123F : 11010110;
    1240 : 11010110;
    1241 : 11010101;
    1242 : 11010100;
    1243 : 11010100;
    1244 : 11010111;
    1245 : 11001101;
    1246 : 00110011;
    1247 : 01101111;
    1248 : 00110011;
    1249 : 11100110;
    124A : 11111111;
    124B : 11111001;
    124C : 11111010;
    124D : 11111010;
    124E : 11111010;
    124F : 11111011;
    1250 : 11111010;
    1251 : 11111010;
    1252 : 11111010;
    1253 : 11111010;
    1254 : 11111010;
    1255 : 11111010;
    1256 : 11111010;
    1257 : 11111010;
    1258 : 11111010;
    1259 : 11111010;
    125A : 11111011;
    125B : 11111011;
    125C : 11110111;
    125D : 11111111;
    125E : 10110100;
    125F : 00010111;
    1260 : 00110111;
    1261 : 00110011;
    1262 : 00110011;
    1263 : 00110011;
    1264 : 00110011;
    1265 : 00110001;
    1266 : 00100100;
    1267 : 00011010;
    1268 : 00011101;
    1269 : 01001011;
    126A : 10001101;
    126B : 10001101;
    126C : 10001100;
    126D : 10001100;
    126E : 10001101;
    126F : 10001101;
    1270 : 10001110;
    1271 : 10001101;
    1272 : 10001110;
    1273 : 10010011;
    1274 : 01111001;
    1275 : 01010000;
    1276 : 00011111;
    1277 : 00101111;
    1278 : 00110100;
    1279 : 00110100;
    127A : 00110100;
    127B : 00110100;
    127C : 00110100;
    127D : 00011101;
    127E : 11010000;
    127F : 11111111;
    1280 : 11111000;
    1281 : 11111010;
    1282 : 11111011;
    1283 : 11111011;
    1284 : 11111010;
    1285 : 11111011;
    1286 : 11111010;
    1287 : 11111010;
    1288 : 11111010;
    1289 : 11111010;
    128A : 11111010;
    128B : 11111010;
    128C : 11111010;
    128D : 11111010;
    128E : 11111011;
    128F : 11111010;
    1290 : 11111010;
    1291 : 11111000;
    1292 : 11111111;
    1293 : 01010011;
    1294 : 01010000;
    1295 : 00111111;
    1296 : 01101101;
    1297 : 11011111;
    1298 : 11010011;
    1299 : 11010100;
    129A : 11010011;
    129B : 11010011;
    129C : 11010101;
    129D : 11010110;
    129E : 11010110;
    129F : 11010110;
    12A0 : 11010110;
    12A1 : 11010110;
    12A2 : 11010011;
    12A3 : 11010011;
    12A4 : 11010011;
    12A5 : 11010100;
    12A6 : 11010011;
    12A7 : 11011111;
    12A8 : 01101001;
    12A9 : 00111110;
    12AA : 01010110;
    12AB : 01000111;
    12AC : 11111111;
    12AD : 11111001;
    12AE : 11111010;
    12AF : 11111010;
    12B0 : 11111010;
    12B1 : 11111010;
    12B2 : 11111010;
    12B3 : 11111010;
    12B4 : 11111011;
    12B5 : 11111010;
    12B6 : 11111010;
    12B7 : 11111010;
    12B8 : 11111010;
    12B9 : 11111010;
    12BA : 11111011;
    12BB : 11111010;
    12BC : 11111010;
    12BD : 11111011;
    12BE : 11111011;
    12BF : 11111011;
    12C0 : 11111011;
    12C1 : 11111010;
    12C2 : 11111010;
    12C3 : 11111010;
    12C4 : 11111011;
    12C5 : 11111010;
    12C6 : 11111010;
    12C7 : 11111011;
    12C8 : 11111010;
    12C9 : 11111010;
    12CA : 11111010;
    12CB : 11111010;
    12CC : 11111010;
    12CD : 11111010;
    12CE : 11110111;
    12CF : 11111111;
    12D0 : 10010010;
    12D1 : 00110101;
    12D2 : 10101000;
    12D3 : 00110101;
    12D4 : 00110101;
    12D5 : 11010110;
    12D6 : 11010100;
    12D7 : 11011001;
    12D8 : 11011101;
    12D9 : 11011011;
    12DA : 11010110;
    12DB : 11010110;
    12DC : 11010101;
    12DD : 11010110;
    12DE : 11010101;
    12DF : 11010110;
    12E0 : 11010100;
    12E1 : 11010111;
    12E2 : 11011100;
    12E3 : 11011001;
    12E4 : 11010011;
    12E5 : 11011001;
    12E6 : 01000101;
    12E7 : 01001110;
    12E8 : 00111100;
    12E9 : 11110001;
    12EA : 11111101;
    12EB : 11111010;
    12EC : 11111010;
    12ED : 11111011;
    12EE : 11111010;
    12EF : 11111010;
    12F0 : 11111010;
    12F1 : 11111011;
    12F2 : 11111010;
    12F3 : 11111010;
    12F4 : 11111010;
    12F5 : 11111010;
    12F6 : 11111010;
    12F7 : 11111010;
    12F8 : 11111010;
    12F9 : 11111010;
    12FA : 11111010;
    12FB : 11111010;
    12FC : 11111010;
    12FD : 11111111;
    12FE : 10001010;
    12FF : 00010111;
    1300 : 00110100;
    1301 : 00110100;
    1302 : 00110011;
    1303 : 00110011;
    1304 : 00110101;
    1305 : 00101001;
    1306 : 00101000;
    1307 : 01100101;
    1308 : 01111110;
    1309 : 10010100;
    130A : 10001110;
    130B : 10001101;
    130C : 10001110;
    130D : 10001101;
    130E : 10001101;
    130F : 10001101;
    1310 : 10001110;
    1311 : 10001101;
    1312 : 10001100;
    1313 : 10001011;
    1314 : 10010101;
    1315 : 10001101;
    1316 : 00100101;
    1317 : 00101001;
    1318 : 00110101;
    1319 : 00110011;
    131A : 00110100;
    131B : 00110100;
    131C : 00110100;
    131D : 00011110;
    131E : 11001111;
    131F : 11111111;
    1320 : 11111000;
    1321 : 11111010;
    1322 : 11111010;
    1323 : 11111010;
    1324 : 11111011;
    1325 : 11111011;
    1326 : 11111010;
    1327 : 11111010;
    1328 : 11111010;
    1329 : 11111010;
    132A : 11111010;
    132B : 11111010;
    132C : 11111010;
    132D : 11111011;
    132E : 11111011;
    132F : 11111010;
    1330 : 11111011;
    1331 : 11110111;
    1332 : 11111111;
    1333 : 01101100;
    1334 : 01000011;
    1335 : 00111010;
    1336 : 01111010;
    1337 : 11011111;
    1338 : 11010010;
    1339 : 11011011;
    133A : 11100000;
    133B : 11011111;
    133C : 11011001;
    133D : 11010101;
    133E : 11010110;
    133F : 11010110;
    1340 : 11010101;
    1341 : 11010111;
    1342 : 11011110;
    1343 : 11100000;
    1344 : 11011111;
    1345 : 11011001;
    1346 : 11010010;
    1347 : 11011111;
    1348 : 01101100;
    1349 : 01000010;
    134A : 01001101;
    134B : 01011000;
    134C : 11111111;
    134D : 11111000;
    134E : 11111010;
    134F : 11111010;
    1350 : 11111010;
    1351 : 11111010;
    1352 : 11111010;
    1353 : 11111010;
    1354 : 11111010;
    1355 : 11111010;
    1356 : 11111010;
    1357 : 11111011;
    1358 : 11111011;
    1359 : 11111011;
    135A : 11111010;
    135B : 11111010;
    135C : 11111011;
    135D : 11111011;
    135E : 11111011;
    135F : 11111011;
    1360 : 11111011;
    1361 : 11111011;
    1362 : 11111011;
    1363 : 11111011;
    1364 : 11111011;
    1365 : 11111011;
    1366 : 11111010;
    1367 : 11111010;
    1368 : 11111010;
    1369 : 11111010;
    136A : 11111010;
    136B : 11111010;
    136C : 11111010;
    136D : 11111010;
    136E : 11110111;
    136F : 11111111;
    1370 : 10101110;
    1371 : 00101111;
    1372 : 10001111;
    1373 : 00010011;
    1374 : 01110011;
    1375 : 11100001;
    1376 : 11011011;
    1377 : 10111101;
    1378 : 10011001;
    1379 : 10110011;
    137A : 11010100;
    137B : 11010101;
    137C : 11010101;
    137D : 11010110;
    137E : 11010101;
    137F : 11010011;
    1380 : 11011011;
    1381 : 11001010;
    1382 : 10100110;
    1383 : 10111100;
    1384 : 11011011;
    1385 : 11011101;
    1386 : 01010110;
    1387 : 00110000;
    1388 : 00111111;
    1389 : 11110111;
    138A : 11111100;
    138B : 11111010;
    138C : 11111010;
    138D : 11111011;
    138E : 11111011;
    138F : 11111011;
    1390 : 11111010;
    1391 : 11111010;
    1392 : 11111010;
    1393 : 11111010;
    1394 : 11111010;
    1395 : 11111011;
    1396 : 11111010;
    1397 : 11111010;
    1398 : 11111010;
    1399 : 11111010;
    139A : 11111010;
    139B : 11111001;
    139C : 11111111;
    139D : 01110110;
    139E : 00001111;
    139F : 00101110;
    13A0 : 00110011;
    13A1 : 00110011;
    13A2 : 00110011;
    13A3 : 00110011;
    13A4 : 00110101;
    13A5 : 00011101;
    13A6 : 01000011;
    13A7 : 10011011;
    13A8 : 10010000;
    13A9 : 10010011;
    13AA : 10010010;
    13AB : 10001101;
    13AC : 10001101;
    13AD : 10001101;
    13AE : 10001101;
    13AF : 10001110;
    13B0 : 10001101;
    13B1 : 10001111;
    13B2 : 10010011;
    13B3 : 10001111;
    13B4 : 10001011;
    13B5 : 10001110;
    13B6 : 00110011;
    13B7 : 00100000;
    13B8 : 00110101;
    13B9 : 00110011;
    13BA : 00110100;
    13BB : 00110110;
    13BC : 00101000;
    13BD : 00110100;
    13BE : 11111010;
    13BF : 11111100;
    13C0 : 11111010;
    13C1 : 11111011;
    13C2 : 11111010;
    13C3 : 11111010;
    13C4 : 11111011;
    13C5 : 11111010;
    13C6 : 11111011;
    13C7 : 11111010;
    13C8 : 11111010;
    13C9 : 11111010;
    13CA : 11111010;
    13CB : 11111010;
    13CC : 11111010;
    13CD : 11111010;
    13CE : 11111010;
    13CF : 11111011;
    13D0 : 11111010;
    13D1 : 11110111;
    13D2 : 11111111;
    13D3 : 01111110;
    13D4 : 00111011;
    13D5 : 00110101;
    13D6 : 10000010;
    13D7 : 11011111;
    13D8 : 11010111;
    13D9 : 10101011;
    13DA : 01110101;
    13DB : 01111100;
    13DC : 10111111;
    13DD : 11011000;
    13DE : 11010101;
    13DF : 11010101;
    13E0 : 11010110;
    13E1 : 11010001;
    13E2 : 10001101;
    13E3 : 01100001;
    13E4 : 01111011;
    13E5 : 10111101;
    13E6 : 11010110;
    13E7 : 11011111;
    13E8 : 01111010;
    13E9 : 00111110;
    13EA : 01000011;
    13EB : 01101100;
    13EC : 11111111;
    13ED : 11110111;
    13EE : 11111010;
    13EF : 11111010;
    13F0 : 11111010;
    13F1 : 11111010;
    13F2 : 11111010;
    13F3 : 11111010;
    13F4 : 11111011;
    13F5 : 11111010;
    13F6 : 11111010;
    13F7 : 11111010;
    13F8 : 11111011;
    13F9 : 11111011;
    13FA : 11111010;
    13FB : 11111010;
    13FC : 11111011;
    13FD : 11111010;
    13FE : 11111010;
    13FF : 11111011;
    1400 : 11111011;
    1401 : 11111011;
    1402 : 11111011;
    1403 : 11111011;
    1404 : 11111011;
    1405 : 11111011;
    1406 : 11111011;
    1407 : 11111010;
    1408 : 11111010;
    1409 : 11111011;
    140A : 11111010;
    140B : 11111010;
    140C : 11111010;
    140D : 11111010;
    140E : 11111000;
    140F : 11111111;
    1410 : 11010001;
    1411 : 00110010;
    1412 : 01100010;
    1413 : 00011001;
    1414 : 10111101;
    1415 : 11000111;
    1416 : 01101010;
    1417 : 01001001;
    1418 : 00111110;
    1419 : 00110100;
    141A : 11000011;
    141B : 11011100;
    141C : 11010001;
    141D : 11010011;
    141E : 11010011;
    141F : 11100001;
    1420 : 10010101;
    1421 : 00111001;
    1422 : 01000001;
    1423 : 00111000;
    1424 : 01100111;
    1425 : 11100001;
    1426 : 01101000;
    1427 : 00010001;
    1428 : 01100011;
    1429 : 11111111;
    142A : 11111001;
    142B : 11111010;
    142C : 11111011;
    142D : 11111011;
    142E : 11111011;
    142F : 11111011;
    1430 : 11111010;
    1431 : 11111010;
    1432 : 11111010;
    1433 : 11111010;
    1434 : 11111010;
    1435 : 11111011;
    1436 : 11111010;
    1437 : 11111011;
    1438 : 11111010;
    1439 : 11111011;
    143A : 11110111;
    143B : 11111111;
    143C : 10101001;
    143D : 00001101;
    143E : 00110100;
    143F : 00110101;
    1440 : 00110011;
    1441 : 00110011;
    1442 : 00110011;
    1443 : 00110100;
    1444 : 00101100;
    1445 : 00010100;
    1446 : 01011010;
    1447 : 10011010;
    1448 : 10001100;
    1449 : 01110100;
    144A : 01111100;
    144B : 10010000;
    144C : 10001101;
    144D : 10001101;
    144E : 10001110;
    144F : 10001101;
    1450 : 10010001;
    1451 : 10001001;
    1452 : 01110111;
    1453 : 10000100;
    1454 : 10010011;
    1455 : 10010111;
    1456 : 01001001;
    1457 : 00011000;
    1458 : 00110001;
    1459 : 00110101;
    145A : 00110010;
    145B : 00110101;
    145C : 00101010;
    145D : 00011111;
    145E : 10100011;
    145F : 11111111;
    1460 : 11111000;
    1461 : 11111011;
    1462 : 11111010;
    1463 : 11111010;
    1464 : 11111010;
    1465 : 11111010;
    1466 : 11111010;
    1467 : 11111010;
    1468 : 11111011;
    1469 : 11111011;
    146A : 11111011;
    146B : 11111011;
    146C : 11111011;
    146D : 11111010;
    146E : 11111011;
    146F : 11111011;
    1470 : 11111011;
    1471 : 11110111;
    1472 : 11111111;
    1473 : 10011100;
    1474 : 00110110;
    1475 : 00110100;
    1476 : 10001000;
    1477 : 11100101;
    1478 : 01110101;
    1479 : 00100110;
    147A : 01011000;
    147B : 01000001;
    147C : 01101111;
    147D : 11011100;
    147E : 11010100;
    147F : 11010100;
    1480 : 11011011;
    1481 : 10101101;
    1482 : 00111110;
    1483 : 01101010;
    1484 : 01001011;
    1485 : 00101111;
    1486 : 10111101;
    1487 : 11100001;
    1488 : 10001000;
    1489 : 00111001;
    148A : 00110001;
    148B : 10010010;
    148C : 11111111;
    148D : 11110111;
    148E : 11111010;
    148F : 11111010;
    1490 : 11111011;
    1491 : 11111011;
    1492 : 11111010;
    1493 : 11111011;
    1494 : 11111011;
    1495 : 11111010;
    1496 : 11111010;
    1497 : 11111011;
    1498 : 11111011;
    1499 : 11111011;
    149A : 11111010;
    149B : 11111010;
    149C : 11111010;
    149D : 11111011;
    149E : 11111011;
    149F : 11111010;
    14A0 : 11111011;
    14A1 : 11111011;
    14A2 : 11111011;
    14A3 : 11111011;
    14A4 : 11111011;
    14A5 : 11111011;
    14A6 : 11111011;
    14A7 : 11111011;
    14A8 : 11111010;
    14A9 : 11111011;
    14AA : 11111010;
    14AB : 11111010;
    14AC : 11111010;
    14AD : 11111010;
    14AE : 11111001;
    14AF : 11111111;
    14B0 : 11101101;
    14B1 : 00110010;
    14B2 : 00100100;
    14B3 : 01000001;
    14B4 : 11011111;
    14B5 : 10001001;
    14B6 : 00110111;
    14B7 : 01101110;
    14B8 : 10001000;
    14B9 : 01110011;
    14BA : 10001111;
    14BB : 11001100;
    14BC : 11011111;
    14BD : 11011110;
    14BE : 11011000;
    14BF : 10110110;
    14C0 : 01011111;
    14C1 : 01010100;
    14C2 : 10000010;
    14C3 : 01101010;
    14C4 : 01000110;
    14C5 : 11000100;
    14C6 : 01101000;
    14C7 : 00000010;
    14C8 : 10010011;
    14C9 : 11111111;
    14CA : 11110110;
    14CB : 11111011;
    14CC : 11111010;
    14CD : 11111011;
    14CE : 11111011;
    14CF : 11111010;
    14D0 : 11111011;
    14D1 : 11111010;
    14D2 : 11111010;
    14D3 : 11111010;
    14D4 : 11111011;
    14D5 : 11111011;
    14D6 : 11111010;
    14D7 : 11111010;
    14D8 : 11111010;
    14D9 : 11111010;
    14DA : 11111001;
    14DB : 11111111;
    14DC : 01010011;
    14DD : 00011111;
    14DE : 00111000;
    14DF : 00110010;
    14E0 : 00110011;
    14E1 : 00110011;
    14E2 : 00110101;
    14E3 : 00101100;
    14E4 : 00011001;
    14E5 : 00101011;
    14E6 : 10001100;
    14E7 : 01110110;
    14E8 : 00100111;
    14E9 : 00101001;
    14EA : 00100001;
    14EB : 01100000;
    14EC : 10010101;
    14ED : 10001100;
    14EE : 10001101;
    14EF : 10010010;
    14F0 : 01110111;
    14F1 : 00100111;
    14F2 : 00101001;
    14F3 : 00100101;
    14F4 : 01000000;
    14F5 : 10010000;
    14F6 : 01110000;
    14F7 : 00011000;
    14F8 : 00100101;
    14F9 : 00110100;
    14FA : 00110100;
    14FB : 00110011;
    14FC : 00110101;
    14FD : 00101010;
    14FE : 00001110;
    14FF : 10110010;
    1500 : 11111111;
    1501 : 11110111;
    1502 : 11111011;
    1503 : 11111010;
    1504 : 11111010;
    1505 : 11111010;
    1506 : 11111011;
    1507 : 11111010;
    1508 : 11111010;
    1509 : 11111010;
    150A : 11111010;
    150B : 11111010;
    150C : 11111010;
    150D : 11111010;
    150E : 11111010;
    150F : 11111011;
    1510 : 11111011;
    1511 : 11110111;
    1512 : 11111111;
    1513 : 10101110;
    1514 : 00011110;
    1515 : 00101000;
    1516 : 10010100;
    1517 : 11100000;
    1518 : 10110000;
    1519 : 11000100;
    151A : 11011111;
    151B : 11011011;
    151C : 11010011;
    151D : 11010110;
    151E : 11010101;
    151F : 11010101;
    1520 : 11010110;
    1521 : 11010100;
    1522 : 11011001;
    1523 : 11011111;
    1524 : 11011101;
    1525 : 10111100;
    1526 : 11001011;
    1527 : 11011111;
    1528 : 10010111;
    1529 : 00011011;
    152A : 00010110;
    152B : 10010010;
    152C : 11111111;
    152D : 11110111;
    152E : 11111011;
    152F : 11111010;
    1530 : 11111011;
    1531 : 11111010;
    1532 : 11111011;
    1533 : 11111011;
    1534 : 11111010;
    1535 : 11111010;
    1536 : 11111010;
    1537 : 11111010;
    1538 : 11111010;
    1539 : 11111010;
    153A : 11111010;
    153B : 11111010;
    153C : 11111010;
    153D : 11111011;
    153E : 11111010;
    153F : 11111011;
    1540 : 11111011;
    1541 : 11111011;
    1542 : 11111011;
    1543 : 11111011;
    1544 : 11111011;
    1545 : 11111011;
    1546 : 11111010;
    1547 : 11111011;
    1548 : 11111011;
    1549 : 11111010;
    154A : 11111011;
    154B : 11111010;
    154C : 11111010;
    154D : 11111010;
    154E : 11111001;
    154F : 11111111;
    1550 : 01100110;
    1551 : 00010110;
    1552 : 00011000;
    1553 : 01000100;
    1554 : 01101000;
    1555 : 00011101;
    1556 : 01010010;
    1557 : 01010100;
    1558 : 01010010;
    1559 : 01010100;
    155A : 00110001;
    155B : 00110110;
    155C : 10010010;
    155D : 10100011;
    155E : 01100011;
    155F : 00010100;
    1560 : 01010110;
    1561 : 01110101;
    1562 : 01110000;
    1563 : 01100100;
    1564 : 01000001;
    1565 : 00100011;
    1566 : 00101000;
    1567 : 00011011;
    1568 : 00100100;
    1569 : 11010000;
    156A : 11111111;
    156B : 11111000;
    156C : 11111011;
    156D : 11111011;
    156E : 11111010;
    156F : 11111010;
    1570 : 11111011;
    1571 : 11111011;
    1572 : 11111010;
    1573 : 11111010;
    1574 : 11111010;
    1575 : 11111010;
    1576 : 11111010;
    1577 : 11111010;
    1578 : 11111010;
    1579 : 11111010;
    157A : 11111010;
    157B : 11111111;
    157C : 01001000;
    157D : 00100101;
    157E : 00110110;
    157F : 00110011;
    1580 : 00110011;
    1581 : 00110010;
    1582 : 00100011;
    1583 : 00011110;
    1584 : 00100100;
    1585 : 01110111;
    1586 : 10011001;
    1587 : 01110001;
    1588 : 01100010;
    1589 : 10001110;
    158A : 10000000;
    158B : 01111101;
    158C : 10010000;
    158D : 10001101;
    158E : 10001101;
    158F : 10010000;
    1590 : 10000001;
    1591 : 01110011;
    1592 : 10001011;
    1593 : 01111101;
    1594 : 01010101;
    1595 : 10000100;
    1596 : 10010011;
    1597 : 00111011;
    1598 : 00011001;
    1599 : 00011101;
    159A : 00101101;
    159B : 00110100;
    159C : 00110011;
    159D : 00111001;
    159E : 00100011;
    159F : 00111011;
    15A0 : 11111010;
    15A1 : 11111011;
    15A2 : 11111010;
    15A3 : 11111010;
    15A4 : 11111010;
    15A5 : 11111011;
    15A6 : 11111011;
    15A7 : 11111010;
    15A8 : 11111010;
    15A9 : 11111011;
    15AA : 11111011;
    15AB : 11111011;
    15AC : 11111010;
    15AD : 11111011;
    15AE : 11111011;
    15AF : 11111010;
    15B0 : 11111001;
    15B1 : 11111101;
    15B2 : 11110000;
    15B3 : 00111001;
    15B4 : 00100011;
    15B5 : 00010010;
    15B6 : 10011001;
    15B7 : 11011101;
    15B8 : 11011001;
    15B9 : 11010111;
    15BA : 11011011;
    15BB : 11011001;
    15BC : 11010101;
    15BD : 11010110;
    15BE : 11010101;
    15BF : 11010110;
    15C0 : 11010101;
    15C1 : 11010110;
    15C2 : 11010101;
    15C3 : 11011011;
    15C4 : 11010111;
    15C5 : 11011001;
    15C6 : 11010101;
    15C7 : 11011101;
    15C8 : 10010100;
    15C9 : 00010100;
    15CA : 00101000;
    15CB : 00010110;
    15CC : 10101011;
    15CD : 11111111;
    15CE : 11111000;
    15CF : 11111010;
    15D0 : 11111010;
    15D1 : 11111010;
    15D2 : 11111011;
    15D3 : 11111011;
    15D4 : 11111010;
    15D5 : 11111011;
    15D6 : 11111011;
    15D7 : 11111010;
    15D8 : 11111011;
    15D9 : 11111010;
    15DA : 11111010;
    15DB : 11111011;
    15DC : 11111011;
    15DD : 11111011;
    15DE : 11111011;
    15DF : 11111011;
    15E0 : 11111011;
    15E1 : 11111011;
    15E2 : 11111011;
    15E3 : 11111011;
    15E4 : 11111011;
    15E5 : 11111011;
    15E6 : 11111011;
    15E7 : 11111011;
    15E8 : 11111011;
    15E9 : 11111011;
    15EA : 11111011;
    15EB : 11111010;
    15EC : 11111010;
    15ED : 11111001;
    15EE : 11111111;
    15EF : 11010110;
    15F0 : 00100000;
    15F1 : 10100100;
    15F2 : 00101111;
    15F3 : 00010001;
    15F4 : 00001101;
    15F5 : 01101110;
    15F6 : 11010100;
    15F7 : 11010111;
    15F8 : 11010011;
    15F9 : 11011011;
    15FA : 11001101;
    15FB : 00110010;
    15FC : 00110001;
    15FD : 01000001;
    15FE : 00001101;
    15FF : 01110011;
    1600 : 11100000;
    1601 : 11011011;
    1602 : 11011011;
    1603 : 11100010;
    1604 : 11010001;
    1605 : 01000011;
    1606 : 00001000;
    1607 : 10100000;
    1608 : 01100010;
    1609 : 01010111;
    160A : 11111111;
    160B : 11111000;
    160C : 11111011;
    160D : 11111010;
    160E : 11111011;
    160F : 11111010;
    1610 : 11111010;
    1611 : 11111011;
    1612 : 11111011;
    1613 : 11111010;
    1614 : 11111010;
    1615 : 11111010;
    1616 : 11111010;
    1617 : 11111010;
    1618 : 11111011;
    1619 : 11111010;
    161A : 11111000;
    161B : 11111111;
    161C : 01011100;
    161D : 00011110;
    161E : 00110111;
    161F : 00110010;
    1620 : 00110100;
    1621 : 00100010;
    1622 : 00101100;
    1623 : 00011001;
    1624 : 01001101;
    1625 : 10011001;
    1626 : 10001010;
    1627 : 10010011;
    1628 : 10010110;
    1629 : 10010101;
    162A : 10010010;
    162B : 10010001;
    162C : 10001101;
    162D : 10001110;
    162E : 10001110;
    162F : 10001101;
    1630 : 10010000;
    1631 : 10010100;
    1632 : 10010101;
    1633 : 10010010;
    1634 : 10010110;
    1635 : 10001101;
    1636 : 10010100;
    1637 : 01110000;
    1638 : 00011111;
    1639 : 00110101;
    163A : 00100000;
    163B : 00110010;
    163C : 00110100;
    163D : 00110100;
    163E : 00110010;
    163F : 00011100;
    1640 : 11010001;
    1641 : 11111111;
    1642 : 11111001;
    1643 : 11111010;
    1644 : 11111011;
    1645 : 11111011;
    1646 : 11111011;
    1647 : 11111011;
    1648 : 11111010;
    1649 : 11111011;
    164A : 11111011;
    164B : 11111011;
    164C : 11111011;
    164D : 11111011;
    164E : 11111011;
    164F : 11111010;
    1650 : 11110111;
    1651 : 11111111;
    1652 : 10011011;
    1653 : 00110100;
    1654 : 11000000;
    1655 : 00010111;
    1656 : 10011110;
    1657 : 11011101;
    1658 : 11010001;
    1659 : 11011001;
    165A : 10010100;
    165B : 10110001;
    165C : 11011010;
    165D : 11010101;
    165E : 11010101;
    165F : 11010100;
    1660 : 11010110;
    1661 : 11010101;
    1662 : 11011000;
    1663 : 10010001;
    1664 : 10111100;
    1665 : 11011000;
    1666 : 11010010;
    1667 : 11011110;
    1668 : 10001010;
    1669 : 00100000;
    166A : 01100001;
    166B : 00110100;
    166C : 00111001;
    166D : 11111100;
    166E : 11111011;
    166F : 11111010;
    1670 : 11111011;
    1671 : 11111011;
    1672 : 11111010;
    1673 : 11111010;
    1674 : 11111011;
    1675 : 11111011;
    1676 : 11111011;
    1677 : 11111011;
    1678 : 11111011;
    1679 : 11111010;
    167A : 11111011;
    167B : 11111011;
    167C : 11111011;
    167D : 11111011;
    167E : 11111011;
    167F : 11111011;
    1680 : 11111011;
    1681 : 11111011;
    1682 : 11111011;
    1683 : 11111011;
    1684 : 11111011;
    1685 : 11111011;
    1686 : 11111011;
    1687 : 11111011;
    1688 : 11111011;
    1689 : 11111011;
    168A : 11111011;
    168B : 11111011;
    168C : 11111011;
    168D : 11111000;
    168E : 11111111;
    168F : 10110100;
    1690 : 00110100;
    1691 : 11011111;
    1692 : 10011001;
    1693 : 10101100;
    1694 : 01001100;
    1695 : 01111100;
    1696 : 11011111;
    1697 : 11001001;
    1698 : 00110001;
    1699 : 10001000;
    169A : 11011001;
    169B : 00110111;
    169C : 10011001;
    169D : 11010001;
    169E : 00010001;
    169F : 10000110;
    16A0 : 11100000;
    16A1 : 01001111;
    16A2 : 01001101;
    16A3 : 11011001;
    16A4 : 11011010;
    16A5 : 01010000;
    16A6 : 01011101;
    16A7 : 11101000;
    16A8 : 10100000;
    16A9 : 00110110;
    16AA : 11111011;
    16AB : 11111011;
    16AC : 11111010;
    16AD : 11111011;
    16AE : 11111011;
    16AF : 11111011;
    16B0 : 11111011;
    16B1 : 11111010;
    16B2 : 11111011;
    16B3 : 11111010;
    16B4 : 11111010;
    16B5 : 11111010;
    16B6 : 11111011;
    16B7 : 11111010;
    16B8 : 11111010;
    16B9 : 11111011;
    16BA : 11110110;
    16BB : 11111111;
    16BC : 10011111;
    16BD : 00010011;
    16BE : 00110110;
    16BF : 00110100;
    16C0 : 00101110;
    16C1 : 00100001;
    16C2 : 10000110;
    16C3 : 01101110;
    16C4 : 01101101;
    16C5 : 10010011;
    16C6 : 10001101;
    16C7 : 10001101;
    16C8 : 10001011;
    16C9 : 01101000;
    16CA : 10001001;
    16CB : 10001110;
    16CC : 10001101;
    16CD : 10001110;
    16CE : 10001101;
    16CF : 10001101;
    16D0 : 10001110;
    16D1 : 10001001;
    16D2 : 01101001;
    16D3 : 10001100;
    16D4 : 10001100;
    16D5 : 10001100;
    16D6 : 10010110;
    16D7 : 01100001;
    16D8 : 00111101;
    16D9 : 10011001;
    16DA : 00101101;
    16DB : 00101010;
    16DC : 00110101;
    16DD : 00110011;
    16DE : 00110100;
    16DF : 00011000;
    16E0 : 10111110;
    16E1 : 11111111;
    16E2 : 11111000;
    16E3 : 11111011;
    16E4 : 11111011;
    16E5 : 11111011;
    16E6 : 11111010;
    16E7 : 11111010;
    16E8 : 11111011;
    16E9 : 11111011;
    16EA : 11111011;
    16EB : 11111011;
    16EC : 11111010;
    16ED : 11111010;
    16EE : 11111010;
    16EF : 11111010;
    16F0 : 11110111;
    16F1 : 11111111;
    16F2 : 01110000;
    16F3 : 01100001;
    16F4 : 11100100;
    16F5 : 10110101;
    16F6 : 11001110;
    16F7 : 11010110;
    16F8 : 11011000;
    16F9 : 11000111;
    16FA : 00010100;
    16FB : 01010000;
    16FC : 11011101;
    16FD : 11010011;
    16FE : 11011000;
    16FF : 11011100;
    1700 : 11010100;
    1701 : 11011001;
    1702 : 10111110;
    1703 : 00001100;
    1704 : 01011110;
    1705 : 11011110;
    1706 : 11010000;
    1707 : 11011111;
    1708 : 10000000;
    1709 : 00100010;
    170A : 01100010;
    170B : 01010000;
    170C : 00100110;
    170D : 11100011;
    170E : 11111111;
    170F : 11111001;
    1710 : 11111011;
    1711 : 11111011;
    1712 : 11111010;
    1713 : 11111011;
    1714 : 11111011;
    1715 : 11111011;
    1716 : 11111010;
    1717 : 11111010;
    1718 : 11111011;
    1719 : 11111011;
    171A : 11111010;
    171B : 11111011;
    171C : 11111011;
    171D : 11111011;
    171E : 11111011;
    171F : 11111011;
    1720 : 11111011;
    1721 : 11111011;
    1722 : 11111010;
    1723 : 11111011;
    1724 : 11111010;
    1725 : 11111011;
    1726 : 11111011;
    1727 : 11111011;
    1728 : 11111011;
    1729 : 11111011;
    172A : 11111011;
    172B : 11111010;
    172C : 11111011;
    172D : 11111000;
    172E : 11111111;
    172F : 10110001;
    1730 : 00111001;
    1731 : 11011001;
    1732 : 11011001;
    1733 : 11100111;
    1734 : 01100010;
    1735 : 01100101;
    1736 : 11100010;
    1737 : 10100110;
    1738 : 00000000;
    1739 : 01100011;
    173A : 11010110;
    173B : 00110100;
    173C : 10010111;
    173D : 11010011;
    173E : 00010110;
    173F : 10000000;
    1740 : 11011101;
    1741 : 00100011;
    1742 : 00011110;
    1743 : 11001111;
    1744 : 11011001;
    1745 : 01000011;
    1746 : 10001111;
    1747 : 11100101;
    1748 : 10011110;
    1749 : 00110111;
    174A : 11111001;
    174B : 11111100;
    174C : 11111010;
    174D : 11111010;
    174E : 11111011;
    174F : 11111011;
    1750 : 11111010;
    1751 : 11111011;
    1752 : 11111010;
    1753 : 11111010;
    1754 : 11111010;
    1755 : 11111010;
    1756 : 11111011;
    1757 : 11111010;
    1758 : 11111010;
    1759 : 11111010;
    175A : 11111100;
    175B : 11111000;
    175C : 01010001;
    175D : 00011100;
    175E : 00110100;
    175F : 00110101;
    1760 : 00101000;
    1761 : 00110010;
    1762 : 10010001;
    1763 : 10010011;
    1764 : 10010010;
    1765 : 10001101;
    1766 : 10001101;
    1767 : 10010100;
    1768 : 01110010;
    1769 : 00001110;
    176A : 01100110;
    176B : 10010101;
    176C : 10001100;
    176D : 10001101;
    176E : 10010000;
    176F : 10001101;
    1770 : 10010101;
    1771 : 01100100;
    1772 : 00001111;
    1773 : 01110011;
    1774 : 10010100;
    1775 : 10001100;
    1776 : 10010001;
    1777 : 01111111;
    1778 : 01111000;
    1779 : 10010111;
    177A : 00111011;
    177B : 00100110;
    177C : 00110110;
    177D : 00110100;
    177E : 00110001;
    177F : 00011011;
    1780 : 11010101;
    1781 : 11111111;
    1782 : 11111001;
    1783 : 11111010;
    1784 : 11111011;
    1785 : 11111011;
    1786 : 11111010;
    1787 : 11111010;
    1788 : 11111011;
    1789 : 11111011;
    178A : 11111010;
    178B : 11111011;
    178C : 11111010;
    178D : 11111011;
    178E : 11111011;
    178F : 11111011;
    1790 : 11110111;
    1791 : 11111111;
    1792 : 01101100;
    1793 : 01100011;
    1794 : 11100000;
    1795 : 11010111;
    1796 : 11010111;
    1797 : 11010100;
    1798 : 11011000;
    1799 : 11001000;
    179A : 00011001;
    179B : 01010110;
    179C : 11011011;
    179D : 11011001;
    179E : 10110101;
    179F : 10001001;
    17A0 : 11011001;
    17A1 : 11011000;
    17A2 : 11000001;
    17A3 : 00010010;
    17A4 : 01100100;
    17A5 : 11011110;
    17A6 : 11010000;
    17A7 : 11011111;
    17A8 : 01110110;
    17A9 : 00100100;
    17AA : 01100010;
    17AB : 01001111;
    17AC : 00100101;
    17AD : 11011110;
    17AE : 11111111;
    17AF : 11111001;
    17B0 : 11111010;
    17B1 : 11111010;
    17B2 : 11111010;
    17B3 : 11111010;
    17B4 : 11111010;
    17B5 : 11111011;
    17B6 : 11111011;
    17B7 : 11111011;
    17B8 : 11111010;
    17B9 : 11111010;
    17BA : 11111011;
    17BB : 11111011;
    17BC : 11111011;
    17BD : 11111011;
    17BE : 11111010;
    17BF : 11111011;
    17C0 : 11111011;
    17C1 : 11111011;
    17C2 : 11111011;
    17C3 : 11111011;
    17C4 : 11111011;
    17C5 : 11111011;
    17C6 : 11111011;
    17C7 : 11111011;
    17C8 : 11111011;
    17C9 : 11111011;
    17CA : 11111011;
    17CB : 11111010;
    17CC : 11111010;
    17CD : 11111000;
    17CE : 11111111;
    17CF : 11000011;
    17D0 : 00101000;
    17D1 : 11001111;
    17D2 : 11010010;
    17D3 : 11011101;
    17D4 : 10000100;
    17D5 : 00111001;
    17D6 : 11011100;
    17D7 : 11010101;
    17D8 : 01010110;
    17D9 : 10110100;
    17DA : 11001110;
    17DB : 00100111;
    17DC : 10110100;
    17DD : 11000000;
    17DE : 00010111;
    17DF : 01011111;
    17E0 : 11100101;
    17E1 : 01111111;
    17E2 : 01110100;
    17E3 : 11100010;
    17E4 : 11001000;
    17E5 : 00100110;
    17E6 : 10100110;
    17E7 : 11100100;
    17E8 : 10000110;
    17E9 : 01000001;
    17EA : 11111111;
    17EB : 11111001;
    17EC : 11111010;
    17ED : 11111011;
    17EE : 11111010;
    17EF : 11111010;
    17F0 : 11111010;
    17F1 : 11111011;
    17F2 : 11111010;
    17F3 : 11111010;
    17F4 : 11111010;
    17F5 : 11111010;
    17F6 : 11111010;
    17F7 : 11111011;
    17F8 : 11111011;
    17F9 : 11110111;
    17FA : 11111111;
    17FB : 10010111;
    17FC : 00001100;
    17FD : 00110110;
    17FE : 00110011;
    17FF : 00110101;
    1800 : 00101001;
    1801 : 00110001;
    1802 : 10001111;
    1803 : 10001100;
    1804 : 10001100;
    1805 : 10001110;
    1806 : 10001101;
    1807 : 10010100;
    1808 : 01110011;
    1809 : 00010010;
    180A : 01101001;
    180B : 10010101;
    180C : 10001100;
    180D : 10001111;
    180E : 10000001;
    180F : 10001001;
    1810 : 10010110;
    1811 : 01100100;
    1812 : 00010000;
    1813 : 01110010;
    1814 : 10010100;
    1815 : 10001101;
    1816 : 10001101;
    1817 : 10010000;
    1818 : 10010001;
    1819 : 10010000;
    181A : 00110011;
    181B : 00101000;
    181C : 00110101;
    181D : 00110110;
    181E : 00011110;
    181F : 01010010;
    1820 : 11111111;
    1821 : 11111010;
    1822 : 11111010;
    1823 : 11111011;
    1824 : 11111011;
    1825 : 11111010;
    1826 : 11111010;
    1827 : 11111011;
    1828 : 11111011;
    1829 : 11111011;
    182A : 11111011;
    182B : 11111011;
    182C : 11111011;
    182D : 11111011;
    182E : 11111010;
    182F : 11111011;
    1830 : 11110111;
    1831 : 11111111;
    1832 : 10000111;
    1833 : 01000111;
    1834 : 11011111;
    1835 : 11010011;
    1836 : 11010110;
    1837 : 11010110;
    1838 : 11010100;
    1839 : 11011001;
    183A : 10101010;
    183B : 10111100;
    183C : 11010111;
    183D : 11100000;
    183E : 01110001;
    183F : 01001101;
    1840 : 11100000;
    1841 : 11010010;
    1842 : 11011001;
    1843 : 10100101;
    1844 : 11000101;
    1845 : 11011000;
    1846 : 11010010;
    1847 : 11011111;
    1848 : 01110010;
    1849 : 00100110;
    184A : 01100011;
    184B : 01001011;
    184C : 00101000;
    184D : 11100110;
    184E : 11111111;
    184F : 11111001;
    1850 : 11111010;
    1851 : 11111010;
    1852 : 11111010;
    1853 : 11111011;
    1854 : 11111010;
    1855 : 11111010;
    1856 : 11111010;
    1857 : 11111011;
    1858 : 11111011;
    1859 : 11111011;
    185A : 11111010;
    185B : 11111011;
    185C : 11111011;
    185D : 11111011;
    185E : 11111011;
    185F : 11111011;
    1860 : 11111011;
    1861 : 11111011;
    1862 : 11111011;
    1863 : 11111011;
    1864 : 11111011;
    1865 : 11111011;
    1866 : 11111011;
    1867 : 11111011;
    1868 : 11111011;
    1869 : 11111011;
    186A : 11111011;
    186B : 11111011;
    186C : 11111010;
    186D : 11111001;
    186E : 11111111;
    186F : 11101001;
    1870 : 00100100;
    1871 : 10101111;
    1872 : 11011100;
    1873 : 11010111;
    1874 : 11001011;
    1875 : 00101100;
    1876 : 01100100;
    1877 : 10111001;
    1878 : 11001000;
    1879 : 10111101;
    187A : 01010100;
    187B : 00101011;
    187C : 11011100;
    187D : 10011011;
    187E : 00010011;
    187F : 00011111;
    1880 : 10001110;
    1881 : 11001100;
    1882 : 11001011;
    1883 : 10111100;
    1884 : 01010000;
    1885 : 00110110;
    1886 : 11010001;
    1887 : 11100001;
    1888 : 01010001;
    1889 : 01101110;
    188A : 11111111;
    188B : 11110111;
    188C : 11111011;
    188D : 11111011;
    188E : 11111011;
    188F : 11111010;
    1890 : 11111011;
    1891 : 11111010;
    1892 : 11111010;
    1893 : 11111010;
    1894 : 11111010;
    1895 : 11111010;
    1896 : 11111010;
    1897 : 11111011;
    1898 : 11111010;
    1899 : 11111001;
    189A : 11111111;
    189B : 01001110;
    189C : 00100000;
    189D : 00110111;
    189E : 00110010;
    189F : 00110100;
    18A0 : 00101110;
    18A1 : 00100100;
    18A2 : 10000100;
    18A3 : 10010001;
    18A4 : 10010000;
    18A5 : 10001101;
    18A6 : 10001110;
    18A7 : 10001110;
    18A8 : 10001110;
    18A9 : 01110011;
    18AA : 10001011;
    18AB : 10001110;
    18AC : 10001101;
    18AD : 10010011;
    18AE : 00110110;
    18AF : 01101011;
    18B0 : 10010110;
    18B1 : 10001010;
    18B2 : 01110000;
    18B3 : 10001101;
    18B4 : 10001110;
    18B5 : 10001110;
    18B6 : 10001110;
    18B7 : 10001100;
    18B8 : 10001110;
    18B9 : 10000100;
    18BA : 00100100;
    18BB : 00101110;
    18BC : 00110101;
    18BD : 00110100;
    18BE : 00010100;
    18BF : 01101000;
    18C0 : 11111111;
    18C1 : 11111001;
    18C2 : 11111010;
    18C3 : 11111010;
    18C4 : 11111010;
    18C5 : 11111010;
    18C6 : 11111011;
    18C7 : 11111010;
    18C8 : 11111010;
    18C9 : 11111011;
    18CA : 11111011;
    18CB : 11111011;
    18CC : 11111011;
    18CD : 11111011;
    18CE : 11111011;
    18CF : 11111010;
    18D0 : 11111000;
    18D1 : 11111111;
    18D2 : 11000001;
    18D3 : 00011110;
    18D4 : 11011011;
    18D5 : 10000101;
    18D6 : 10001001;
    18D7 : 11011110;
    18D8 : 11010011;
    18D9 : 11010100;
    18DA : 11011011;
    18DB : 11011001;
    18DC : 11010010;
    18DD : 11011111;
    18DE : 01001001;
    18DF : 10000011;
    18E0 : 11011111;
    18E1 : 11010011;
    18E2 : 11010101;
    18E3 : 11011011;
    18E4 : 11011000;
    18E5 : 11010101;
    18E6 : 11010011;
    18E7 : 11011111;
    18E8 : 01110011;
    18E9 : 00100110;
    18EA : 01100110;
    18EB : 00111110;
    18EC : 00111011;
    18ED : 11111010;
    18EE : 11111011;
    18EF : 11111010;
    18F0 : 11111011;
    18F1 : 11111010;
    18F2 : 11111011;
    18F3 : 11111011;
    18F4 : 11111011;
    18F5 : 11111010;
    18F6 : 11111010;
    18F7 : 11111010;
    18F8 : 11111011;
    18F9 : 11111011;
    18FA : 11111010;
    18FB : 11111011;
    18FC : 11111011;
    18FD : 11111011;
    18FE : 11111011;
    18FF : 11111011;
    1900 : 11111011;
    1901 : 11111010;
    1902 : 11111010;
    1903 : 11111011;
    1904 : 11111011;
    1905 : 11111011;
    1906 : 11111010;
    1907 : 11111011;
    1908 : 11111010;
    1909 : 11111011;
    190A : 11111011;
    190B : 11111011;
    190C : 11111011;
    190D : 11111010;
    190E : 11111000;
    190F : 11111111;
    1910 : 01010011;
    1911 : 01011101;
    1912 : 11011110;
    1913 : 11001101;
    1914 : 11011011;
    1915 : 10111100;
    1916 : 01010000;
    1917 : 00110100;
    1918 : 00110011;
    1919 : 00101110;
    191A : 00111010;
    191B : 10101101;
    191C : 11011011;
    191D : 11001011;
    191E : 00110000;
    191F : 01001100;
    1920 : 00110000;
    1921 : 00101011;
    1922 : 00110001;
    1923 : 00110001;
    1924 : 01011011;
    1925 : 10000001;
    1926 : 01110011;
    1927 : 11001111;
    1928 : 00010110;
    1929 : 11000111;
    192A : 11111111;
    192B : 11111000;
    192C : 11111010;
    192D : 11111011;
    192E : 11111011;
    192F : 11111011;
    1930 : 11111010;
    1931 : 11111010;
    1932 : 11111010;
    1933 : 11111010;
    1934 : 11111010;
    1935 : 11111010;
    1936 : 11111010;
    1937 : 11111010;
    1938 : 11111010;
    1939 : 11111101;
    193A : 11110100;
    193B : 00110110;
    193C : 00101000;
    193D : 00110101;
    193E : 00110011;
    193F : 00110011;
    1940 : 00110101;
    1941 : 00011010;
    1942 : 01100100;
    1943 : 10010011;
    1944 : 01111100;
    1945 : 10010000;
    1946 : 10001110;
    1947 : 10001110;
    1948 : 10001110;
    1949 : 10010100;
    194A : 10001110;
    194B : 10001101;
    194C : 10001100;
    194D : 10010100;
    194E : 00111100;
    194F : 01011000;
    1950 : 10010111;
    1951 : 10001101;
    1952 : 10010100;
    1953 : 10001110;
    1954 : 10001110;
    1955 : 10001110;
    1956 : 10001101;
    1957 : 10001110;
    1958 : 10011100;
    1959 : 01100001;
    195A : 00011010;
    195B : 00110101;
    195C : 00110100;
    195D : 00110100;
    195E : 00110001;
    195F : 00001111;
    1960 : 10011011;
    1961 : 11111111;
    1962 : 11110111;
    1963 : 11111010;
    1964 : 11111010;
    1965 : 11111011;
    1966 : 11111010;
    1967 : 11111010;
    1968 : 11111010;
    1969 : 11111010;
    196A : 11111011;
    196B : 11111010;
    196C : 11111010;
    196D : 11111011;
    196E : 11111011;
    196F : 11111010;
    1970 : 11111010;
    1971 : 11111010;
    1972 : 11111111;
    1973 : 00110101;
    1974 : 10000000;
    1975 : 01110110;
    1976 : 01100100;
    1977 : 11100001;
    1978 : 11010010;
    1979 : 11010110;
    197A : 11010100;
    197B : 11010100;
    197C : 11010111;
    197D : 11010001;
    197E : 00110010;
    197F : 10110001;
    1980 : 11011111;
    1981 : 11010100;
    1982 : 11010110;
    1983 : 11010100;
    1984 : 11010101;
    1985 : 11010110;
    1986 : 11010011;
    1987 : 11011111;
    1988 : 01101010;
    1989 : 00101111;
    198A : 01101000;
    198B : 00011011;
    198C : 01110100;
    198D : 11111111;
    198E : 11110111;
    198F : 11111010;
    1990 : 11111011;
    1991 : 11111010;
    1992 : 11111011;
    1993 : 11111010;
    1994 : 11111011;
    1995 : 11111011;
    1996 : 11111010;
    1997 : 11111010;
    1998 : 11111010;
    1999 : 11111010;
    199A : 11111010;
    199B : 11111011;
    199C : 11111011;
    199D : 11111011;
    199E : 11111010;
    199F : 11111011;
    19A0 : 11111011;
    19A1 : 11111011;
    19A2 : 11111010;
    19A3 : 11111011;
    19A4 : 11111010;
    19A5 : 11111011;
    19A6 : 11111011;
    19A7 : 11111011;
    19A8 : 11111011;
    19A9 : 11111011;
    19AA : 11111011;
    19AB : 11111011;
    19AC : 11111011;
    19AD : 11111010;
    19AE : 11111000;
    19AF : 11111111;
    19B0 : 11010000;
    19B1 : 00100000;
    19B2 : 00100111;
    19B3 : 10001001;
    19B4 : 11011101;
    19B5 : 11010111;
    19B6 : 11011110;
    19B7 : 11001101;
    19B8 : 11000010;
    19B9 : 11000111;
    19BA : 11011011;
    19BB : 11011010;
    19BC : 11010111;
    19BD : 11101010;
    19BE : 01011000;
    19BF : 10000111;
    19C0 : 11011101;
    19C1 : 10111000;
    19C2 : 10111011;
    19C3 : 11000111;
    19C4 : 11100111;
    19C5 : 10000111;
    19C6 : 00110011;
    19C7 : 00110000;
    19C8 : 01100101;
    19C9 : 11111111;
    19CA : 11111000;
    19CB : 11111010;
    19CC : 11111011;
    19CD : 11111011;
    19CE : 11111011;
    19CF : 11111011;
    19D0 : 11111010;
    19D1 : 11111010;
    19D2 : 11111010;
    19D3 : 11111010;
    19D4 : 11111010;
    19D5 : 11111010;
    19D6 : 11111011;
    19D7 : 11111010;
    19D8 : 11111010;
    19D9 : 11111011;
    19DA : 11111011;
    19DB : 01000000;
    19DC : 00100110;
    19DD : 00110110;
    19DE : 00110011;
    19DF : 00110011;
    19E0 : 00110101;
    19E1 : 00100111;
    19E2 : 00101110;
    19E3 : 01010011;
    19E4 : 00111101;
    19E5 : 10010101;
    19E6 : 10001101;
    19E7 : 10001110;
    19E8 : 10001101;
    19E9 : 10001100;
    19EA : 10001101;
    19EB : 10001101;
    19EC : 10001101;
    19ED : 10100001;
    19EE : 01010011;
    19EF : 01001000;
    19F0 : 10011000;
    19F1 : 10001100;
    19F2 : 10001101;
    19F3 : 10001110;
    19F4 : 10001110;
    19F5 : 10001100;
    19F6 : 10010101;
    19F7 : 01100001;
    19F8 : 01010110;
    19F9 : 00101110;
    19FA : 00100110;
    19FB : 00110101;
    19FC : 00110011;
    19FD : 00110011;
    19FE : 00110111;
    19FF : 00100100;
    1A00 : 00111011;
    1A01 : 11111010;
    1A02 : 11111011;
    1A03 : 11111010;
    1A04 : 11111010;
    1A05 : 11111010;
    1A06 : 11111010;
    1A07 : 11111010;
    1A08 : 11111011;
    1A09 : 11111011;
    1A0A : 11111011;
    1A0B : 11111010;
    1A0C : 11111010;
    1A0D : 11111011;
    1A0E : 11111011;
    1A0F : 11111010;
    1A10 : 11111011;
    1A11 : 11111000;
    1A12 : 11111111;
    1A13 : 11000001;
    1A14 : 00011011;
    1A15 : 00101001;
    1A16 : 01101101;
    1A17 : 11011110;
    1A18 : 11010011;
    1A19 : 11010101;
    1A1A : 11010110;
    1A1B : 11010100;
    1A1C : 11011001;
    1A1D : 11000001;
    1A1E : 00101100;
    1A1F : 11000011;
    1A20 : 11000001;
    1A21 : 11010101;
    1A22 : 11010101;
    1A23 : 11010101;
    1A24 : 11010101;
    1A25 : 11010101;
    1A26 : 11010011;
    1A27 : 11011101;
    1A28 : 01010111;
    1A29 : 00011110;
    1A2A : 00110100;
    1A2B : 00100010;
    1A2C : 11011100;
    1A2D : 11111111;
    1A2E : 11111001;
    1A2F : 11111010;
    1A30 : 11111010;
    1A31 : 11111010;
    1A32 : 11111010;
    1A33 : 11111010;
    1A34 : 11111010;
    1A35 : 11111010;
    1A36 : 11111010;
    1A37 : 11111011;
    1A38 : 11111011;
    1A39 : 11111010;
    1A3A : 11111010;
    1A3B : 11111011;
    1A3C : 11111010;
    1A3D : 11111011;
    1A3E : 11111011;
    1A3F : 11111010;
    1A40 : 11111011;
    1A41 : 11111011;
    1A42 : 11111011;
    1A43 : 11111011;
    1A44 : 11111011;
    1A45 : 11111011;
    1A46 : 11111011;
    1A47 : 11111011;
    1A48 : 11111011;
    1A49 : 11111011;
    1A4A : 11111011;
    1A4B : 11111011;
    1A4C : 11111010;
    1A4D : 11111010;
    1A4E : 11111011;
    1A4F : 11111000;
    1A50 : 11111111;
    1A51 : 11000001;
    1A52 : 00110111;
    1A53 : 00110110;
    1A54 : 11010110;
    1A55 : 11010101;
    1A56 : 11010011;
    1A57 : 11010111;
    1A58 : 11011001;
    1A59 : 11011000;
    1A5A : 11010011;
    1A5B : 11011011;
    1A5C : 10011001;
    1A5D : 10001001;
    1A5E : 01001011;
    1A5F : 01101001;
    1A60 : 11100001;
    1A61 : 11011000;
    1A62 : 11011010;
    1A63 : 11010110;
    1A64 : 11011101;
    1A65 : 01111010;
    1A66 : 00010010;
    1A67 : 01110011;
    1A68 : 11111010;
    1A69 : 11111101;
    1A6A : 11111010;
    1A6B : 11111011;
    1A6C : 11111010;
    1A6D : 11111010;
    1A6E : 11111010;
    1A6F : 11111010;
    1A70 : 11111010;
    1A71 : 11111011;
    1A72 : 11111011;
    1A73 : 11111010;
    1A74 : 11111010;
    1A75 : 11111010;
    1A76 : 11111011;
    1A77 : 11111010;
    1A78 : 11111011;
    1A79 : 11110111;
    1A7A : 11111111;
    1A7B : 01111101;
    1A7C : 00010010;
    1A7D : 00110111;
    1A7E : 00110011;
    1A7F : 00110011;
    1A80 : 00110011;
    1A81 : 00110100;
    1A82 : 00100110;
    1A83 : 00010101;
    1A84 : 00110111;
    1A85 : 10010001;
    1A86 : 10001101;
    1A87 : 10001110;
    1A88 : 10001110;
    1A89 : 10001110;
    1A8A : 10001101;
    1A8B : 10001111;
    1A8C : 10000100;
    1A8D : 01011111;
    1A8E : 00110110;
    1A8F : 01001100;
    1A90 : 10011000;
    1A91 : 10001100;
    1A92 : 10001110;
    1A93 : 10001110;
    1A94 : 10001110;
    1A95 : 10001100;
    1A96 : 10010101;
    1A97 : 01000110;
    1A98 : 00010000;
    1A99 : 00100101;
    1A9A : 00110100;
    1A9B : 00110100;
    1A9C : 00110100;
    1A9D : 00110100;
    1A9E : 00110100;
    1A9F : 00110000;
    1AA0 : 00100101;
    1AA1 : 11100000;
    1AA2 : 11111111;
    1AA3 : 11111001;
    1AA4 : 11111011;
    1AA5 : 11111010;
    1AA6 : 11111010;
    1AA7 : 11111011;
    1AA8 : 11111011;
    1AA9 : 11111011;
    1AAA : 11111011;
    1AAB : 11111011;
    1AAC : 11111011;
    1AAD : 11111011;
    1AAE : 11111011;
    1AAF : 11111010;
    1AB0 : 11111011;
    1AB1 : 11111011;
    1AB2 : 11111000;
    1AB3 : 11111111;
    1AB4 : 11000000;
    1AB5 : 00101010;
    1AB6 : 01011010;
    1AB7 : 11011110;
    1AB8 : 11010011;
    1AB9 : 11010101;
    1ABA : 11010110;
    1ABB : 11010101;
    1ABC : 11010110;
    1ABD : 11010101;
    1ABE : 01000010;
    1ABF : 00011110;
    1AC0 : 01001010;
    1AC1 : 11011000;
    1AC2 : 11010101;
    1AC3 : 11010101;
    1AC4 : 11010110;
    1AC5 : 11010101;
    1AC6 : 11010101;
    1AC7 : 11011000;
    1AC8 : 00111111;
    1AC9 : 01000000;
    1ACA : 00011000;
    1ACB : 10100011;
    1ACC : 11111111;
    1ACD : 11110111;
    1ACE : 11111011;
    1ACF : 11111010;
    1AD0 : 11111010;
    1AD1 : 11111010;
    1AD2 : 11111010;
    1AD3 : 11111010;
    1AD4 : 11111011;
    1AD5 : 11111011;
    1AD6 : 11111010;
    1AD7 : 11111011;
    1AD8 : 11111011;
    1AD9 : 11111010;
    1ADA : 11111010;
    1ADB : 11111011;
    1ADC : 11111011;
    1ADD : 11111010;
    1ADE : 11111011;
    1ADF : 11111010;
    1AE0 : 11111011;
    1AE1 : 11111011;
    1AE2 : 11111011;
    1AE3 : 11111010;
    1AE4 : 11111011;
    1AE5 : 11111010;
    1AE6 : 11111011;
    1AE7 : 11111011;
    1AE8 : 11111010;
    1AE9 : 11111011;
    1AEA : 11111011;
    1AEB : 11111011;
    1AEC : 11111011;
    1AED : 11111010;
    1AEE : 11111010;
    1AEF : 11111011;
    1AF0 : 11110111;
    1AF1 : 11111111;
    1AF2 : 11110000;
    1AF3 : 00100101;
    1AF4 : 10110011;
    1AF5 : 11011011;
    1AF6 : 11010100;
    1AF7 : 11010101;
    1AF8 : 11010101;
    1AF9 : 11010101;
    1AFA : 11010011;
    1AFB : 11011011;
    1AFC : 10100010;
    1AFD : 00101001;
    1AFE : 00110111;
    1AFF : 10110111;
    1B00 : 11011001;
    1B01 : 11010011;
    1B02 : 11010100;
    1B03 : 11010010;
    1B04 : 11011111;
    1B05 : 01001110;
    1B06 : 10000001;
    1B07 : 11111111;
    1B08 : 11111001;
    1B09 : 11111001;
    1B0A : 11111011;
    1B0B : 11111011;
    1B0C : 11111010;
    1B0D : 11111011;
    1B0E : 11111011;
    1B0F : 11111011;
    1B10 : 11111010;
    1B11 : 11111011;
    1B12 : 11111010;
    1B13 : 11111010;
    1B14 : 11111010;
    1B15 : 11111010;
    1B16 : 11111010;
    1B17 : 11111010;
    1B18 : 11111011;
    1B19 : 11111010;
    1B1A : 11111110;
    1B1B : 11110001;
    1B1C : 00110110;
    1B1D : 00100001;
    1B1E : 00110110;
    1B1F : 00110011;
    1B20 : 00110100;
    1B21 : 00110011;
    1B22 : 00110110;
    1B23 : 00101100;
    1B24 : 00100111;
    1B25 : 10001000;
    1B26 : 10001111;
    1B27 : 10001101;
    1B28 : 10001110;
    1B29 : 10001101;
    1B2A : 10001101;
    1B2B : 10001110;
    1B2C : 10001001;
    1B2D : 00111011;
    1B2E : 00110100;
    1B2F : 10000010;
    1B30 : 10010000;
    1B31 : 10001100;
    1B32 : 10001110;
    1B33 : 10001110;
    1B34 : 10001110;
    1B35 : 10001101;
    1B36 : 10010000;
    1B37 : 00110100;
    1B38 : 00100111;
    1B39 : 00110110;
    1B3A : 00110100;
    1B3B : 00110100;
    1B3C : 00110100;
    1B3D : 00110100;
    1B3E : 00110100;
    1B3F : 00110001;
    1B40 : 00100100;
    1B41 : 11011101;
    1B42 : 11111111;
    1B43 : 11111001;
    1B44 : 11111011;
    1B45 : 11111010;
    1B46 : 11111010;
    1B47 : 11111010;
    1B48 : 11111010;
    1B49 : 11111011;
    1B4A : 11111010;
    1B4B : 11111010;
    1B4C : 11111011;
    1B4D : 11111010;
    1B4E : 11111011;
    1B4F : 11111010;
    1B50 : 11111011;
    1B51 : 11111011;
    1B52 : 11111011;
    1B53 : 11110101;
    1B54 : 11111111;
    1B55 : 10110000;
    1B56 : 00110011;
    1B57 : 11011011;
    1B58 : 11010101;
    1B59 : 11010101;
    1B5A : 11010110;
    1B5B : 11010101;
    1B5C : 11010010;
    1B5D : 11011000;
    1B5E : 11000110;
    1B5F : 10010100;
    1B60 : 11000011;
    1B61 : 11010111;
    1B62 : 11010011;
    1B63 : 11010110;
    1B64 : 11010110;
    1B65 : 11010101;
    1B66 : 11011001;
    1B67 : 11000011;
    1B68 : 00101000;
    1B69 : 11000111;
    1B6A : 00111100;
    1B6B : 10110110;
    1B6C : 11111111;
    1B6D : 11111000;
    1B6E : 11111011;
    1B6F : 11111011;
    1B70 : 11111011;
    1B71 : 11111011;
    1B72 : 11111010;
    1B73 : 11111011;
    1B74 : 11111011;
    1B75 : 11111011;
    1B76 : 11111010;
    1B77 : 11111010;
    1B78 : 11111010;
    1B79 : 11111010;
    1B7A : 11111011;
    1B7B : 11111011;
    1B7C : 11111011;
    1B7D : 11111011;
    1B7E : 11111010;
    1B7F : 11111011;
    1B80 : 11111011;
    1B81 : 11111011;
    1B82 : 11111011;
    1B83 : 11111011;
    1B84 : 11111011;
    1B85 : 11111011;
    1B86 : 11111011;
    1B87 : 11111011;
    1B88 : 11111010;
    1B89 : 11111011;
    1B8A : 11111011;
    1B8B : 11111011;
    1B8C : 11111011;
    1B8D : 11111010;
    1B8E : 11111010;
    1B8F : 11111010;
    1B90 : 11111010;
    1B91 : 11110110;
    1B92 : 11111111;
    1B93 : 01001010;
    1B94 : 01111101;
    1B95 : 11100000;
    1B96 : 11010011;
    1B97 : 11010110;
    1B98 : 11010110;
    1B99 : 11010110;
    1B9A : 11010110;
    1B9B : 11010001;
    1B9C : 11011010;
    1B9D : 11010111;
    1B9E : 11010100;
    1B9F : 11011000;
    1BA0 : 11010110;
    1BA1 : 11010101;
    1BA2 : 11010101;
    1BA3 : 11010101;
    1BA4 : 11011001;
    1BA5 : 00110001;
    1BA6 : 10110100;
    1BA7 : 11111111;
    1BA8 : 11110111;
    1BA9 : 11111011;
    1BAA : 11111010;
    1BAB : 11111010;
    1BAC : 11111010;
    1BAD : 11111010;
    1BAE : 11111010;
    1BAF : 11111010;
    1BB0 : 11111010;
    1BB1 : 11111010;
    1BB2 : 11111010;
    1BB3 : 11111010;
    1BB4 : 11111010;
    1BB5 : 11111010;
    1BB6 : 11111010;
    1BB7 : 11111010;
    1BB8 : 11111010;
    1BB9 : 11111000;
    1BBA : 11111111;
    1BBB : 11001011;
    1BBC : 00100100;
    1BBD : 00101011;
    1BBE : 00110101;
    1BBF : 00110011;
    1BC0 : 00110100;
    1BC1 : 00110011;
    1BC2 : 00110100;
    1BC3 : 00110100;
    1BC4 : 00011101;
    1BC5 : 01110011;
    1BC6 : 10010011;
    1BC7 : 10001100;
    1BC8 : 10001101;
    1BC9 : 10001101;
    1BCA : 10001111;
    1BCB : 10001111;
    1BCC : 10001101;
    1BCD : 10010010;
    1BCE : 10010010;
    1BCF : 10001111;
    1BD0 : 10001101;
    1BD1 : 10001111;
    1BD2 : 10001110;
    1BD3 : 10001110;
    1BD4 : 10001101;
    1BD5 : 10010010;
    1BD6 : 01111111;
    1BD7 : 00100000;
    1BD8 : 00110001;
    1BD9 : 00110100;
    1BDA : 00110011;
    1BDB : 00110100;
    1BDC : 00110100;
    1BDD : 00110011;
    1BDE : 00110110;
    1BDF : 00101000;
    1BE0 : 00110010;
    1BE1 : 11110011;
    1BE2 : 11111101;
    1BE3 : 11111010;
    1BE4 : 11111010;
    1BE5 : 11111010;
    1BE6 : 11111010;
    1BE7 : 11111010;
    1BE8 : 11111010;
    1BE9 : 11111010;
    1BEA : 11111010;
    1BEB : 11111011;
    1BEC : 11111011;
    1BED : 11111011;
    1BEE : 11111010;
    1BEF : 11111010;
    1BF0 : 11111010;
    1BF1 : 11111010;
    1BF2 : 11111010;
    1BF3 : 11111001;
    1BF4 : 11111111;
    1BF5 : 11011011;
    1BF6 : 00100111;
    1BF7 : 10111111;
    1BF8 : 11011001;
    1BF9 : 11010101;
    1BFA : 11010100;
    1BFB : 11011001;
    1BFC : 11011111;
    1BFD : 11010101;
    1BFE : 11010110;
    1BFF : 11011100;
    1C00 : 11010111;
    1C01 : 11011011;
    1C02 : 11011101;
    1C03 : 11010101;
    1C04 : 11010110;
    1C05 : 11010011;
    1C06 : 11011110;
    1C07 : 10010100;
    1C08 : 00110100;
    1C09 : 11010010;
    1C0A : 00101001;
    1C0B : 11000101;
    1C0C : 11111111;
    1C0D : 11111000;
    1C0E : 11111010;
    1C0F : 11111010;
    1C10 : 11111010;
    1C11 : 11111010;
    1C12 : 11111011;
    1C13 : 11111011;
    1C14 : 11111011;
    1C15 : 11111011;
    1C16 : 11111011;
    1C17 : 11111011;
    1C18 : 11111011;
    1C19 : 11111010;
    1C1A : 11111011;
    1C1B : 11111011;
    1C1C : 11111011;
    1C1D : 11111011;
    1C1E : 11111011;
    1C1F : 11111011;
    1C20 : 11111011;
    1C21 : 11111011;
    1C22 : 11111011;
    1C23 : 11111010;
    1C24 : 11111011;
    1C25 : 11111011;
    1C26 : 11111011;
    1C27 : 11111011;
    1C28 : 11111011;
    1C29 : 11111011;
    1C2A : 11111011;
    1C2B : 11111010;
    1C2C : 11111011;
    1C2D : 11111011;
    1C2E : 11111010;
    1C2F : 11111010;
    1C30 : 11111011;
    1C31 : 11110111;
    1C32 : 11111111;
    1C33 : 10001110;
    1C34 : 00111110;
    1C35 : 11011110;
    1C36 : 11010100;
    1C37 : 11010110;
    1C38 : 11010110;
    1C39 : 11010100;
    1C3A : 11010111;
    1C3B : 11100000;
    1C3C : 11011010;
    1C3D : 11011001;
    1C3E : 11011110;
    1C3F : 11011100;
    1C40 : 11010000;
    1C41 : 11010110;
    1C42 : 11010100;
    1C43 : 11011010;
    1C44 : 10111000;
    1C45 : 00101000;
    1C46 : 11100101;
    1C47 : 11111111;
    1C48 : 11111001;
    1C49 : 11111010;
    1C4A : 11111011;
    1C4B : 11111010;
    1C4C : 11111010;
    1C4D : 11111010;
    1C4E : 11111010;
    1C4F : 11111011;
    1C50 : 11111010;
    1C51 : 11111010;
    1C52 : 11111010;
    1C53 : 11111011;
    1C54 : 11111010;
    1C55 : 11111010;
    1C56 : 11111010;
    1C57 : 11111010;
    1C58 : 11111010;
    1C59 : 11111001;
    1C5A : 11111111;
    1C5B : 01010001;
    1C5C : 00011010;
    1C5D : 00111001;
    1C5E : 00110011;
    1C5F : 00110100;
    1C60 : 00110100;
    1C61 : 00110100;
    1C62 : 00110011;
    1C63 : 00110110;
    1C64 : 00011110;
    1C65 : 01010000;
    1C66 : 10010111;
    1C67 : 10001100;
    1C68 : 10001101;
    1C69 : 10001111;
    1C6A : 10001000;
    1C6B : 10001010;
    1C6C : 10011000;
    1C6D : 10010010;
    1C6E : 10010000;
    1C6F : 10010110;
    1C70 : 10010010;
    1C71 : 10000110;
    1C72 : 10001110;
    1C73 : 10001101;
    1C74 : 10001100;
    1C75 : 10010110;
    1C76 : 01011011;
    1C77 : 00011011;
    1C78 : 00110110;
    1C79 : 00110100;
    1C7A : 00110100;
    1C7B : 00110100;
    1C7C : 00110011;
    1C7D : 00110100;
    1C7E : 00110011;
    1C7F : 00010100;
    1C80 : 10000110;
    1C81 : 11111111;
    1C82 : 11110111;
    1C83 : 11111010;
    1C84 : 11111011;
    1C85 : 11111011;
    1C86 : 11111011;
    1C87 : 11111011;
    1C88 : 11111010;
    1C89 : 11111010;
    1C8A : 11111011;
    1C8B : 11111010;
    1C8C : 11111011;
    1C8D : 11111011;
    1C8E : 11111010;
    1C8F : 11111011;
    1C90 : 11111011;
    1C91 : 11111011;
    1C92 : 11111011;
    1C93 : 11111010;
    1C94 : 11111010;
    1C95 : 11111111;
    1C96 : 00111111;
    1C97 : 10000110;
    1C98 : 11011111;
    1C99 : 11010010;
    1C9A : 11011001;
    1C9B : 10111000;
    1C9C : 10001010;
    1C9D : 11011001;
    1C9E : 11011111;
    1C9F : 11011111;
    1CA0 : 11011111;
    1CA1 : 10101001;
    1CA2 : 10010110;
    1CA3 : 11011000;
    1CA4 : 11010011;
    1CA5 : 11010010;
    1CA6 : 11100000;
    1CA7 : 01001101;
    1CA8 : 01110001;
    1CA9 : 10100101;
    1CAA : 00101000;
    1CAB : 11110111;
    1CAC : 11111100;
    1CAD : 11111010;
    1CAE : 11111010;
    1CAF : 11111010;
    1CB0 : 11111011;
    1CB1 : 11111010;
    1CB2 : 11111011;
    1CB3 : 11111011;
    1CB4 : 11111011;
    1CB5 : 11111011;
    1CB6 : 11111011;
    1CB7 : 11111010;
    1CB8 : 11111011;
    1CB9 : 11111010;
    1CBA : 11111011;
    1CBB : 11111011;
    1CBC : 11111011;
    1CBD : 11111010;
    1CBE : 11111011;
    1CBF : 11111011;
    1CC0 : 11111011;
    1CC1 : 11111011;
    1CC2 : 11111011;
    1CC3 : 11111011;
    1CC4 : 11111011;
    1CC5 : 11111011;
    1CC6 : 11111011;
    1CC7 : 11111011;
    1CC8 : 11111011;
    1CC9 : 11111011;
    1CCA : 11111011;
    1CCB : 11111010;
    1CCC : 11111010;
    1CCD : 11111011;
    1CCE : 11111011;
    1CCF : 11111011;
    1CD0 : 11111011;
    1CD1 : 11111001;
    1CD2 : 11111111;
    1CD3 : 11011101;
    1CD4 : 00011110;
    1CD5 : 10110111;
    1CD6 : 11011010;
    1CD7 : 11010011;
    1CD8 : 11011010;
    1CD9 : 10111000;
    1CDA : 00101110;
    1CDB : 01111011;
    1CDC : 10110010;
    1CDD : 10111101;
    1CDE : 10011100;
    1CDF : 01000000;
    1CE0 : 01011000;
    1CE1 : 11011011;
    1CE2 : 11010001;
    1CE3 : 11100000;
    1CE4 : 01110110;
    1CE5 : 01001010;
    1CE6 : 11111111;
    1CE7 : 11111001;
    1CE8 : 11111010;
    1CE9 : 11111010;
    1CEA : 11111011;
    1CEB : 11111011;
    1CEC : 11111011;
    1CED : 11111011;
    1CEE : 11111011;
    1CEF : 11111010;
    1CF0 : 11111011;
    1CF1 : 11111010;
    1CF2 : 11111010;
    1CF3 : 11111010;
    1CF4 : 11111010;
    1CF5 : 11111010;
    1CF6 : 11111010;
    1CF7 : 11111010;
    1CF8 : 11111001;
    1CF9 : 11111111;
    1CFA : 11101000;
    1CFB : 00101010;
    1CFC : 00101110;
    1CFD : 00110101;
    1CFE : 00110011;
    1CFF : 00110100;
    1D00 : 00110100;
    1D01 : 00110100;
    1D02 : 00110011;
    1D03 : 00110101;
    1D04 : 00101011;
    1D05 : 00100111;
    1D06 : 10001010;
    1D07 : 10001111;
    1D08 : 10001100;
    1D09 : 10010100;
    1D0A : 01101011;
    1D0B : 00011111;
    1D0C : 01010101;
    1D0D : 01110110;
    1D0E : 01111101;
    1D0F : 01100111;
    1D10 : 00101100;
    1D11 : 01000101;
    1D12 : 10010100;
    1D13 : 10001100;
    1D14 : 10001110;
    1D15 : 10001110;
    1D16 : 00101101;
    1D17 : 00100111;
    1D18 : 00110110;
    1D19 : 00110011;
    1D1A : 00110100;
    1D1B : 00110100;
    1D1C : 00110011;
    1D1D : 00110110;
    1D1E : 00100101;
    1D1F : 00110001;
    1D20 : 11110011;
    1D21 : 11111110;
    1D22 : 11111001;
    1D23 : 11111010;
    1D24 : 11111010;
    1D25 : 11111011;
    1D26 : 11111011;
    1D27 : 11111011;
    1D28 : 11111010;
    1D29 : 11111011;
    1D2A : 11111011;
    1D2B : 11111010;
    1D2C : 11111011;
    1D2D : 11111011;
    1D2E : 11111011;
    1D2F : 11111011;
    1D30 : 11111010;
    1D31 : 11111010;
    1D32 : 11111011;
    1D33 : 11111010;
    1D34 : 11110111;
    1D35 : 11111111;
    1D36 : 10001010;
    1D37 : 00111010;
    1D38 : 11011110;
    1D39 : 11010010;
    1D3A : 11011010;
    1D3B : 10110110;
    1D3C : 00101000;
    1D3D : 00101110;
    1D3E : 01011010;
    1D3F : 01101000;
    1D40 : 01000000;
    1D41 : 00011001;
    1D42 : 10000001;
    1D43 : 11100011;
    1D44 : 11011010;
    1D45 : 11011010;
    1D46 : 11000100;
    1D47 : 00100101;
    1D48 : 10110001;
    1D49 : 00101011;
    1D4A : 10001010;
    1D4B : 11111111;
    1D4C : 11110111;
    1D4D : 11111011;
    1D4E : 11111010;
    1D4F : 11111010;
    1D50 : 11111010;
    1D51 : 11111010;
    1D52 : 11111010;
    1D53 : 11111011;
    1D54 : 11111011;
    1D55 : 11111011;
    1D56 : 11111010;
    1D57 : 11111011;
    1D58 : 11111010;
    1D59 : 11111011;
    1D5A : 11111011;
    1D5B : 11111011;
    1D5C : 11111011;
    1D5D : 11111010;
    1D5E : 11111011;
    1D5F : 11111011;
    1D60 : 11111011;
    1D61 : 11111011;
    1D62 : 11111011;
    1D63 : 11111011;
    1D64 : 11111011;
    1D65 : 11111011;
    1D66 : 11111011;
    1D67 : 11111011;
    1D68 : 11111010;
    1D69 : 11111010;
    1D6A : 11111011;
    1D6B : 11111011;
    1D6C : 11111011;
    1D6D : 11111010;
    1D6E : 11111010;
    1D6F : 11111011;
    1D70 : 11111011;
    1D71 : 11111010;
    1D72 : 11111000;
    1D73 : 11111111;
    1D74 : 01011100;
    1D75 : 01010000;
    1D76 : 11100010;
    1D77 : 11010010;
    1D78 : 11010110;
    1D79 : 11010011;
    1D7A : 10001100;
    1D7B : 01000011;
    1D7C : 00101010;
    1D7D : 00100111;
    1D7E : 00101101;
    1D7F : 01100000;
    1D80 : 10111101;
    1D81 : 11010111;
    1D82 : 11010100;
    1D83 : 11011001;
    1D84 : 00101010;
    1D85 : 10100011;
    1D86 : 11111111;
    1D87 : 11110111;
    1D88 : 11111011;
    1D89 : 11111011;
    1D8A : 11111010;
    1D8B : 11111011;
    1D8C : 11111011;
    1D8D : 11111010;
    1D8E : 11111011;
    1D8F : 11111010;
    1D90 : 11111010;
    1D91 : 11111010;
    1D92 : 11111011;
    1D93 : 11111010;
    1D94 : 11111010;
    1D95 : 11111011;
    1D96 : 11111011;
    1D97 : 11111010;
    1D98 : 11111001;
    1D99 : 11111111;
    1D9A : 11100001;
    1D9B : 00100110;
    1D9C : 00110000;
    1D9D : 00110100;
    1D9E : 00110011;
    1D9F : 00110011;
    1DA0 : 00110100;
    1DA1 : 00110100;
    1DA2 : 00110011;
    1DA3 : 00110011;
    1DA4 : 00110101;
    1DA5 : 00011010;
    1DA6 : 01010010;
    1DA7 : 10011000;
    1DA8 : 10001011;
    1DA9 : 10001110;
    1DAA : 10001101;
    1DAB : 01100010;
    1DAC : 00110001;
    1DAD : 00100100;
    1DAE : 00100011;
    1DAF : 00101001;
    1DB0 : 01001100;
    1DB1 : 10000100;
    1DB2 : 10001111;
    1DB3 : 10001011;
    1DB4 : 10010111;
    1DB5 : 01011101;
    1DB6 : 00011000;
    1DB7 : 00110100;
    1DB8 : 00110100;
    1DB9 : 00110100;
    1DBA : 00110100;
    1DBB : 00110100;
    1DBC : 00110100;
    1DBD : 00110100;
    1DBE : 00110001;
    1DBF : 00011111;
    1DC0 : 11010001;
    1DC1 : 11111111;
    1DC2 : 11111000;
    1DC3 : 11111011;
    1DC4 : 11111010;
    1DC5 : 11111011;
    1DC6 : 11111011;
    1DC7 : 11111010;
    1DC8 : 11111011;
    1DC9 : 11111010;
    1DCA : 11111011;
    1DCB : 11111011;
    1DCC : 11111011;
    1DCD : 11111011;
    1DCE : 11111011;
    1DCF : 11111010;
    1DD0 : 11111010;
    1DD1 : 11111011;
    1DD2 : 11111011;
    1DD3 : 11111010;
    1DD4 : 11111001;
    1DD5 : 11111111;
    1DD6 : 11100101;
    1DD7 : 00011101;
    1DD8 : 10100110;
    1DD9 : 11011101;
    1DDA : 11010001;
    1DDB : 11011001;
    1DDC : 11010101;
    1DDD : 10010110;
    1DDE : 01100100;
    1DDF : 01011010;
    1DE0 : 01111010;
    1DE1 : 11000001;
    1DE2 : 11000101;
    1DE3 : 10011111;
    1DE4 : 10100110;
    1DE5 : 11011100;
    1DE6 : 01101011;
    1DE7 : 00111110;
    1DE8 : 01001000;
    1DE9 : 01000000;
    1DEA : 11111110;
    1DEB : 11111011;
    1DEC : 11111010;
    1DED : 11111011;
    1DEE : 11111011;
    1DEF : 11111011;
    1DF0 : 11111011;
    1DF1 : 11111010;
    1DF2 : 11111010;
    1DF3 : 11111010;
    1DF4 : 11111011;
    1DF5 : 11111011;
    1DF6 : 11111010;
    1DF7 : 11111011;
    1DF8 : 11111010;
    1DF9 : 11111011;
    1DFA : 11111011;
    1DFB : 11111011;
    1DFC : 11111011;
    1DFD : 11111011;
    1DFE : 11111010;
    1DFF : 11111011;
    1E00 : 11111011;
    1E01 : 11111011;
    1E02 : 11111011;
    1E03 : 11111010;
    1E04 : 11111011;
    1E05 : 11111011;
    1E06 : 11111011;
    1E07 : 11111011;
    1E08 : 11111010;
    1E09 : 11111011;
    1E0A : 11111011;
    1E0B : 11111011;
    1E0C : 11111011;
    1E0D : 11111010;
    1E0E : 11111011;
    1E0F : 11111010;
    1E10 : 11111010;
    1E11 : 11111010;
    1E12 : 11111000;
    1E13 : 11111111;
    1E14 : 11011010;
    1E15 : 00011000;
    1E16 : 10100000;
    1E17 : 11011111;
    1E18 : 11010001;
    1E19 : 11010111;
    1E1A : 11011111;
    1E1B : 11011101;
    1E1C : 11001011;
    1E1D : 11000011;
    1E1E : 11010101;
    1E1F : 11100000;
    1E20 : 11011001;
    1E21 : 11010000;
    1E22 : 11100001;
    1E23 : 10000100;
    1E24 : 00101100;
    1E25 : 11111010;
    1E26 : 11111100;
    1E27 : 11111010;
    1E28 : 11111010;
    1E29 : 11111010;
    1E2A : 11111010;
    1E2B : 11111011;
    1E2C : 11111011;
    1E2D : 11111011;
    1E2E : 11111011;
    1E2F : 11111011;
    1E30 : 11111010;
    1E31 : 11111010;
    1E32 : 11111010;
    1E33 : 11111011;
    1E34 : 11111010;
    1E35 : 11111011;
    1E36 : 11111010;
    1E37 : 11111011;
    1E38 : 11111010;
    1E39 : 11111100;
    1E3A : 11110111;
    1E3B : 00111000;
    1E3C : 00101001;
    1E3D : 00110110;
    1E3E : 00110011;
    1E3F : 00110100;
    1E40 : 00110011;
    1E41 : 00110100;
    1E42 : 00110011;
    1E43 : 00110011;
    1E44 : 00110101;
    1E45 : 00101101;
    1E46 : 00011011;
    1E47 : 01111000;
    1E48 : 10010101;
    1E49 : 10001011;
    1E4A : 10001110;
    1E4B : 10010101;
    1E4C : 10010100;
    1E4D : 10000111;
    1E4E : 10000010;
    1E4F : 10001111;
    1E50 : 10010111;
    1E51 : 10010000;
    1E52 : 10001011;
    1E53 : 10010100;
    1E54 : 01111110;
    1E55 : 00011111;
    1E56 : 00101010;
    1E57 : 00110101;
    1E58 : 00110011;
    1E59 : 00110100;
    1E5A : 00110100;
    1E5B : 00110100;
    1E5C : 00110100;
    1E5D : 00110011;
    1E5E : 00110111;
    1E5F : 00010101;
    1E60 : 10101101;
    1E61 : 11111111;
    1E62 : 11110111;
    1E63 : 11111010;
    1E64 : 11111011;
    1E65 : 11111010;
    1E66 : 11111011;
    1E67 : 11111010;
    1E68 : 11111011;
    1E69 : 11111011;
    1E6A : 11111011;
    1E6B : 11111011;
    1E6C : 11111011;
    1E6D : 11111011;
    1E6E : 11111010;
    1E6F : 11111011;
    1E70 : 11111011;
    1E71 : 11111011;
    1E72 : 11111011;
    1E73 : 11111010;
    1E74 : 11111011;
    1E75 : 11110111;
    1E76 : 11111111;
    1E77 : 10000010;
    1E78 : 00101010;
    1E79 : 11011011;
    1E7A : 11010110;
    1E7B : 11010010;
    1E7C : 11010111;
    1E7D : 11011101;
    1E7E : 11100000;
    1E7F : 11011111;
    1E80 : 11100111;
    1E81 : 10010101;
    1E82 : 00011000;
    1E83 : 00100110;
    1E84 : 00011111;
    1E85 : 00110110;
    1E86 : 00100011;
    1E87 : 00010001;
    1E88 : 01001011;
    1E89 : 11101110;
    1E8A : 11111111;
    1E8B : 11111001;
    1E8C : 11111011;
    1E8D : 11111010;
    1E8E : 11111010;
    1E8F : 11111010;
    1E90 : 11111011;
    1E91 : 11111011;
    1E92 : 11111011;
    1E93 : 11111011;
    1E94 : 11111011;
    1E95 : 11111011;
    1E96 : 11111011;
    1E97 : 11111011;
    1E98 : 11111011;
    1E99 : 11111011;
    1E9A : 11111011;
    1E9B : 11111011;
    1E9C : 11111011;
    1E9D : 11111011;
    1E9E : 11111011;
    1E9F : 11111011;
    1EA0 : 11111011;
    1EA1 : 11111011;
    1EA2 : 11111011;
    1EA3 : 11111011;
    1EA4 : 11111011;
    1EA5 : 11111011;
    1EA6 : 11111011;
    1EA7 : 11111011;
    1EA8 : 11111011;
    1EA9 : 11111011;
    1EAA : 11111011;
    1EAB : 11111011;
    1EAC : 11111011;
    1EAD : 11111011;
    1EAE : 11111011;
    1EAF : 11111011;
    1EB0 : 11111011;
    1EB1 : 11111011;
    1EB2 : 11111011;
    1EB3 : 11110110;
    1EB4 : 11111111;
    1EB5 : 10000110;
    1EB6 : 00010111;
    1EB7 : 11000011;
    1EB8 : 11011101;
    1EB9 : 11010001;
    1EBA : 11010011;
    1EBB : 11010100;
    1EBC : 11010111;
    1EBD : 11011001;
    1EBE : 11010110;
    1EBF : 11010011;
    1EC0 : 11010000;
    1EC1 : 11011100;
    1EC2 : 11000011;
    1EC3 : 00011110;
    1EC4 : 10100111;
    1EC5 : 11111111;
    1EC6 : 11110111;
    1EC7 : 11111011;
    1EC8 : 11111011;
    1EC9 : 11111011;
    1ECA : 11111011;
    1ECB : 11111011;
    1ECC : 11111011;
    1ECD : 11111011;
    1ECE : 11111011;
    1ECF : 11111011;
    1ED0 : 11111010;
    1ED1 : 11111011;
    1ED2 : 11111010;
    1ED3 : 11111011;
    1ED4 : 11111011;
    1ED5 : 11111010;
    1ED6 : 11111011;
    1ED7 : 11111011;
    1ED8 : 11111011;
    1ED9 : 11110111;
    1EDA : 11111111;
    1EDB : 10001101;
    1EDC : 00001100;
    1EDD : 00110101;
    1EDE : 00110100;
    1EDF : 00110011;
    1EE0 : 00110100;
    1EE1 : 00110100;
    1EE2 : 00110100;
    1EE3 : 00110100;
    1EE4 : 00110011;
    1EE5 : 00110101;
    1EE6 : 00100101;
    1EE7 : 00100111;
    1EE8 : 10000010;
    1EE9 : 10010101;
    1EEA : 10001011;
    1EEB : 10001011;
    1EEC : 10001101;
    1EED : 10001111;
    1EEE : 10010001;
    1EEF : 10001110;
    1EF0 : 10001100;
    1EF1 : 10001011;
    1EF2 : 10010100;
    1EF3 : 10001001;
    1EF4 : 00101100;
    1EF5 : 00100001;
    1EF6 : 00110110;
    1EF7 : 00110011;
    1EF8 : 00110100;
    1EF9 : 00110100;
    1EFA : 00110100;
    1EFB : 00110100;
    1EFC : 00110100;
    1EFD : 00110011;
    1EFE : 00110111;
    1EFF : 00010110;
    1F00 : 10110010;
    1F01 : 11111111;
    1F02 : 11111000;
    1F03 : 11111011;
    1F04 : 11111011;
    1F05 : 11111010;
    1F06 : 11111011;
    1F07 : 11111011;
    1F08 : 11111011;
    1F09 : 11111011;
    1F0A : 11111011;
    1F0B : 11111011;
    1F0C : 11111011;
    1F0D : 11111011;
    1F0E : 11111011;
    1F0F : 11111011;
    1F10 : 11111011;
    1F11 : 11111011;
    1F12 : 11111011;
    1F13 : 11111011;
    1F14 : 11111011;
    1F15 : 11111010;
    1F16 : 11111100;
    1F17 : 11111010;
    1F18 : 00111111;
    1F19 : 01010110;
    1F1A : 11011111;
    1F1B : 11010110;
    1F1C : 11010011;
    1F1D : 11010011;
    1F1E : 11010011;
    1F1F : 11010000;
    1F20 : 11011100;
    1F21 : 10001000;
    1F22 : 00010011;
    1F23 : 01100011;
    1F24 : 01101110;
    1F25 : 01000010;
    1F26 : 00011110;
    1F27 : 10100111;
    1F28 : 11111111;
    1F29 : 11111111;
    1F2A : 11111000;
    1F2B : 11111011;
    1F2C : 11111011;
    1F2D : 11111011;
    1F2E : 11111011;
    1F2F : 11111010;
    1F30 : 11111010;
    1F31 : 11111010;
    1F32 : 11111011;
    1F33 : 11111011;
    1F34 : 11111011;
    1F35 : 11111011;
    1F36 : 11111011;
    1F37 : 11111011;
    1F38 : 11111011;
    1F39 : 11111011;
    1F3A : 11111011;
    1F3B : 11111011;
    1F3C : 11111011;
    1F3D : 11111011;
    1F3E : 11111011;
    1F3F : 11111011;
    1F40 : 11111011;
    1F41 : 11111011;
    1F42 : 11111011;
    1F43 : 11111011;
    1F44 : 11111011;
    1F45 : 11111011;
    1F46 : 11111011;
    1F47 : 11111011;
    1F48 : 11111011;
    1F49 : 11111011;
    1F4A : 11111011;
    1F4B : 11111010;
    1F4C : 11111011;
    1F4D : 11111011;
    1F4E : 11111011;
    1F4F : 11111011;
    1F50 : 11111011;
    1F51 : 11111011;
    1F52 : 11111010;
    1F53 : 11111011;
    1F54 : 11111011;
    1F55 : 01001111;
    1F56 : 00001111;
    1F57 : 00101010;
    1F58 : 10111100;
    1F59 : 11100000;
    1F5A : 11010011;
    1F5B : 11010011;
    1F5C : 11010011;
    1F5D : 11010011;
    1F5E : 11010010;
    1F5F : 11010010;
    1F60 : 11011101;
    1F61 : 11001010;
    1F62 : 00101110;
    1F63 : 01000001;
    1F64 : 11111111;
    1F65 : 11111001;
    1F66 : 11111011;
    1F67 : 11111011;
    1F68 : 11111011;
    1F69 : 11111011;
    1F6A : 11111011;
    1F6B : 11111011;
    1F6C : 11111011;
    1F6D : 11111011;
    1F6E : 11111011;
    1F6F : 11111010;
    1F70 : 11111011;
    1F71 : 11111011;
    1F72 : 11111011;
    1F73 : 11111010;
    1F74 : 11111010;
    1F75 : 11111010;
    1F76 : 11111010;
    1F77 : 11111010;
    1F78 : 11111011;
    1F79 : 11111010;
    1F7A : 11111011;
    1F7B : 11111011;
    1F7C : 01011011;
    1F7D : 00011011;
    1F7E : 00110101;
    1F7F : 00110100;
    1F80 : 00110100;
    1F81 : 00110011;
    1F82 : 00110100;
    1F83 : 00110100;
    1F84 : 00110011;
    1F85 : 00110100;
    1F86 : 00110101;
    1F87 : 00011110;
    1F88 : 00100111;
    1F89 : 01111011;
    1F8A : 10011001;
    1F8B : 10010000;
    1F8C : 10001100;
    1F8D : 10001011;
    1F8E : 10001100;
    1F8F : 10001100;
    1F90 : 10001110;
    1F91 : 10011000;
    1F92 : 10000010;
    1F93 : 00101111;
    1F94 : 00011010;
    1F95 : 00110010;
    1F96 : 00110100;
    1F97 : 00110100;
    1F98 : 00110100;
    1F99 : 00110100;
    1F9A : 00110100;
    1F9B : 00110100;
    1F9C : 00110011;
    1F9D : 00110110;
    1F9E : 00101000;
    1F9F : 00100011;
    1FA0 : 11100110;
    1FA1 : 11111111;
    1FA2 : 11111001;
    1FA3 : 11111011;
    1FA4 : 11111011;
    1FA5 : 11111010;
    1FA6 : 11111011;
    1FA7 : 11111011;
    1FA8 : 11111011;
    1FA9 : 11111011;
    1FAA : 11111011;
    1FAB : 11111010;
    1FAC : 11111011;
    1FAD : 11111011;
    1FAE : 11111011;
    1FAF : 11111011;
    1FB0 : 11111010;
    1FB1 : 11111010;
    1FB2 : 11111010;
    1FB3 : 11111011;
    1FB4 : 11111011;
    1FB5 : 11111011;
    1FB6 : 11110110;
    1FB7 : 11111111;
    1FB8 : 10000011;
    1FB9 : 00000001;
    1FBA : 01011111;
    1FBB : 11011011;
    1FBC : 11011011;
    1FBD : 11010011;
    1FBE : 11010010;
    1FBF : 11010010;
    1FC0 : 11010010;
    1FC1 : 11010111;
    1FC2 : 01011011;
    1FC3 : 00100101;
    1FC4 : 00110111;
    1FC5 : 00100000;
    1FC6 : 01001010;
    1FC7 : 11111111;
    1FC8 : 11111010;
    1FC9 : 11111001;
    1FCA : 11111011;
    1FCB : 11111010;
    1FCC : 11111011;
    1FCD : 11111011;
    1FCE : 11111011;
    1FCF : 11111010;
    1FD0 : 11111010;
    1FD1 : 11111010;
    1FD2 : 11111010;
    1FD3 : 11111011;
    1FD4 : 11111011;
    1FD5 : 11111011;
    1FD6 : 11111011;
    1FD7 : 11111011;
    1FD8 : 11111011;
    1FD9 : 11111011;
    1FDA : 11111011;
    1FDB : 11111011;
    1FDC : 11111011;
    1FDD : 11111011;
    1FDE : 11111011;
    1FDF : 11111011;
    1FE0 : 11111011;
    1FE1 : 11111011;
    1FE2 : 11111011;
    1FE3 : 11111011;
    1FE4 : 11111011;
    1FE5 : 11111011;
    1FE6 : 11111011;
    1FE7 : 11111011;
    1FE8 : 11111010;
    1FE9 : 11111011;
    1FEA : 11111011;
    1FEB : 11111011;
    1FEC : 11111011;
    1FED : 11111010;
    1FEE : 11111010;
    1FEF : 11111010;
    1FF0 : 11111011;
    1FF1 : 11111011;
    1FF2 : 11110111;
    1FF3 : 11111111;
    1FF4 : 10010101;
    1FF5 : 00100011;
    1FF6 : 00110011;
    1FF7 : 00111100;
    1FF8 : 00011001;
    1FF9 : 10010100;
    1FFA : 11011111;
    1FFB : 11011111;
    1FFC : 11011100;
    1FFD : 11011101;
    1FFE : 11011111;
    1FFF : 11100001;
    2000 : 10101010;
    2001 : 00101001;
    2002 : 00011011;
    2003 : 00011101;
    2004 : 10110111;
    2005 : 11111111;
    2006 : 11110101;
    2007 : 11111010;
    2008 : 11111011;
    2009 : 11111011;
    200A : 11111011;
    200B : 11111011;
    200C : 11111011;
    200D : 11111011;
    200E : 11111010;
    200F : 11111011;
    2010 : 11111010;
    2011 : 11111010;
    2012 : 11111011;
    2013 : 11111010;
    2014 : 11111010;
    2015 : 11111010;
    2016 : 11111011;
    2017 : 11111010;
    2018 : 11111011;
    2019 : 11111011;
    201A : 11110110;
    201B : 11111111;
    201C : 10100001;
    201D : 00010100;
    201E : 00110111;
    201F : 00110100;
    2020 : 00110011;
    2021 : 00110011;
    2022 : 00110011;
    2023 : 00110100;
    2024 : 00110100;
    2025 : 00110011;
    2026 : 00110100;
    2027 : 00101001;
    2028 : 00011011;
    2029 : 00011000;
    202A : 01010000;
    202B : 10000101;
    202C : 10010101;
    202D : 10010111;
    202E : 10010111;
    202F : 10010111;
    2030 : 10001110;
    2031 : 01011101;
    2032 : 00011100;
    2033 : 00011011;
    2034 : 00100111;
    2035 : 00110100;
    2036 : 00110011;
    2037 : 00110100;
    2038 : 00110100;
    2039 : 00110100;
    203A : 00110100;
    203B : 00110100;
    203C : 00110101;
    203D : 00101110;
    203E : 00011011;
    203F : 10100100;
    2040 : 11111111;
    2041 : 11111000;
    2042 : 11111011;
    2043 : 11111011;
    2044 : 11111010;
    2045 : 11111011;
    2046 : 11111011;
    2047 : 11111010;
    2048 : 11111011;
    2049 : 11111010;
    204A : 11111011;
    204B : 11111010;
    204C : 11111010;
    204D : 11111011;
    204E : 11111011;
    204F : 11111011;
    2050 : 11111011;
    2051 : 11111011;
    2052 : 11111010;
    2053 : 11111011;
    2054 : 11111011;
    2055 : 11111000;
    2056 : 11111111;
    2057 : 11000000;
    2058 : 00011000;
    2059 : 00101011;
    205A : 00011101;
    205B : 00111000;
    205C : 10110111;
    205D : 11011111;
    205E : 11100000;
    205F : 11011111;
    2060 : 11011111;
    2061 : 11100000;
    2062 : 10101100;
    2063 : 00010011;
    2064 : 00101101;
    2065 : 00101011;
    2066 : 00010110;
    2067 : 10111000;
    2068 : 11111111;
    2069 : 11111000;
    206A : 11111011;
    206B : 11111011;
    206C : 11111010;
    206D : 11111011;
    206E : 11111011;
    206F : 11111010;
    2070 : 11111011;
    2071 : 11111011;
    2072 : 11111011;
    2073 : 11111011;
    2074 : 11111011;
    2075 : 11111010;
    2076 : 11111011;
    2077 : 11111011;
    2078 : 11111011;
    2079 : 11111011;
    207A : 11111011;
    207B : 11111011;
    207C : 11111011;
    207D : 11111011;
    207E : 11111010;
    207F : 11111010;
    2080 : 11111011;
    2081 : 11111011;
    2082 : 11111010;
    2083 : 11111011;
    2084 : 11111011;
    2085 : 11111011;
    2086 : 11111011;
    2087 : 11111011;
    2088 : 11111011;
    2089 : 11111011;
    208A : 11111011;
    208B : 11111011;
    208C : 11111010;
    208D : 11111011;
    208E : 11111010;
    208F : 11111010;
    2090 : 11111001;
    2091 : 11110110;
    2092 : 11111100;
    2093 : 11111101;
    2094 : 00110100;
    2095 : 10010011;
    2096 : 00110110;
    2097 : 10100000;
    2098 : 10001110;
    2099 : 00010110;
    209A : 00111111;
    209B : 10001001;
    209C : 10100101;
    209D : 10100010;
    209E : 10000110;
    209F : 01001000;
    20A0 : 00011101;
    20A1 : 00101110;
    20A2 : 00111000;
    20A3 : 01101100;
    20A4 : 01000110;
    20A5 : 11111111;
    20A6 : 11111111;
    20A7 : 11111010;
    20A8 : 11110111;
    20A9 : 11111001;
    20AA : 11111011;
    20AB : 11111011;
    20AC : 11111011;
    20AD : 11111011;
    20AE : 11111010;
    20AF : 11111011;
    20B0 : 11111011;
    20B1 : 11111010;
    20B2 : 11111011;
    20B3 : 11111011;
    20B4 : 11111011;
    20B5 : 11111011;
    20B6 : 11111011;
    20B7 : 11111011;
    20B8 : 11111011;
    20B9 : 11111010;
    20BA : 11111000;
    20BB : 11111111;
    20BC : 01100101;
    20BD : 00011011;
    20BE : 00111000;
    20BF : 00110011;
    20C0 : 00110011;
    20C1 : 00110011;
    20C2 : 00110100;
    20C3 : 00110100;
    20C4 : 00110011;
    20C5 : 00110010;
    20C6 : 00110101;
    20C7 : 00100111;
    20C8 : 00101110;
    20C9 : 01100001;
    20CA : 00100010;
    20CB : 00011011;
    20CC : 00110110;
    20CD : 01000100;
    20CE : 01000101;
    20CF : 00111011;
    20D0 : 00100011;
    20D1 : 00011101;
    20D2 : 01100010;
    20D3 : 01000000;
    20D4 : 00100010;
    20D5 : 00110110;
    20D6 : 00110011;
    20D7 : 00110100;
    20D8 : 00110100;
    20D9 : 00110100;
    20DA : 00110100;
    20DB : 00110100;
    20DC : 00110101;
    20DD : 00101010;
    20DE : 00101011;
    20DF : 11101110;
    20E0 : 11111111;
    20E1 : 11111001;
    20E2 : 11111011;
    20E3 : 11111011;
    20E4 : 11111011;
    20E5 : 11111011;
    20E6 : 11111011;
    20E7 : 11111010;
    20E8 : 11111011;
    20E9 : 11111011;
    20EA : 11111011;
    20EB : 11111011;
    20EC : 11111011;
    20ED : 11111010;
    20EE : 11111011;
    20EF : 11111011;
    20F0 : 11111011;
    20F1 : 11111011;
    20F2 : 11111010;
    20F3 : 11111001;
    20F4 : 11110111;
    20F5 : 11110110;
    20F6 : 11111111;
    20F7 : 01001000;
    20F8 : 01000110;
    20F9 : 00110111;
    20FA : 10101111;
    20FB : 01011011;
    20FC : 00010111;
    20FD : 01000101;
    20FE : 01101111;
    20FF : 01110011;
    2100 : 01100000;
    2101 : 00110111;
    2102 : 00011000;
    2103 : 01100101;
    2104 : 11000010;
    2105 : 00111001;
    2106 : 00110110;
    2107 : 01001001;
    2108 : 11111111;
    2109 : 11111000;
    210A : 11110111;
    210B : 11111010;
    210C : 11111011;
    210D : 11111011;
    210E : 11111011;
    210F : 11111010;
    2110 : 11111011;
    2111 : 11111011;
    2112 : 11111011;
    2113 : 11111011;
    2114 : 11111011;
    2115 : 11111011;
    2116 : 11111011;
    2117 : 11111011;
    2118 : 11111011;
    2119 : 11111011;
    211A : 11111011;
    211B : 11111011;
    211C : 11111011;
    211D : 11111011;
    211E : 11111011;
    211F : 11111011;
    2120 : 11111010;
    2121 : 11111011;
    2122 : 11111011;
    2123 : 11111011;
    2124 : 11111011;
    2125 : 11111011;
    2126 : 11111011;
    2127 : 11111011;
    2128 : 11111011;
    2129 : 11111011;
    212A : 11111011;
    212B : 11111011;
    212C : 11111011;
    212D : 11111001;
    212E : 11110111;
    212F : 11111001;
    2130 : 11111111;
    2131 : 11111111;
    2132 : 11111111;
    2133 : 10101101;
    2134 : 00101111;
    2135 : 11010100;
    2136 : 01000100;
    2137 : 01101011;
    2138 : 11101010;
    2139 : 11000000;
    213A : 01101010;
    213B : 00110001;
    213C : 00100011;
    213D : 00100001;
    213E : 00101110;
    213F : 01011010;
    2140 : 10111110;
    2141 : 01010000;
    2142 : 01001110;
    2143 : 11001010;
    2144 : 00101010;
    2145 : 10000111;
    2146 : 11010000;
    2147 : 11111110;
    2148 : 11111111;
    2149 : 11111111;
    214A : 11110111;
    214B : 11111001;
    214C : 11111011;
    214D : 11111011;
    214E : 11111011;
    214F : 11111011;
    2150 : 11111011;
    2151 : 11111011;
    2152 : 11111011;
    2153 : 11111011;
    2154 : 11111011;
    2155 : 11111011;
    2156 : 11111011;
    2157 : 11111011;
    2158 : 11111011;
    2159 : 11111010;
    215A : 11111000;
    215B : 11111111;
    215C : 01011100;
    215D : 00011101;
    215E : 00111000;
    215F : 00110011;
    2160 : 00110011;
    2161 : 00110011;
    2162 : 00110011;
    2163 : 00110100;
    2164 : 00110100;
    2165 : 00110101;
    2166 : 00110110;
    2167 : 00100010;
    2168 : 00111000;
    2169 : 10011011;
    216A : 10001100;
    216B : 01101010;
    216C : 01001000;
    216D : 00111001;
    216E : 00111001;
    216F : 01000010;
    2170 : 01100001;
    2171 : 10001000;
    2172 : 10011100;
    2173 : 00111100;
    2174 : 00100011;
    2175 : 00111000;
    2176 : 00110100;
    2177 : 00110100;
    2178 : 00110011;
    2179 : 00110100;
    217A : 00110100;
    217B : 00110100;
    217C : 00110100;
    217D : 00110011;
    217E : 00011011;
    217F : 11001010;
    2180 : 11111111;
    2181 : 11111000;
    2182 : 11111010;
    2183 : 11111010;
    2184 : 11111011;
    2185 : 11111011;
    2186 : 11111011;
    2187 : 11111010;
    2188 : 11111010;
    2189 : 11111011;
    218A : 11111011;
    218B : 11111011;
    218C : 11111010;
    218D : 11111011;
    218E : 11111011;
    218F : 11111011;
    2190 : 11111010;
    2191 : 11111000;
    2192 : 11110111;
    2193 : 11111111;
    2194 : 11111111;
    2195 : 11111111;
    2196 : 11000111;
    2197 : 00100010;
    2198 : 10000001;
    2199 : 00101000;
    219A : 10100010;
    219B : 11100110;
    219C : 10110010;
    219D : 01101101;
    219E : 01000100;
    219F : 00111010;
    21A0 : 01001011;
    21A1 : 01110011;
    21A2 : 10110100;
    21A3 : 11100010;
    21A4 : 10111111;
    21A5 : 00100111;
    21A6 : 01110001;
    21A7 : 00100011;
    21A8 : 11000000;
    21A9 : 11111111;
    21AA : 11111111;
    21AB : 11111110;
    21AC : 11110111;
    21AD : 11111000;
    21AE : 11111010;
    21AF : 11111011;
    21B0 : 11111011;
    21B1 : 11111011;
    21B2 : 11111011;
    21B3 : 11111011;
    21B4 : 11111011;
    21B5 : 11111011;
    21B6 : 11111011;
    21B7 : 11111010;
    21B8 : 11111011;
    21B9 : 11111011;
    21BA : 11111011;
    21BB : 11111011;
    21BC : 11111011;
    21BD : 11111011;
    21BE : 11111011;
    21BF : 11111011;
    21C0 : 11111011;
    21C1 : 11111011;
    21C2 : 11111011;
    21C3 : 11111011;
    21C4 : 11111011;
    21C5 : 11111011;
    21C6 : 11111010;
    21C7 : 11111011;
    21C8 : 11111011;
    21C9 : 11111011;
    21CA : 11111011;
    21CB : 11111001;
    21CC : 11110111;
    21CD : 11111111;
    21CE : 11111111;
    21CF : 11111111;
    21D0 : 11010010;
    21D1 : 10000100;
    21D2 : 01000001;
    21D3 : 00010001;
    21D4 : 01100000;
    21D5 : 11011001;
    21D6 : 10001010;
    21D7 : 00101010;
    21D8 : 11010100;
    21D9 : 11011001;
    21DA : 11011111;
    21DB : 11011010;
    21DC : 11001011;
    21DD : 11001010;
    21DE : 11011000;
    21DF : 11100011;
    21E0 : 11001001;
    21E1 : 00010111;
    21E2 : 10011001;
    21E3 : 11010101;
    21E4 : 01001110;
    21E5 : 00011000;
    21E6 : 00100000;
    21E7 : 00110101;
    21E8 : 10001011;
    21E9 : 11100110;
    21EA : 11111111;
    21EB : 11111111;
    21EC : 11110111;
    21ED : 11111001;
    21EE : 11111011;
    21EF : 11111010;
    21F0 : 11111010;
    21F1 : 11111011;
    21F2 : 11111011;
    21F3 : 11111010;
    21F4 : 11111011;
    21F5 : 11111011;
    21F6 : 11111011;
    21F7 : 11111011;
    21F8 : 11111011;
    21F9 : 11111011;
    21FA : 11110111;
    21FB : 11111111;
    21FC : 10010000;
    21FD : 00010000;
    21FE : 00110111;
    21FF : 00110011;
    2200 : 00110100;
    2201 : 00110100;
    2202 : 00110101;
    2203 : 00110101;
    2204 : 00110010;
    2205 : 00101010;
    2206 : 00100101;
    2207 : 00010010;
    2208 : 01100010;
    2209 : 10010011;
    220A : 10001101;
    220B : 10010101;
    220C : 10011000;
    220D : 10010110;
    220E : 10010101;
    220F : 10010111;
    2210 : 10010110;
    2211 : 10001110;
    2212 : 10010000;
    2213 : 00110100;
    2214 : 00010110;
    2215 : 00101101;
    2216 : 00110001;
    2217 : 00110101;
    2218 : 00110101;
    2219 : 00110101;
    221A : 00110100;
    221B : 00110100;
    221C : 00110100;
    221D : 00110001;
    221E : 00100011;
    221F : 11011101;
    2220 : 11111111;
    2221 : 11111001;
    2222 : 11111010;
    2223 : 11111010;
    2224 : 11111011;
    2225 : 11111011;
    2226 : 11111010;
    2227 : 11111010;
    2228 : 11111010;
    2229 : 11111010;
    222A : 11111010;
    222B : 11111011;
    222C : 11111011;
    222D : 11111011;
    222E : 11111010;
    222F : 11110111;
    2230 : 11111010;
    2231 : 11111111;
    2232 : 11111111;
    2233 : 11101100;
    2234 : 10101110;
    2235 : 01110011;
    2236 : 00110000;
    2237 : 01000010;
    2238 : 10001010;
    2239 : 01000100;
    223A : 01001101;
    223B : 11011110;
    223C : 11011001;
    223D : 11100000;
    223E : 11011101;
    223F : 11011100;
    2240 : 11011111;
    2241 : 11100000;
    2242 : 11011000;
    2243 : 11011111;
    2244 : 10000000;
    2245 : 00101101;
    2246 : 10000111;
    2247 : 00111001;
    2248 : 00011010;
    2249 : 01010101;
    224A : 10101011;
    224B : 11110000;
    224C : 11111111;
    224D : 11111111;
    224E : 11111010;
    224F : 11110111;
    2250 : 11111010;
    2251 : 11111010;
    2252 : 11111010;
    2253 : 11111011;
    2254 : 11111011;
    2255 : 11111010;
    2256 : 11111011;
    2257 : 11111010;
    2258 : 11111010;
    2259 : 11111010;
    225A : 11111010;
    225B : 11111010;
    225C : 11111011;
    225D : 11111010;
    225E : 11111011;
    225F : 11111011;
    2260 : 11111011;
    2261 : 11111011;
    2262 : 11111010;
    2263 : 11111010;
    2264 : 11111010;
    2265 : 11111010;
    2266 : 11111010;
    2267 : 11111011;
    2268 : 11111011;
    2269 : 11111010;
    226A : 11110111;
    226B : 11111111;
    226C : 11111111;
    226D : 11101000;
    226E : 10010010;
    226F : 00111111;
    2270 : 00011010;
    2271 : 00101110;
    2272 : 01110000;
    2273 : 01000110;
    2274 : 01101111;
    2275 : 11010000;
    2276 : 11001001;
    2277 : 00111000;
    2278 : 01101101;
    2279 : 11100010;
    227A : 11001111;
    227B : 11010101;
    227C : 11010111;
    227D : 11011000;
    227E : 11010010;
    227F : 11100000;
    2280 : 01011101;
    2281 : 01000001;
    2282 : 11001101;
    2283 : 11010000;
    2284 : 01011011;
    2285 : 01110000;
    2286 : 11000000;
    2287 : 01110010;
    2288 : 00101101;
    2289 : 00011101;
    228A : 01101100;
    228B : 11011001;
    228C : 11111111;
    228D : 11111111;
    228E : 11110111;
    228F : 11111010;
    2290 : 11111011;
    2291 : 11111010;
    2292 : 11111011;
    2293 : 11111011;
    2294 : 11111011;
    2295 : 11111010;
    2296 : 11111010;
    2297 : 11111011;
    2298 : 11111011;
    2299 : 11111011;
    229A : 11111010;
    229B : 11111011;
    229C : 11111100;
    229D : 01001000;
    229E : 00011001;
    229F : 00110100;
    22A0 : 00110010;
    22A1 : 00101101;
    22A2 : 00100110;
    22A3 : 00011111;
    22A4 : 00011101;
    22A5 : 00011110;
    22A6 : 00011011;
    22A7 : 01001101;
    22A8 : 10010000;
    22A9 : 10001110;
    22AA : 10001101;
    22AB : 10001100;
    22AC : 10001100;
    22AD : 10001100;
    22AE : 10001100;
    22AF : 10001100;
    22B0 : 10001100;
    22B1 : 10001100;
    22B2 : 10010000;
    22B3 : 01111001;
    22B4 : 00111000;
    22B5 : 00011100;
    22B6 : 00011110;
    22B7 : 00011111;
    22B8 : 00100101;
    22B9 : 00101101;
    22BA : 00110001;
    22BB : 00110100;
    22BC : 00110110;
    22BD : 00011001;
    22BE : 01000011;
    22BF : 11111111;
    22C0 : 11111010;
    22C1 : 11111010;
    22C2 : 11111011;
    22C3 : 11111010;
    22C4 : 11111010;
    22C5 : 11111011;
    22C6 : 11111011;
    22C7 : 11111011;
    22C8 : 11111011;
    22C9 : 11111011;
    22CA : 11111011;
    22CB : 11111011;
    22CC : 11111010;
    22CD : 11110111;
    22CE : 11111011;
    22CF : 11111111;
    22D0 : 11111111;
    22D1 : 11000010;
    22D2 : 01101001;
    22D3 : 00100111;
    22D4 : 00011000;
    22D5 : 00110000;
    22D6 : 00100000;
    22D7 : 01011000;
    22D8 : 10000001;
    22D9 : 01111000;
    22DA : 00011111;
    22DB : 10010111;
    22DC : 11011110;
    22DD : 11001111;
    22DE : 11010100;
    22DF : 11010100;
    22E0 : 11010011;
    22E1 : 11010001;
    22E2 : 11011000;
    22E3 : 11000110;
    22E4 : 00100110;
    22E5 : 01100001;
    22E6 : 10000110;
    22E7 : 01000011;
    22E8 : 00110010;
    22E9 : 00110111;
    22EA : 00010101;
    22EB : 00101010;
    22EC : 01101111;
    22ED : 11000110;
    22EE : 11111111;
    22EF : 11111111;
    22F0 : 11111100;
    22F1 : 11110111;
    22F2 : 11111010;
    22F3 : 11111011;
    22F4 : 11111010;
    22F5 : 11111011;
    22F6 : 11111010;
    22F7 : 11111011;
    22F8 : 11111010;
    22F9 : 11111011;
    22FA : 11111010;
    22FB : 11111011;
    22FC : 11111011;
    22FD : 11111011;
    22FE : 11111011;
    22FF : 11111011;
    2300 : 11111011;
    2301 : 11111011;
    2302 : 11111010;
    2303 : 11111010;
    2304 : 11111010;
    2305 : 11111010;
    2306 : 11111010;
    2307 : 11111011;
    2308 : 11111000;
    2309 : 11111101;
    230A : 11111111;
    230B : 11011101;
    230C : 01101110;
    230D : 00011101;
    230E : 00100101;
    230F : 01100111;
    2310 : 10101001;
    2311 : 11001001;
    2312 : 11011110;
    2313 : 01100001;
    2314 : 01101011;
    2315 : 11010000;
    2316 : 11000110;
    2317 : 10101110;
    2318 : 00011001;
    2319 : 10010001;
    231A : 11100001;
    231B : 11010001;
    231C : 11010101;
    231D : 11010010;
    231E : 11011101;
    231F : 10101000;
    2320 : 00010111;
    2321 : 10101100;
    2322 : 11000110;
    2323 : 11010000;
    2324 : 01011111;
    2325 : 01100100;
    2326 : 11010110;
    2327 : 11001110;
    2328 : 11001011;
    2329 : 10010101;
    232A : 00111100;
    232B : 00011000;
    232C : 01100101;
    232D : 11011011;
    232E : 11111111;
    232F : 11111100;
    2330 : 11111000;
    2331 : 11111011;
    2332 : 11111010;
    2333 : 11111010;
    2334 : 11111010;
    2335 : 11111011;
    2336 : 11111010;
    2337 : 11111011;
    2338 : 11111011;
    2339 : 11111010;
    233A : 11111011;
    233B : 11110111;
    233C : 11111111;
    233D : 11001110;
    233E : 00011010;
    233F : 00100010;
    2340 : 00011101;
    2341 : 00011100;
    2342 : 00100010;
    2343 : 00101111;
    2344 : 00111100;
    2345 : 01001000;
    2346 : 00100001;
    2347 : 01110110;
    2348 : 10010101;
    2349 : 10001100;
    234A : 10001110;
    234B : 10001110;
    234C : 10001110;
    234D : 10001110;
    234E : 10001110;
    234F : 10001110;
    2350 : 10001110;
    2351 : 10001110;
    2352 : 10001100;
    2353 : 10011001;
    2354 : 01110001;
    2355 : 00100101;
    2356 : 01000101;
    2357 : 00110101;
    2358 : 00101001;
    2359 : 00011111;
    235A : 00011100;
    235B : 00100010;
    235C : 00100110;
    235D : 00011111;
    235E : 10111111;
    235F : 11111111;
    2360 : 11111000;
    2361 : 11111011;
    2362 : 11111010;
    2363 : 11111010;
    2364 : 11111010;
    2365 : 11111010;
    2366 : 11111011;
    2367 : 11111011;
    2368 : 11111011;
    2369 : 11111010;
    236A : 11111011;
    236B : 11111001;
    236C : 11111001;
    236D : 11111111;
    236E : 11111100;
    236F : 10100111;
    2370 : 01000010;
    2371 : 00010111;
    2372 : 00101110;
    2373 : 01011011;
    2374 : 01111000;
    2375 : 10000111;
    2376 : 00110100;
    2377 : 01011100;
    2378 : 01111110;
    2379 : 01111111;
    237A : 01011100;
    237B : 00100000;
    237C : 11000100;
    237D : 11011001;
    237E : 11010011;
    237F : 11010101;
    2380 : 11010101;
    2381 : 11010100;
    2382 : 11011110;
    2383 : 01000101;
    2384 : 00111001;
    2385 : 10000001;
    2386 : 10000000;
    2387 : 01000110;
    2388 : 01000100;
    2389 : 10001010;
    238A : 01110110;
    238B : 01010111;
    238C : 00101011;
    238D : 00010111;
    238E : 01000010;
    238F : 10100101;
    2390 : 11111001;
    2391 : 11111111;
    2392 : 11111011;
    2393 : 11111000;
    2394 : 11111011;
    2395 : 11111010;
    2396 : 11111010;
    2397 : 11111010;
    2398 : 11111011;
    2399 : 11111011;
    239A : 11111010;
    239B : 11111010;
    239C : 11111010;
    239D : 11111011;
    239E : 11111011;
    239F : 11111011;
    23A0 : 11111011;
    23A1 : 11111011;
    23A2 : 11111010;
    23A3 : 11111010;
    23A4 : 11111011;
    23A5 : 11111011;
    23A6 : 11111011;
    23A7 : 11111000;
    23A8 : 11111111;
    23A9 : 11111000;
    23AA : 01110111;
    23AB : 00011001;
    23AC : 00111011;
    23AD : 10001110;
    23AE : 11000110;
    23AF : 11010001;
    23B0 : 11001010;
    23B1 : 11000000;
    23B2 : 11001111;
    23B3 : 01100001;
    23B4 : 01011111;
    23B5 : 11010010;
    23B6 : 10111100;
    23B7 : 11001101;
    23B8 : 10100110;
    23B9 : 00100000;
    23BA : 10011011;
    23BB : 11011111;
    23BC : 11010001;
    23BD : 11011001;
    23BE : 11001110;
    23BF : 00101011;
    23C0 : 10001100;
    23C1 : 11010111;
    23C2 : 10111011;
    23C3 : 11010001;
    23C4 : 01011011;
    23C5 : 01101010;
    23C6 : 11010000;
    23C7 : 10111101;
    23C8 : 11000011;
    23C9 : 11001101;
    23CA : 11001111;
    23CB : 10011111;
    23CC : 01000000;
    23CD : 00010110;
    23CE : 01111000;
    23CF : 11111010;
    23D0 : 11111111;
    23D1 : 11111000;
    23D2 : 11111011;
    23D3 : 11111010;
    23D4 : 11111011;
    23D5 : 11111011;
    23D6 : 11111010;
    23D7 : 11111010;
    23D8 : 11111011;
    23D9 : 11111011;
    23DA : 11111010;
    23DB : 11111010;
    23DC : 11111111;
    23DD : 10111100;
    23DE : 00100001;
    23DF : 00100000;
    23E0 : 00110001;
    23E1 : 01000001;
    23E2 : 01001101;
    23E3 : 01010010;
    23E4 : 01010001;
    23E5 : 01010101;
    23E6 : 00101001;
    23E7 : 01001000;
    23E8 : 10010110;
    23E9 : 10001100;
    23EA : 10001110;
    23EB : 10001110;
    23EC : 10001110;
    23ED : 10001110;
    23EE : 10001110;
    23EF : 10001110;
    23F0 : 10001110;
    23F1 : 10001110;
    23F2 : 10001100;
    23F3 : 10010110;
    23F4 : 01001010;
    23F5 : 00101110;
    23F6 : 01010111;
    23F7 : 01010010;
    23F8 : 01010000;
    23F9 : 01001001;
    23FA : 00111010;
    23FB : 00101000;
    23FC : 00010110;
    23FD : 00110011;
    23FE : 11111001;
    23FF : 11111111;
    2400 : 11110111;
    2401 : 11111011;
    2402 : 11111010;
    2403 : 11111010;
    2404 : 11111011;
    2405 : 11111010;
    2406 : 11111010;
    2407 : 11111011;
    2408 : 11111011;
    2409 : 11111011;
    240A : 11111000;
    240B : 11111111;
    240C : 11111111;
    240D : 10101000;
    240E : 00110111;
    240F : 00011000;
    2410 : 01000011;
    2411 : 01110001;
    2412 : 10000011;
    2413 : 10000000;
    2414 : 01111010;
    2415 : 01111100;
    2416 : 00101110;
    2417 : 01011101;
    2418 : 01111111;
    2419 : 01110101;
    241A : 10000110;
    241B : 01000110;
    241C : 00111011;
    241D : 11011001;
    241E : 11010110;
    241F : 11010101;
    2420 : 11010010;
    2421 : 11100001;
    2422 : 01110100;
    2423 : 00100111;
    2424 : 10000011;
    2425 : 01110111;
    2426 : 10000010;
    2427 : 01001000;
    2428 : 00111100;
    2429 : 10000000;
    242A : 01111001;
    242B : 10000001;
    242C : 10000011;
    242D : 01101111;
    242E : 01000000;
    242F : 00010111;
    2430 : 00110100;
    2431 : 10100001;
    2432 : 11111111;
    2433 : 11111111;
    2434 : 11110111;
    2435 : 11111011;
    2436 : 11111010;
    2437 : 11111011;
    2438 : 11111010;
    2439 : 11111010;
    243A : 11111010;
    243B : 11111010;
    243C : 11111011;
    243D : 11111010;
    243E : 11111011;
    243F : 11111010;
    2440 : 11111011;
    2441 : 11111011;
    2442 : 11111010;
    2443 : 11111010;
    2444 : 11111011;
    2445 : 11111011;
    2446 : 11111000;
    2447 : 11111111;
    2448 : 11100100;
    2449 : 00110100;
    244A : 00101101;
    244B : 10011110;
    244C : 11001111;
    244D : 11001110;
    244E : 11000100;
    244F : 11000000;
    2450 : 11000010;
    2451 : 11000000;
    2452 : 11010001;
    2453 : 01110010;
    2454 : 01010100;
    2455 : 11001111;
    2456 : 11000111;
    2457 : 11001000;
    2458 : 10001110;
    2459 : 01001000;
    245A : 00011100;
    245B : 10101001;
    245C : 11011011;
    245D : 11011011;
    245E : 01001001;
    245F : 00110001;
    2460 : 10000010;
    2461 : 10011101;
    2462 : 11001011;
    2463 : 11001111;
    2464 : 01001100;
    2465 : 01111010;
    2466 : 11010000;
    2467 : 11000001;
    2468 : 11000011;
    2469 : 11000001;
    246A : 11000001;
    246B : 11001100;
    246C : 11010000;
    246D : 10011101;
    246E : 00101010;
    246F : 00110111;
    2470 : 11101001;
    2471 : 11111111;
    2472 : 11111000;
    2473 : 11111011;
    2474 : 11111010;
    2475 : 11111011;
    2476 : 11111011;
    2477 : 11111011;
    2478 : 11111011;
    2479 : 11111010;
    247A : 11111010;
    247B : 11111111;
    247C : 10000101;
    247D : 00010011;
    247E : 00110101;
    247F : 01001100;
    2480 : 01010010;
    2481 : 01010001;
    2482 : 01001111;
    2483 : 01001101;
    2484 : 01001100;
    2485 : 01010001;
    2486 : 01000000;
    2487 : 00100011;
    2488 : 10001000;
    2489 : 10001111;
    248A : 10001101;
    248B : 10001110;
    248C : 10001110;
    248D : 10001110;
    248E : 10001110;
    248F : 10001110;
    2490 : 10001110;
    2491 : 10001101;
    2492 : 10001111;
    2493 : 10001001;
    2494 : 00100110;
    2495 : 01000001;
    2496 : 01010001;
    2497 : 01001101;
    2498 : 01001110;
    2499 : 01010000;
    249A : 01010011;
    249B : 01010000;
    249C : 01000100;
    249D : 00100011;
    249E : 00111011;
    249F : 11011110;
    24A0 : 11111111;
    24A1 : 11111000;
    24A2 : 11111011;
    24A3 : 11111011;
    24A4 : 11111010;
    24A5 : 11111011;
    24A6 : 11111011;
    24A7 : 11111010;
    24A8 : 11111011;
    24A9 : 11111000;
    24AA : 11111111;
    24AB : 11101100;
    24AC : 01010001;
    24AD : 00010101;
    24AE : 01001011;
    24AF : 01111010;
    24B0 : 10000010;
    24B1 : 01111100;
    24B2 : 01111000;
    24B3 : 01111000;
    24B4 : 01111000;
    24B5 : 01111111;
    24B6 : 00110000;
    24B7 : 01011001;
    24B8 : 01111111;
    24B9 : 01111111;
    24BA : 01101100;
    24BB : 01011001;
    24BC : 00101010;
    24BD : 01100001;
    24BE : 11011111;
    24BF : 11010000;
    24C0 : 11011110;
    24C1 : 10011000;
    24C2 : 00011100;
    24C3 : 01001101;
    24C4 : 01100010;
    24C5 : 01111110;
    24C6 : 10000001;
    24C7 : 01000110;
    24C8 : 00111111;
    24C9 : 10000001;
    24CA : 01110111;
    24CB : 01111000;
    24CC : 01111000;
    24CD : 01111100;
    24CE : 10000011;
    24CF : 01111010;
    24D0 : 01001100;
    24D1 : 00011000;
    24D2 : 00111101;
    24D3 : 11001100;
    24D4 : 11111111;
    24D5 : 11110111;
    24D6 : 11111011;
    24D7 : 11111011;
    24D8 : 11111010;
    24D9 : 11111010;
    24DA : 11111011;
    24DB : 11111011;
    24DC : 11111011;
    24DD : 11111010;
    24DE : 11111011;
    24DF : 11111010;
    24E0 : 11111010;
    24E1 : 11111011;
    24E2 : 11111011;
    24E3 : 11111010;
    24E4 : 11111011;
    24E5 : 11111001;
    24E6 : 11111110;
    24E7 : 11110001;
    24E8 : 00101101;
    24E9 : 01001100;
    24EA : 11001111;
    24EB : 11001100;
    24EC : 11000001;
    24ED : 11000001;
    24EE : 11000011;
    24EF : 11000011;
    24F0 : 11000011;
    24F1 : 11000001;
    24F2 : 11001111;
    24F3 : 10001010;
    24F4 : 00111110;
    24F5 : 11010111;
    24F6 : 10110000;
    24F7 : 00111001;
    24F8 : 00011000;
    24F9 : 10001000;
    24FA : 10001001;
    24FB : 00100010;
    24FC : 11011101;
    24FD : 01111100;
    24FE : 00110101;
    24FF : 01110111;
    2500 : 00101011;
    2501 : 00011101;
    2502 : 01100000;
    2503 : 11010101;
    2504 : 00111110;
    2505 : 10001111;
    2506 : 11001110;
    2507 : 11000001;
    2508 : 11000011;
    2509 : 11000011;
    250A : 11000011;
    250B : 11000001;
    250C : 11000000;
    250D : 11001101;
    250E : 11001101;
    250F : 01000011;
    2510 : 00110110;
    2511 : 11111001;
    2512 : 11111101;
    2513 : 11111010;
    2514 : 11111011;
    2515 : 11111011;
    2516 : 11111010;
    2517 : 11111011;
    2518 : 11111011;
    2519 : 11111000;
    251A : 11111111;
    251B : 10000000;
    251C : 00001101;
    251D : 01001000;
    251E : 01010011;
    251F : 01001110;
    2520 : 01001101;
    2521 : 01001110;
    2522 : 01001110;
    2523 : 01001110;
    2524 : 01001110;
    2525 : 01001110;
    2526 : 01010001;
    2527 : 00100000;
    2528 : 01010111;
    2529 : 10010111;
    252A : 10001100;
    252B : 10001110;
    252C : 10001110;
    252D : 10001110;
    252E : 10001110;
    252F : 10001110;
    2530 : 10001110;
    2531 : 10001011;
    2532 : 10011000;
    2533 : 01010011;
    2534 : 00100011;
    2535 : 01010001;
    2536 : 01001110;
    2537 : 01001110;
    2538 : 01001110;
    2539 : 01001110;
    253A : 01001101;
    253B : 01001110;
    253C : 01010010;
    253D : 01010011;
    253E : 00100110;
    253F : 00101011;
    2540 : 11100101;
    2541 : 11111111;
    2542 : 11111000;
    2543 : 11111011;
    2544 : 11111011;
    2545 : 11111010;
    2546 : 11111011;
    2547 : 11111011;
    2548 : 11111001;
    2549 : 11111111;
    254A : 11101101;
    254B : 00110100;
    254C : 00101001;
    254D : 01111010;
    254E : 10000010;
    254F : 01111001;
    2550 : 01110111;
    2551 : 01111000;
    2552 : 01111001;
    2553 : 01111001;
    2554 : 01111000;
    2555 : 10000001;
    2556 : 00110111;
    2557 : 01001110;
    2558 : 10001000;
    2559 : 01011111;
    255A : 00011010;
    255B : 00111110;
    255C : 01110110;
    255D : 00010101;
    255E : 10010001;
    255F : 11100011;
    2560 : 10110111;
    2561 : 00011111;
    2562 : 01100101;
    2563 : 01010001;
    2564 : 00011000;
    2565 : 01010000;
    2566 : 10001010;
    2567 : 00111111;
    2568 : 01000101;
    2569 : 10000001;
    256A : 01110111;
    256B : 01111001;
    256C : 01111001;
    256D : 01111000;
    256E : 01110111;
    256F : 01111010;
    2570 : 10000010;
    2571 : 01111100;
    2572 : 00111110;
    2573 : 00010100;
    2574 : 10110010;
    2575 : 11111111;
    2576 : 11110111;
    2577 : 11111011;
    2578 : 11111010;
    2579 : 11111011;
    257A : 11111010;
    257B : 11111011;
    257C : 11111011;
    257D : 11111011;
    257E : 11111011;
    257F : 11111010;
    2580 : 11111011;
    2581 : 11111011;
    2582 : 11111011;
    2583 : 11111011;
    2584 : 11111010;
    2585 : 11111000;
    2586 : 11111111;
    2587 : 01011111;
    2588 : 00111001;
    2589 : 11010001;
    258A : 11000100;
    258B : 11000000;
    258C : 11000011;
    258D : 11000011;
    258E : 11000011;
    258F : 11000011;
    2590 : 11000011;
    2591 : 11000010;
    2592 : 11001000;
    2593 : 10110000;
    2594 : 00110100;
    2595 : 10000111;
    2596 : 00011011;
    2597 : 01010010;
    2598 : 11000001;
    2599 : 11001011;
    259A : 11010010;
    259B : 01010000;
    259C : 01001011;
    259D : 00101110;
    259E : 10100001;
    259F : 11001110;
    25A0 : 11001001;
    25A1 : 10110001;
    25A2 : 00101100;
    25A3 : 01010100;
    25A4 : 00111010;
    25A5 : 10101100;
    25A6 : 11001000;
    25A7 : 11000010;
    25A8 : 11000011;
    25A9 : 11000011;
    25AA : 11000011;
    25AB : 11000011;
    25AC : 11000011;
    25AD : 11000000;
    25AE : 11000101;
    25AF : 11001110;
    25B0 : 00101101;
    25B1 : 01110100;
    25B2 : 11111111;
    25B3 : 11110111;
    25B4 : 11111011;
    25B5 : 11111011;
    25B6 : 11111011;
    25B7 : 11111010;
    25B8 : 11110111;
    25B9 : 11111111;
    25BA : 10110111;
    25BB : 00010000;
    25BC : 01001001;
    25BD : 01010011;
    25BE : 01001100;
    25BF : 01001110;
    25C0 : 01001110;
    25C1 : 01001110;
    25C2 : 01001110;
    25C3 : 01001110;
    25C4 : 01001110;
    25C5 : 01001101;
    25C6 : 01010010;
    25C7 : 00111101;
    25C8 : 00100010;
    25C9 : 10000111;
    25CA : 10010000;
    25CB : 10001101;
    25CC : 10001110;
    25CD : 10001110;
    25CE : 10001110;
    25CF : 10001110;
    25D0 : 10001100;
    25D1 : 10010101;
    25D2 : 01111000;
    25D3 : 00011100;
    25D4 : 01000101;
    25D5 : 01010001;
    25D6 : 01001110;
    25D7 : 01001110;
    25D8 : 01001110;
    25D9 : 01001110;
    25DA : 01001110;
    25DB : 01001110;
    25DC : 01001110;
    25DD : 01001110;
    25DE : 01011000;
    25DF : 00100001;
    25E0 : 01001110;
    25E1 : 11111111;
    25E2 : 11111010;
    25E3 : 11111010;
    25E4 : 11111011;
    25E5 : 11111010;
    25E6 : 11111011;
    25E7 : 11111010;
    25E8 : 11111001;
    25E9 : 11111111;
    25EA : 01010010;
    25EB : 00101011;
    25EC : 10000101;
    25ED : 01111011;
    25EE : 01110111;
    25EF : 01111001;
    25F0 : 01111001;
    25F1 : 01111001;
    25F2 : 01111001;
    25F3 : 01111001;
    25F4 : 01110111;
    25F5 : 10000010;
    25F6 : 01000001;
    25F7 : 01001010;
    25F8 : 01101101;
    25F9 : 00011000;
    25FA : 01011000;
    25FB : 10000000;
    25FC : 10000010;
    25FD : 01001011;
    25FE : 00100110;
    25FF : 11001010;
    2600 : 00111100;
    2601 : 01000111;
    2602 : 10000011;
    2603 : 01111111;
    2604 : 01101011;
    2605 : 00011010;
    2606 : 01100011;
    2607 : 01000101;
    2608 : 01001101;
    2609 : 10000001;
    260A : 01111000;
    260B : 01111001;
    260C : 01111001;
    260D : 01111001;
    260E : 01111001;
    260F : 01111001;
    2610 : 01110111;
    2611 : 01111001;
    2612 : 10000110;
    2613 : 01010100;
    2614 : 00010110;
    2615 : 11010001;
    2616 : 11111111;
    2617 : 11111000;
    2618 : 11111011;
    2619 : 11111010;
    261A : 11111011;
    261B : 11111010;
    261C : 11111011;
    261D : 11111011;
    261E : 11111011;
    261F : 11111010;
    2620 : 11111011;
    2621 : 11111011;
    2622 : 11111011;
    2623 : 11111011;
    2624 : 11111000;
    2625 : 11111111;
    2626 : 11000111;
    2627 : 00011010;
    2628 : 10110100;
    2629 : 11001001;
    262A : 11000001;
    262B : 11000011;
    262C : 11000011;
    262D : 11000011;
    262E : 11000011;
    262F : 11000011;
    2630 : 11000011;
    2631 : 11000011;
    2632 : 11000001;
    2633 : 11001101;
    2634 : 01011010;
    2635 : 00010111;
    2636 : 01111100;
    2637 : 11010000;
    2638 : 11000110;
    2639 : 10111111;
    263A : 11000111;
    263B : 10110111;
    263C : 00010101;
    263D : 01100101;
    263E : 11010001;
    263F : 10111111;
    2640 : 11000001;
    2641 : 11001100;
    2642 : 10111100;
    2643 : 00110101;
    2644 : 01010001;
    2645 : 11001001;
    2646 : 11000011;
    2647 : 11000011;
    2648 : 11000011;
    2649 : 11000011;
    264A : 11000011;
    264B : 11000011;
    264C : 11000011;
    264D : 11000011;
    264E : 11000000;
    264F : 11001011;
    2650 : 10100110;
    2651 : 00011100;
    2652 : 11011001;
    2653 : 11111111;
    2654 : 11111001;
    2655 : 11111011;
    2656 : 11111011;
    2657 : 11111010;
    2658 : 11111011;
    2659 : 11111100;
    265A : 00111101;
    265B : 00110001;
    265C : 01010100;
    265D : 01001100;
    265E : 01001110;
    265F : 01001110;
    2660 : 01001110;
    2661 : 01001110;
    2662 : 01001110;
    2663 : 01001110;
    2664 : 01001110;
    2665 : 01001110;
    2666 : 01001110;
    2667 : 01010010;
    2668 : 00100101;
    2669 : 00111111;
    266A : 10010111;
    266B : 10001100;
    266C : 10001101;
    266D : 10001110;
    266E : 10001110;
    266F : 10001100;
    2670 : 10010010;
    2671 : 10001001;
    2672 : 00100110;
    2673 : 00110100;
    2674 : 01010011;
    2675 : 01001101;
    2676 : 01001110;
    2677 : 01001110;
    2678 : 01001110;
    2679 : 01001110;
    267A : 01001110;
    267B : 01001110;
    267C : 01001110;
    267D : 01001110;
    267E : 01001111;
    267F : 01010010;
    2680 : 00010011;
    2681 : 10101000;
    2682 : 11111111;
    2683 : 11110111;
    2684 : 11111011;
    2685 : 11111011;
    2686 : 11111011;
    2687 : 11110111;
    2688 : 11111111;
    2689 : 10101011;
    268A : 00011001;
    268B : 01111100;
    268C : 01111010;
    268D : 01111000;
    268E : 01111001;
    268F : 01111001;
    2690 : 01111001;
    2691 : 01111001;
    2692 : 01111001;
    2693 : 01111001;
    2694 : 01111000;
    2695 : 01111111;
    2696 : 01011100;
    2697 : 00101011;
    2698 : 00100100;
    2699 : 01010101;
    269A : 10000011;
    269B : 01110111;
    269C : 01111001;
    269D : 01111100;
    269E : 00101101;
    269F : 00101000;
    26A0 : 00100101;
    26A1 : 01111000;
    26A2 : 01111001;
    26A3 : 01110111;
    26A4 : 01111111;
    26A5 : 01010011;
    26A6 : 00100011;
    26A7 : 00100110;
    26A8 : 01011101;
    26A9 : 01111111;
    26AA : 01111000;
    26AB : 01111001;
    26AC : 01111001;
    26AD : 01111001;
    26AE : 01111001;
    26AF : 01111001;
    26B0 : 01111001;
    26B1 : 01111000;
    26B2 : 01110110;
    26B3 : 10000110;
    26B4 : 00111011;
    26B5 : 01001000;
    26B6 : 11111111;
    26B7 : 11111010;
    26B8 : 11111010;
    26B9 : 11111010;
    26BA : 11111011;
    26BB : 11111011;
    26BC : 11111011;
    26BD : 11111011;
    26BE : 11111011;
    26BF : 11111010;
    26C0 : 11111011;
    26C1 : 11111011;
    26C2 : 11111010;
    26C3 : 11111011;
    26C4 : 11111000;
    26C5 : 11111111;
    26C6 : 01011100;
    26C7 : 01011001;
    26C8 : 11010010;
    26C9 : 10111111;
    26CA : 11000011;
    26CB : 11000011;
    26CC : 11000011;
    26CD : 11000011;
    26CE : 11000011;
    26CF : 11000011;
    26D0 : 11000011;
    26D1 : 11000011;
    26D2 : 11000011;
    26D3 : 11000110;
    26D4 : 10111001;
    26D5 : 10110101;
    26D6 : 11010000;
    26D7 : 11000001;
    26D8 : 11000010;
    26D9 : 11000011;
    26DA : 11000110;
    26DB : 10111001;
    26DC : 00101111;
    26DD : 10101101;
    26DE : 11001000;
    26DF : 11000010;
    26E0 : 11000011;
    26E1 : 11000001;
    26E2 : 11000111;
    26E3 : 11000110;
    26E4 : 11000000;
    26E5 : 11000101;
    26E6 : 11000011;
    26E7 : 11000011;
    26E8 : 11000011;
    26E9 : 11000011;
    26EA : 11000011;
    26EB : 11000011;
    26EC : 11000011;
    26ED : 11000011;
    26EE : 11000011;
    26EF : 11000000;
    26F0 : 11010010;
    26F1 : 01000110;
    26F2 : 01110101;
    26F3 : 11111111;
    26F4 : 11110111;
    26F5 : 11111011;
    26F6 : 11111011;
    26F7 : 11110111;
    26F8 : 11111111;
    26F9 : 10110011;
    26FA : 00011000;
    26FB : 01010001;
    26FC : 01001110;
    26FD : 01001110;
    26FE : 01001110;
    26FF : 01001110;
    2700 : 01001110;
    2701 : 01001110;
    2702 : 01001110;
    2703 : 01001110;
    2704 : 01001110;
    2705 : 01001110;
    2706 : 01001110;
    2707 : 01001111;
    2708 : 01001100;
    2709 : 00011010;
    270A : 01010110;
    270B : 10011001;
    270C : 10001100;
    270D : 10001101;
    270E : 10001101;
    270F : 10010000;
    2710 : 10001111;
    2711 : 00110001;
    2712 : 00101010;
    2713 : 01010010;
    2714 : 01001110;
    2715 : 01001110;
    2716 : 01001110;
    2717 : 01001110;
    2718 : 01001110;
    2719 : 01001110;
    271A : 01001110;
    271B : 01001110;
    271C : 01001110;
    271D : 01001110;
    271E : 01001101;
    271F : 01010101;
    2720 : 00110011;
    2721 : 01000000;
    2722 : 11111110;
    2723 : 11111011;
    2724 : 11111010;
    2725 : 11111011;
    2726 : 11111010;
    2727 : 11111010;
    2728 : 11111111;
    2729 : 01000010;
    272A : 01001110;
    272B : 10000010;
    272C : 01110111;
    272D : 01111001;
    272E : 01111001;
    272F : 01111001;
    2730 : 01111001;
    2731 : 01111001;
    2732 : 01111001;
    2733 : 01111001;
    2734 : 01111001;
    2735 : 01111001;
    2736 : 01111010;
    2737 : 00111101;
    2738 : 01001101;
    2739 : 10000001;
    273A : 01110111;
    273B : 01111001;
    273C : 01110111;
    273D : 01111111;
    273E : 01011000;
    273F : 00001111;
    2740 : 01001111;
    2741 : 10000000;
    2742 : 01110111;
    2743 : 01111001;
    2744 : 01111000;
    2745 : 01111100;
    2746 : 01010100;
    2747 : 00110100;
    2748 : 01110101;
    2749 : 01111011;
    274A : 01111001;
    274B : 01111001;
    274C : 01111001;
    274D : 01111001;
    274E : 01111001;
    274F : 01111001;
    2750 : 01111001;
    2751 : 01111001;
    2752 : 01111000;
    2753 : 01111010;
    2754 : 01111001;
    2755 : 00011011;
    2756 : 10111100;
    2757 : 11111111;
    2758 : 11111000;
    2759 : 11111010;
    275A : 11111010;
    275B : 11111011;
    275C : 11111010;
    275D : 11111010;
    275E : 11111011;
    275F : 11111011;
    2760 : 11111011;
    2761 : 11111011;
    2762 : 11111011;
    2763 : 11111001;
    2764 : 11111111;
    2765 : 11101000;
    2766 : 00100101;
    2767 : 10100011;
    2768 : 11001011;
    2769 : 11000010;
    276A : 11000011;
    276B : 11000011;
    276C : 11000011;
    276D : 11000011;
    276E : 11000011;
    276F : 11000011;
    2770 : 11000011;
    2771 : 11000011;
    2772 : 11000011;
    2773 : 11000011;
    2774 : 11000110;
    2775 : 11000111;
    2776 : 11000001;
    2777 : 11000011;
    2778 : 11000011;
    2779 : 11000001;
    277A : 11001111;
    277B : 10001100;
    277C : 00111000;
    277D : 11001001;
    277E : 11000010;
    277F : 11000011;
    2780 : 11000011;
    2781 : 11000011;
    2782 : 11000010;
    2783 : 11000011;
    2784 : 11000100;
    2785 : 11000011;
    2786 : 11000011;
    2787 : 11000011;
    2788 : 11000011;
    2789 : 11000011;
    278A : 11000011;
    278B : 11000011;
    278C : 11000011;
    278D : 11000010;
    278E : 11000011;
    278F : 11000001;
    2790 : 11001110;
    2791 : 10001111;
    2792 : 00110011;
    2793 : 11111010;
    2794 : 11111100;
    2795 : 11111010;
    2796 : 11111011;
    2797 : 11111000;
    2798 : 11111111;
    2799 : 01100000;
    279A : 00101011;
    279B : 01010101;
    279C : 01001101;
    279D : 01001110;
    279E : 01001110;
    279F : 01001110;
    27A0 : 01001110;
    27A1 : 01001110;
    27A2 : 01001110;
    27A3 : 01001110;
    27A4 : 01001110;
    27A5 : 01001110;
    27A6 : 01001110;
    27A7 : 01001101;
    27A8 : 01010001;
    27A9 : 01000111;
    27AA : 00011001;
    27AB : 01011001;
    27AC : 10011001;
    27AD : 10001100;
    27AE : 10001111;
    27AF : 10010000;
    27B0 : 00110110;
    27B1 : 00100010;
    27B2 : 01001111;
    27B3 : 01001111;
    27B4 : 01001110;
    27B5 : 01001110;
    27B6 : 01001110;
    27B7 : 01001110;
    27B8 : 01001110;
    27B9 : 01001110;
    27BA : 01001110;
    27BB : 01001110;
    27BC : 01001110;
    27BD : 01001110;
    27BE : 01001110;
    27BF : 01001111;
    27C0 : 01001111;
    27C1 : 00011001;
    27C2 : 11000000;
    27C3 : 11111111;
    27C4 : 11111000;
    27C5 : 11111011;
    27C6 : 11111000;
    27C7 : 11111111;
    27C8 : 11001100;
    27C9 : 00011111;
    27CA : 01110111;
    27CB : 01111010;
    27CC : 01111001;
    27CD : 01111001;
    27CE : 01111001;
    27CF : 01111001;
    27D0 : 01111001;
    27D1 : 01111001;
    27D2 : 01111001;
    27D3 : 01111001;
    27D4 : 01111001;
    27D5 : 01111001;
    27D6 : 01111010;
    27D7 : 01111110;
    27D8 : 01111110;
    27D9 : 01111000;
    27DA : 01111001;
    27DB : 01111001;
    27DC : 01111000;
    27DD : 01111111;
    27DE : 01011010;
    27DF : 00100100;
    27E0 : 01111100;
    27E1 : 01111010;
    27E2 : 01111001;
    27E3 : 01111001;
    27E4 : 01111001;
    27E5 : 01111001;
    27E6 : 01111101;
    27E7 : 01111110;
    27E8 : 01111010;
    27E9 : 01111001;
    27EA : 01111001;
    27EB : 01111001;
    27EC : 01111001;
    27ED : 01111001;
    27EE : 01111001;
    27EF : 01111001;
    27F0 : 01111001;
    27F1 : 01111001;
    27F2 : 01111001;
    27F3 : 01110111;
    27F4 : 10000011;
    27F5 : 00111011;
    27F6 : 01100101;
    27F7 : 11111111;
    27F8 : 11110111;
    27F9 : 11111011;
    27FA : 11111011;
    27FB : 11111011;
    27FC : 11111011;
    27FD : 11111011;
    27FE : 11111011;
    27FF : 11111011;
    2800 : 11111011;
    2801 : 11111011;
    2802 : 11111011;
    2803 : 11110111;
    2804 : 11111111;
    2805 : 10100101;
    2806 : 00110000;
    2807 : 11001010;
    2808 : 11000011;
    2809 : 11000011;
    280A : 11000011;
    280B : 11000100;
    280C : 11000011;
    280D : 11000011;
    280E : 11000011;
    280F : 11000011;
    2810 : 11000011;
    2811 : 11000011;
    2812 : 11000011;
    2813 : 11000011;
    2814 : 11000011;
    2815 : 11000010;
    2816 : 11000011;
    2817 : 11000011;
    2818 : 11000011;
    2819 : 11000000;
    281A : 11010001;
    281B : 01110110;
    281C : 01001111;
    281D : 11010100;
    281E : 11000011;
    281F : 11000011;
    2820 : 11000011;
    2821 : 11000011;
    2822 : 11000011;
    2823 : 11000011;
    2824 : 11000011;
    2825 : 11000011;
    2826 : 11000011;
    2827 : 11000011;
    2828 : 11000011;
    2829 : 11000011;
    282A : 11000011;
    282B : 11000011;
    282C : 11000100;
    282D : 11001001;
    282E : 11000100;
    282F : 11000011;
    2830 : 11000101;
    2831 : 10111100;
    2832 : 00100111;
    2833 : 11001001;
    2834 : 11111111;
    2835 : 11111001;
    2836 : 11111010;
    2837 : 11111111;
    2838 : 11101010;
    2839 : 00101100;
    283A : 01000100;
    283B : 01010000;
    283C : 01001110;
    283D : 01001110;
    283E : 01001110;
    283F : 01001110;
    2840 : 01001110;
    2841 : 01001110;
    2842 : 01001110;
    2843 : 01001110;
    2844 : 01001110;
    2845 : 01001110;
    2846 : 01001110;
    2847 : 01001110;
    2848 : 01001101;
    2849 : 01010010;
    284A : 01000110;
    284B : 00011010;
    284C : 01001101;
    284D : 10010101;
    284E : 10001110;
    284F : 00110100;
    2850 : 00100001;
    2851 : 01001111;
    2852 : 01001111;
    2853 : 01001110;
    2854 : 01001110;
    2855 : 01001110;
    2856 : 01001110;
    2857 : 01001110;
    2858 : 01001110;
    2859 : 01001110;
    285A : 01001110;
    285B : 01001110;
    285C : 01001110;
    285D : 01001110;
    285E : 01001110;
    285F : 01001110;
    2860 : 01010110;
    2861 : 00100011;
    2862 : 01110111;
    2863 : 11111111;
    2864 : 11110111;
    2865 : 11111011;
    2866 : 11110111;
    2867 : 11111111;
    2868 : 10001000;
    2869 : 00101110;
    286A : 10000011;
    286B : 01110111;
    286C : 01111001;
    286D : 01111010;
    286E : 01111010;
    286F : 01111001;
    2870 : 01111001;
    2871 : 01111001;
    2872 : 01111001;
    2873 : 01111001;
    2874 : 01111001;
    2875 : 01111001;
    2876 : 01111001;
    2877 : 01111000;
    2878 : 01111000;
    2879 : 01111001;
    287A : 01111001;
    287B : 01111001;
    287C : 01110111;
    287D : 10000001;
    287E : 01000011;
    287F : 01000100;
    2880 : 01101101;
    2881 : 01110111;
    2882 : 01111010;
    2883 : 01111001;
    2884 : 01111001;
    2885 : 01111001;
    2886 : 01111000;
    2887 : 01111001;
    2888 : 01111001;
    2889 : 01111001;
    288A : 01111001;
    288B : 01111001;
    288C : 01111001;
    288D : 01111001;
    288E : 01111001;
    288F : 01111001;
    2890 : 01111010;
    2891 : 01111010;
    2892 : 01111001;
    2893 : 01111000;
    2894 : 01111111;
    2895 : 01100010;
    2896 : 00101110;
    2897 : 11110000;
    2898 : 11111110;
    2899 : 11111010;
    289A : 11111011;
    289B : 11111011;
    289C : 11111011;
    289D : 11111011;
    289E : 11111011;
    289F : 11111011;
    28A0 : 11111011;
    28A1 : 11111010;
    28A2 : 11111010;
    28A3 : 11110111;
    28A4 : 11111111;
    28A5 : 01100001;
    28A6 : 01011110;
    28A7 : 11010010;
    28A8 : 11000000;
    28A9 : 11000011;
    28AA : 11000100;
    28AB : 11000010;
    28AC : 11000100;
    28AD : 11000011;
    28AE : 11000011;
    28AF : 11000011;
    28B0 : 11000011;
    28B1 : 11000011;
    28B2 : 11000011;
    28B3 : 11000011;
    28B4 : 11000011;
    28B5 : 11000011;
    28B6 : 11000011;
    28B7 : 11000011;
    28B8 : 11000011;
    28B9 : 11000000;
    28BA : 11010001;
    28BB : 01101110;
    28BC : 01010011;
    28BD : 01011100;
    28BE : 10011101;
    28BF : 11001011;
    28C0 : 11000010;
    28C1 : 11000011;
    28C2 : 11000011;
    28C3 : 11000011;
    28C4 : 11000011;
    28C5 : 11000011;
    28C6 : 11000011;
    28C7 : 11000011;
    28C8 : 11000011;
    28C9 : 11000011;
    28CA : 11000011;
    28CB : 11000100;
    28CC : 11000010;
    28CD : 10101000;
    28CE : 11000001;
    28CF : 11000100;
    28D0 : 11000001;
    28D1 : 11010000;
    28D2 : 01000000;
    28D3 : 10001111;
    28D4 : 11111111;
    28D5 : 11110111;
    28D6 : 11111000;
    28D7 : 11111111;
    28D8 : 10110111;
    28D9 : 00011100;
    28DA : 01010010;
    28DB : 01001110;
    28DC : 01001110;
    28DD : 01001110;
    28DE : 01001110;
    28DF : 01001110;
    28E0 : 01001110;
    28E1 : 01001110;
    28E2 : 01001110;
    28E3 : 01001110;
    28E4 : 01001110;
    28E5 : 01001110;
    28E6 : 01001110;
    28E7 : 01001110;
    28E8 : 01001110;
    28E9 : 01001101;
    28EA : 01010010;
    28EB : 01001011;
    28EC : 00011110;
    28ED : 00111001;
    28EE : 00110100;
    28EF : 00100101;
    28F0 : 01001111;
    28F1 : 01001111;
    28F2 : 01001110;
    28F3 : 01001110;
    28F4 : 01001110;
    28F5 : 01001110;
    28F6 : 01001110;
    28F7 : 01001110;
    28F8 : 01001110;
    28F9 : 01001110;
    28FA : 01001110;
    28FB : 01001110;
    28FC : 01001110;
    28FD : 01001110;
    28FE : 01001110;
    28FF : 01001110;
    2900 : 01010011;
    2901 : 00111001;
    2902 : 00111110;
    2903 : 11111011;
    2904 : 11111011;
    2905 : 11111010;
    2906 : 11111001;
    2907 : 11111111;
    2908 : 01001110;
    2909 : 01001101;
    290A : 10000010;
    290B : 01110111;
    290C : 01111010;
    290D : 01110111;
    290E : 01110110;
    290F : 01111010;
    2910 : 01111001;
    2911 : 01111001;
    2912 : 01111001;
    2913 : 01111001;
    2914 : 01111001;
    2915 : 01111001;
    2916 : 01111001;
    2917 : 01111001;
    2918 : 01111001;
    2919 : 01111001;
    291A : 01111001;
    291B : 01111001;
    291C : 01110111;
    291D : 10000000;
    291E : 00111010;
    291F : 01001100;
    2920 : 00100101;
    2921 : 01101000;
    2922 : 01111101;
    2923 : 01111000;
    2924 : 01111001;
    2925 : 01111001;
    2926 : 01111001;
    2927 : 01111001;
    2928 : 01111001;
    2929 : 01111001;
    292A : 01111001;
    292B : 01111001;
    292C : 01111001;
    292D : 01111001;
    292E : 01111001;
    292F : 01111010;
    2930 : 01111000;
    2931 : 01110101;
    2932 : 01111010;
    2933 : 01111000;
    2934 : 01111010;
    2935 : 01111001;
    2936 : 00011111;
    2937 : 10111111;
    2938 : 11111111;
    2939 : 11111000;
    293A : 11111011;
    293B : 11111011;
    293C : 11111011;
    293D : 11111011;
    293E : 11111011;
    293F : 11111011;
    2940 : 11111011;
    2941 : 11111011;
    2942 : 11111010;
    2943 : 11111100;
    2944 : 11111001;
    2945 : 00110101;
    2946 : 10010001;
    2947 : 11001110;
    2948 : 11000001;
    2949 : 11000011;
    294A : 11001000;
    294B : 01010010;
    294C : 10011111;
    294D : 11001011;
    294E : 11000010;
    294F : 11000011;
    2950 : 11000011;
    2951 : 11000011;
    2952 : 11000011;
    2953 : 11000011;
    2954 : 11000011;
    2955 : 11000011;
    2956 : 11000011;
    2957 : 11000011;
    2958 : 11000011;
    2959 : 11000000;
    295A : 11010000;
    295B : 01101101;
    295C : 01010101;
    295D : 01100100;
    295E : 10011010;
    295F : 11001011;
    2960 : 11000010;
    2961 : 11000011;
    2962 : 11000011;
    2963 : 11000011;
    2964 : 11000011;
    2965 : 11000011;
    2966 : 11000011;
    2967 : 11000011;
    2968 : 11000011;
    2969 : 11000011;
    296A : 11000011;
    296B : 11000111;
    296C : 10111000;
    296D : 00110001;
    296E : 10110001;
    296F : 11001000;
    2970 : 10111111;
    2971 : 11010010;
    2972 : 01100110;
    2973 : 01011111;
    2974 : 11111111;
    2975 : 11111000;
    2976 : 11110111;
    2977 : 11111111;
    2978 : 01111111;
    2979 : 00100100;
    297A : 01010101;
    297B : 01001101;
    297C : 01001110;
    297D : 01001110;
    297E : 01001110;
    297F : 01001110;
    2980 : 01001110;
    2981 : 01001110;
    2982 : 01001110;
    2983 : 01001110;
    2984 : 01001110;
    2985 : 01001110;
    2986 : 01001110;
    2987 : 01001110;
    2988 : 01001110;
    2989 : 01001110;
    298A : 01001101;
    298B : 01010000;
    298C : 01010000;
    298D : 00101100;
    298E : 00101101;
    298F : 01010001;
    2990 : 01001111;
    2991 : 01001110;
    2992 : 01001110;
    2993 : 01001110;
    2994 : 01001110;
    2995 : 01001110;
    2996 : 01001110;
    2997 : 01001110;
    2998 : 01001110;
    2999 : 01001110;
    299A : 01001110;
    299B : 01001110;
    299C : 01001110;
    299D : 01001110;
    299E : 01001110;
    299F : 01001110;
    29A0 : 01010000;
    29A1 : 01001011;
    29A2 : 00100001;
    29A3 : 11010101;
    29A4 : 11111111;
    29A5 : 11111000;
    29A6 : 11111111;
    29A7 : 11101010;
    29A8 : 00101101;
    29A9 : 01101001;
    29AA : 01111101;
    29AB : 01110111;
    29AC : 10000001;
    29AD : 01010000;
    29AE : 01000100;
    29AF : 10000001;
    29B0 : 01110111;
    29B1 : 01111001;
    29B2 : 01111001;
    29B3 : 01111001;
    29B4 : 01111001;
    29B5 : 01111001;
    29B6 : 01111001;
    29B7 : 01111001;
    29B8 : 01111001;
    29B9 : 01111001;
    29BA : 01111001;
    29BB : 01111001;
    29BC : 01110111;
    29BD : 10000000;
    29BE : 00110111;
    29BF : 01010000;
    29C0 : 01100001;
    29C1 : 01110011;
    29C2 : 01111011;
    29C3 : 01111001;
    29C4 : 01111001;
    29C5 : 01111001;
    29C6 : 01111001;
    29C7 : 01111001;
    29C8 : 01111001;
    29C9 : 01111001;
    29CA : 01111001;
    29CB : 01111001;
    29CC : 01111001;
    29CD : 01111001;
    29CE : 01111000;
    29CF : 10000000;
    29D0 : 01010110;
    29D1 : 00111111;
    29D2 : 10000000;
    29D3 : 01111000;
    29D4 : 01110111;
    29D5 : 10000011;
    29D6 : 00101011;
    29D7 : 10001101;
    29D8 : 11111111;
    29D9 : 11110111;
    29DA : 11111011;
    29DB : 11111011;
    29DC : 11111010;
    29DD : 11111010;
    29DE : 11111011;
    29DF : 11111011;
    29E0 : 11111011;
    29E1 : 11111011;
    29E2 : 11111001;
    29E3 : 11111111;
    29E4 : 11010111;
    29E5 : 00100111;
    29E6 : 10110101;
    29E7 : 11000111;
    29E8 : 11000010;
    29E9 : 11000010;
    29EA : 11001100;
    29EB : 00111001;
    29EC : 10001000;
    29ED : 11001111;
    29EE : 11000001;
    29EF : 11000011;
    29F0 : 11000011;
    29F1 : 11000011;
    29F2 : 11000011;
    29F3 : 11000011;
    29F4 : 11000011;
    29F5 : 11000011;
    29F6 : 11000011;
    29F7 : 11000011;
    29F8 : 11000011;
    29F9 : 11000000;
    29FA : 11010001;
    29FB : 01101110;
    29FC : 01001111;
    29FD : 11010100;
    29FE : 11000011;
    29FF : 11000011;
    2A00 : 11000011;
    2A01 : 11000011;
    2A02 : 11000011;
    2A03 : 11000011;
    2A04 : 11000011;
    2A05 : 11000011;
    2A06 : 11000011;
    2A07 : 11000011;
    2A08 : 11000011;
    2A09 : 11000011;
    2A0A : 11000010;
    2A0B : 11001001;
    2A0C : 10101110;
    2A0D : 00101100;
    2A0E : 10110111;
    2A0F : 11000111;
    2A10 : 11000000;
    2A11 : 11001110;
    2A12 : 10001101;
    2A13 : 00111101;
    2A14 : 11111111;
    2A15 : 11111010;
    2A16 : 11111001;
    2A17 : 11111111;
    2A18 : 01001111;
    2A19 : 00110100;
    2A1A : 01010011;
    2A1B : 01001101;
    2A1C : 01001110;
    2A1D : 01001110;
    2A1E : 01001110;
    2A1F : 01001111;
    2A20 : 01001110;
    2A21 : 01001110;
    2A22 : 01001110;
    2A23 : 01001110;
    2A24 : 01001110;
    2A25 : 01001110;
    2A26 : 01001110;
    2A27 : 01001110;
    2A28 : 01001110;
    2A29 : 01001110;
    2A2A : 01001110;
    2A2B : 01001110;
    2A2C : 01001111;
    2A2D : 01010010;
    2A2E : 01010010;
    2A2F : 01001110;
    2A30 : 01001110;
    2A31 : 01001110;
    2A32 : 01001110;
    2A33 : 01001110;
    2A34 : 01001110;
    2A35 : 01001110;
    2A36 : 01001110;
    2A37 : 01001110;
    2A38 : 01001110;
    2A39 : 01001110;
    2A3A : 01001110;
    2A3B : 01001110;
    2A3C : 01001111;
    2A3D : 01001110;
    2A3E : 01001110;
    2A3F : 01001110;
    2A40 : 01001110;
    2A41 : 01010100;
    2A42 : 00011101;
    2A43 : 10100010;
    2A44 : 11111111;
    2A45 : 11110101;
    2A46 : 11111111;
    2A47 : 11000010;
    2A48 : 00100100;
    2A49 : 01111010;
    2A4A : 01111001;
    2A4B : 01110111;
    2A4C : 10000001;
    2A4D : 01010000;
    2A4E : 00110011;
    2A4F : 10000000;
    2A50 : 01111000;
    2A51 : 01111001;
    2A52 : 01111001;
    2A53 : 01111001;
    2A54 : 01111001;
    2A55 : 01111001;
    2A56 : 01111001;
    2A57 : 01111001;
    2A58 : 01111001;
    2A59 : 01111001;
    2A5A : 01111001;
    2A5B : 01111001;
    2A5C : 01111000;
    2A5D : 10000000;
    2A5E : 00110111;
    2A5F : 01010001;
    2A60 : 10000111;
    2A61 : 01111001;
    2A62 : 01111001;
    2A63 : 01111001;
    2A64 : 01111001;
    2A65 : 01111001;
    2A66 : 01111001;
    2A67 : 01111001;
    2A68 : 01111001;
    2A69 : 01111001;
    2A6A : 01111001;
    2A6B : 01111001;
    2A6C : 01111001;
    2A6D : 01111001;
    2A6E : 01110111;
    2A6F : 10000010;
    2A70 : 01001011;
    2A71 : 00111010;
    2A72 : 10000010;
    2A73 : 01110111;
    2A74 : 01110111;
    2A75 : 10000011;
    2A76 : 01000000;
    2A77 : 01100010;
    2A78 : 11111111;
    2A79 : 11111000;
    2A7A : 11111011;
    2A7B : 11111011;
    2A7C : 11111011;
    2A7D : 11111011;
    2A7E : 11111010;
    2A7F : 11111010;
    2A80 : 11111011;
    2A81 : 11111011;
    2A82 : 11110111;
    2A83 : 11111111;
    2A84 : 10100111;
    2A85 : 00110101;
    2A86 : 11001011;
    2A87 : 11000010;
    2A88 : 11000011;
    2A89 : 11000001;
    2A8A : 11001110;
    2A8B : 01000101;
    2A8C : 10000000;
    2A8D : 11010000;
    2A8E : 11000001;
    2A8F : 11000011;
    2A90 : 11000011;
    2A91 : 11000011;
    2A92 : 11000011;
    2A93 : 11000011;
    2A94 : 11000011;
    2A95 : 11000011;
    2A96 : 11000011;
    2A97 : 11000011;
    2A98 : 11000011;
    2A99 : 11000000;
    2A9A : 11010001;
    2A9B : 01101110;
    2A9C : 01010000;
    2A9D : 11010000;
    2A9E : 11000000;
    2A9F : 11000011;
    2AA0 : 11000011;
    2AA1 : 11000011;
    2AA2 : 11000011;
    2AA3 : 11000011;
    2AA4 : 11000011;
    2AA5 : 11000011;
    2AA6 : 11000011;
    2AA7 : 11000011;
    2AA8 : 11000011;
    2AA9 : 11000011;
    2AAA : 11000010;
    2AAB : 11001011;
    2AAC : 10100100;
    2AAD : 00110000;
    2AAE : 10111111;
    2AAF : 11000101;
    2AB0 : 11000010;
    2AB1 : 11001001;
    2AB2 : 10101110;
    2AB3 : 00101011;
    2AB4 : 11100011;
    2AB5 : 11111111;
    2AB6 : 11111101;
    2AB7 : 11101100;
    2AB8 : 00101111;
    2AB9 : 01000100;
    2ABA : 01010000;
    2ABB : 01001110;
    2ABC : 01001110;
    2ABD : 01001111;
    2ABE : 01000111;
    2ABF : 00110100;
    2AC0 : 01010000;
    2AC1 : 01001110;
    2AC2 : 01001110;
    2AC3 : 01001110;
    2AC4 : 01001110;
    2AC5 : 01001110;
    2AC6 : 01001110;
    2AC7 : 01001110;
    2AC8 : 01001110;
    2AC9 : 01001110;
    2ACA : 01001110;
    2ACB : 01001110;
    2ACC : 01001110;
    2ACD : 01001101;
    2ACE : 01001101;
    2ACF : 01001110;
    2AD0 : 01001110;
    2AD1 : 01001110;
    2AD2 : 01001110;
    2AD3 : 01001110;
    2AD4 : 01001110;
    2AD5 : 01001110;
    2AD6 : 01001110;
    2AD7 : 01001110;
    2AD8 : 01001110;
    2AD9 : 01001110;
    2ADA : 01010010;
    2ADB : 00111110;
    2ADC : 00110110;
    2ADD : 01010010;
    2ADE : 01001110;
    2ADF : 01001110;
    2AE0 : 01001101;
    2AE1 : 01010110;
    2AE2 : 00101000;
    2AE3 : 01101101;
    2AE4 : 11111111;
    2AE5 : 11110100;
    2AE6 : 11111111;
    2AE7 : 10010100;
    2AE8 : 00101100;
    2AE9 : 10000010;
    2AEA : 01110111;
    2AEB : 01110111;
    2AEC : 10000000;
    2AED : 01011001;
    2AEE : 00101111;
    2AEF : 01111110;
    2AF0 : 01111000;
    2AF1 : 01111001;
    2AF2 : 01111001;
    2AF3 : 01111001;
    2AF4 : 01111001;
    2AF5 : 01111001;
    2AF6 : 01111001;
    2AF7 : 01111001;
    2AF8 : 01111001;
    2AF9 : 01111001;
    2AFA : 01111001;
    2AFB : 01111001;
    2AFC : 01111000;
    2AFD : 10000000;
    2AFE : 00110111;
    2AFF : 01010001;
    2B00 : 10000000;
    2B01 : 01110111;
    2B02 : 01111001;
    2B03 : 01111001;
    2B04 : 01111001;
    2B05 : 01111001;
    2B06 : 01111001;
    2B07 : 01111001;
    2B08 : 01111001;
    2B09 : 01111001;
    2B0A : 01111001;
    2B0B : 01111001;
    2B0C : 01111001;
    2B0D : 01111001;
    2B0E : 01110111;
    2B0F : 10000010;
    2B10 : 01000111;
    2B11 : 01000001;
    2B12 : 10000010;
    2B13 : 01110111;
    2B14 : 01110111;
    2B15 : 10000000;
    2B16 : 01011000;
    2B17 : 00111111;
    2B18 : 11111101;
    2B19 : 11111011;
    2B1A : 11111010;
    2B1B : 11111011;
    2B1C : 11111011;
    2B1D : 11111010;
    2B1E : 11111011;
    2B1F : 11111011;
    2B20 : 11111011;
    2B21 : 11111010;
    2B22 : 11110111;
    2B23 : 11111111;
    2B24 : 01110011;
    2B25 : 01010101;
    2B26 : 11010010;
    2B27 : 11000000;
    2B28 : 11000011;
    2B29 : 11000001;
    2B2A : 11010000;
    2B2B : 01001100;
    2B2C : 01110111;
    2B2D : 11010000;
    2B2E : 11000000;
    2B2F : 11000011;
    2B30 : 11000011;
    2B31 : 11000011;
    2B32 : 11000011;
    2B33 : 11000011;
    2B34 : 11000011;
    2B35 : 11000011;
    2B36 : 11000011;
    2B37 : 11000011;
    2B38 : 11000011;
    2B39 : 11000000;
    2B3A : 11010001;
    2B3B : 01101110;
    2B3C : 01001111;
    2B3D : 11010000;
    2B3E : 11000000;
    2B3F : 11000011;
    2B40 : 11000011;
    2B41 : 11000011;
    2B42 : 11000011;
    2B43 : 11000011;
    2B44 : 11000011;
    2B45 : 11000011;
    2B46 : 11000011;
    2B47 : 11000011;
    2B48 : 11000011;
    2B49 : 11000011;
    2B4A : 11000001;
    2B4B : 11001100;
    2B4C : 10011001;
    2B4D : 00110110;
    2B4E : 11000110;
    2B4F : 11000011;
    2B50 : 11000011;
    2B51 : 11000100;
    2B52 : 11000100;
    2B53 : 00101100;
    2B54 : 10111101;
    2B55 : 11111111;
    2B56 : 11111111;
    2B57 : 11001010;
    2B58 : 00100000;
    2B59 : 01001111;
    2B5A : 01001110;
    2B5B : 01001110;
    2B5C : 01001110;
    2B5D : 01010001;
    2B5E : 01000011;
    2B5F : 00100101;
    2B60 : 01001111;
    2B61 : 01001110;
    2B62 : 01001110;
    2B63 : 01001110;
    2B64 : 01001110;
    2B65 : 01001110;
    2B66 : 01001110;
    2B67 : 01001110;
    2B68 : 01001110;
    2B69 : 01001110;
    2B6A : 01001110;
    2B6B : 01001110;
    2B6C : 01001110;
    2B6D : 01001110;
    2B6E : 01001110;
    2B6F : 01001110;
    2B70 : 01001110;
    2B71 : 01001110;
    2B72 : 01001110;
    2B73 : 01001110;
    2B74 : 01001110;
    2B75 : 01001110;
    2B76 : 01001110;
    2B77 : 01001110;
    2B78 : 01001110;
    2B79 : 01001101;
    2B7A : 01010011;
    2B7B : 00110110;
    2B7C : 00101100;
    2B7D : 01010011;
    2B7E : 01001110;
    2B7F : 01001111;
    2B80 : 01001110;
    2B81 : 01010011;
    2B82 : 00111000;
    2B83 : 01000010;
    2B84 : 11111110;
    2B85 : 11111000;
    2B86 : 11111111;
    2B87 : 01100111;
    2B88 : 01000001;
    2B89 : 10000011;
    2B8A : 01110111;
    2B8B : 01110111;
    2B8C : 01111111;
    2B8D : 01100000;
    2B8E : 00101011;
    2B8F : 01111011;
    2B90 : 01111001;
    2B91 : 01111001;
    2B92 : 01111001;
    2B93 : 01111001;
    2B94 : 01111001;
    2B95 : 01111001;
    2B96 : 01111001;
    2B97 : 01111001;
    2B98 : 01111001;
    2B99 : 01111001;
    2B9A : 01111001;
    2B9B : 01111001;
    2B9C : 01111000;
    2B9D : 10000001;
    2B9E : 00110111;
    2B9F : 01010001;
    2BA0 : 10000001;
    2BA1 : 01111000;
    2BA2 : 01111001;
    2BA3 : 01111001;
    2BA4 : 01111001;
    2BA5 : 01111001;
    2BA6 : 01111001;
    2BA7 : 01111001;
    2BA8 : 01111001;
    2BA9 : 01111001;
    2BAA : 01111001;
    2BAB : 01111001;
    2BAC : 01111001;
    2BAD : 01111001;
    2BAE : 01110111;
    2BAF : 10000010;
    2BB0 : 01000011;
    2BB1 : 01000110;
    2BB2 : 10000010;
    2BB3 : 01110111;
    2BB4 : 01111000;
    2BB5 : 01111100;
    2BB6 : 01101101;
    2BB7 : 00101000;
    2BB8 : 11100011;
    2BB9 : 11111111;
    2BBA : 11111001;
    2BBB : 11111010;
    2BBC : 11111011;
    2BBD : 11111011;
    2BBE : 11111011;
    2BBF : 11111011;
    2BC0 : 11111011;
    2BC1 : 11111010;
    2BC2 : 11111001;
    2BC3 : 11111111;
    2BC4 : 01000101;
    2BC5 : 01111110;
    2BC6 : 11010000;
    2BC7 : 11000001;
    2BC8 : 11000011;
    2BC9 : 11000001;
    2BCA : 11010001;
    2BCB : 01010100;
    2BCC : 01101011;
    2BCD : 11010001;
    2BCE : 11000000;
    2BCF : 11000011;
    2BD0 : 11000011;
    2BD1 : 11000011;
    2BD2 : 11000011;
    2BD3 : 11000011;
    2BD4 : 11000011;
    2BD5 : 11000011;
    2BD6 : 11000011;
    2BD7 : 11000011;
    2BD8 : 11000011;
    2BD9 : 11000000;
    2BDA : 11010001;
    2BDB : 01101110;
    2BDC : 01001111;
    2BDD : 11010000;
    2BDE : 11000001;
    2BDF : 11000011;
    2BE0 : 11000011;
    2BE1 : 11000011;
    2BE2 : 11000011;
    2BE3 : 11000011;
    2BE4 : 11000011;
    2BE5 : 11000011;
    2BE6 : 11000011;
    2BE7 : 11000011;
    2BE8 : 11000011;
    2BE9 : 11000011;
    2BEA : 11000001;
    2BEB : 11001110;
    2BEC : 10001110;
    2BED : 00111100;
    2BEE : 11001011;
    2BEF : 11000010;
    2BF0 : 11000011;
    2BF1 : 11000001;
    2BF2 : 11001111;
    2BF3 : 00111101;
    2BF4 : 10010011;
    2BF5 : 11111111;
    2BF6 : 11111111;
    2BF7 : 10100001;
    2BF8 : 00011110;
    2BF9 : 01010100;
    2BFA : 01001101;
    2BFB : 01001110;
    2BFC : 01001101;
    2BFD : 01010000;
    2BFE : 01000100;
    2BFF : 00100110;
    2C00 : 01001110;
    2C01 : 01001110;
    2C02 : 01001110;
    2C03 : 01001110;
    2C04 : 01001110;
    2C05 : 01001110;
    2C06 : 01001110;
    2C07 : 01001110;
    2C08 : 01001110;
    2C09 : 01001110;
    2C0A : 01001110;
    2C0B : 01001110;
    2C0C : 01001110;
    2C0D : 01001110;
    2C0E : 01001110;
    2C0F : 01001110;
    2C10 : 01001110;
    2C11 : 01001110;
    2C12 : 01001110;
    2C13 : 01001110;
    2C14 : 01001110;
    2C15 : 01001110;
    2C16 : 01001110;
    2C17 : 01001110;
    2C18 : 01001110;
    2C19 : 01001101;
    2C1A : 01010011;
    2C1B : 00110111;
    2C1C : 00101110;
    2C1D : 01010011;
    2C1E : 01001110;
    2C1F : 01001110;
    2C20 : 01001110;
    2C21 : 01010001;
    2C22 : 01000110;
    2C23 : 00100110;
    2C24 : 11100010;
    2C25 : 11111111;
    2C26 : 11111101;
    2C27 : 01000001;
    2C28 : 01011001;
    2C29 : 10000000;
    2C2A : 01111000;
    2C2B : 01111000;
    2C2C : 01111101;
    2C2D : 01100110;
    2C2E : 00100111;
    2C2F : 01110111;
    2C30 : 01111010;
    2C31 : 01111001;
    2C32 : 01111001;
    2C33 : 01111001;
    2C34 : 01111001;
    2C35 : 01111001;
    2C36 : 01111001;
    2C37 : 01111001;
    2C38 : 01111001;
    2C39 : 01111001;
    2C3A : 01111001;
    2C3B : 01111001;
    2C3C : 01111000;
    2C3D : 10000000;
    2C3E : 00110111;
    2C3F : 01010001;
    2C40 : 10000001;
    2C41 : 01110111;
    2C42 : 01111001;
    2C43 : 01111001;
    2C44 : 01111001;
    2C45 : 01111001;
    2C46 : 01111001;
    2C47 : 01111001;
    2C48 : 01111001;
    2C49 : 01111001;
    2C4A : 01111001;
    2C4B : 01111001;
    2C4C : 01111001;
    2C4D : 01111001;
    2C4E : 01110111;
    2C4F : 10000001;
    2C50 : 00111101;
    2C51 : 01001100;
    2C52 : 10000010;
    2C53 : 01110111;
    2C54 : 01111001;
    2C55 : 01111001;
    2C56 : 01111011;
    2C57 : 00100001;
    2C58 : 10111100;
    2C59 : 11111111;
    2C5A : 11111000;
    2C5B : 11111011;
    2C5C : 11111011;
    2C5D : 11111011;
    2C5E : 11111010;
    2C5F : 11111011;
    2C60 : 11111011;
    2C61 : 11111010;
    2C62 : 11111111;
    2C63 : 11101011;
    2C64 : 00101011;
    2C65 : 10100011;
    2C66 : 11001011;
    2C67 : 11000010;
    2C68 : 11000011;
    2C69 : 11000001;
    2C6A : 11010001;
    2C6B : 01100000;
    2C6C : 01100011;
    2C6D : 11010000;
    2C6E : 10111110;
    2C6F : 11000000;
    2C70 : 11000000;
    2C71 : 11000000;
    2C72 : 11000000;
    2C73 : 11000000;
    2C74 : 11000000;
    2C75 : 11000001;
    2C76 : 11000000;
    2C77 : 11000000;
    2C78 : 11000000;
    2C79 : 10111110;
    2C7A : 11001110;
    2C7B : 01101101;
    2C7C : 01001110;
    2C7D : 11001110;
    2C7E : 10111110;
    2C7F : 11000000;
    2C80 : 11000000;
    2C81 : 11000000;
    2C82 : 11000000;
    2C83 : 11000000;
    2C84 : 11000000;
    2C85 : 11000000;
    2C86 : 11000000;
    2C87 : 11000000;
    2C88 : 11000001;
    2C89 : 11000000;
    2C8A : 10111110;
    2C8B : 11001101;
    2C8C : 10000011;
    2C8D : 01000010;
    2C8E : 11001011;
    2C8F : 11000001;
    2C90 : 11000011;
    2C91 : 11000000;
    2C92 : 11010010;
    2C93 : 01011010;
    2C94 : 01101011;
    2C95 : 11111111;
    2C96 : 11111111;
    2C97 : 01111000;
    2C98 : 00100101;
    2C99 : 01010100;
    2C9A : 01001100;
    2C9B : 01001101;
    2C9C : 01001101;
    2C9D : 01010000;
    2C9E : 01000100;
    2C9F : 00100101;
    2CA0 : 01001101;
    2CA1 : 01001110;
    2CA2 : 01001101;
    2CA3 : 01001101;
    2CA4 : 01001101;
    2CA5 : 01001101;
    2CA6 : 01001101;
    2CA7 : 01001101;
    2CA8 : 01001101;
    2CA9 : 01001101;
    2CAA : 01001101;
    2CAB : 01001101;
    2CAC : 01001101;
    2CAD : 01001101;
    2CAE : 01001101;
    2CAF : 01001101;
    2CB0 : 01001101;
    2CB1 : 01001101;
    2CB2 : 01001101;
    2CB3 : 01001101;
    2CB4 : 01001101;
    2CB5 : 01001101;
    2CB6 : 01001101;
    2CB7 : 01001101;
    2CB8 : 01001101;
    2CB9 : 01001101;
    2CBA : 01010010;
    2CBB : 00110111;
    2CBC : 00101101;
    2CBD : 01010010;
    2CBE : 01001101;
    2CBF : 01001110;
    2CC0 : 01001101;
    2CC1 : 01001110;
    2CC2 : 01001110;
    2CC3 : 00011011;
    2CC4 : 10111111;
    2CC5 : 11111111;
    2CC6 : 11100001;
    2CC7 : 00101010;
    2CC8 : 01101110;
    2CC9 : 01111100;
    2CCA : 01111000;
    2CCB : 01111000;
    2CCC : 01111101;
    2CCD : 01101100;
    2CCE : 00100110;
    2CCF : 01110011;
    2CD0 : 01111001;
    2CD1 : 01110111;
    2CD2 : 01110111;
    2CD3 : 01111000;
    2CD4 : 01111000;
    2CD5 : 01110111;
    2CD6 : 01110111;
    2CD7 : 01110111;
    2CD8 : 01110111;
    2CD9 : 01110111;
    2CDA : 01110111;
    2CDB : 01110111;
    2CDC : 01110111;
    2CDD : 01111111;
    2CDE : 00110111;
    2CDF : 01010000;
    2CE0 : 01111111;
    2CE1 : 01110111;
    2CE2 : 01110111;
    2CE3 : 01110111;
    2CE4 : 01110111;
    2CE5 : 01110111;
    2CE6 : 01110111;
    2CE7 : 01111000;
    2CE8 : 01111000;
    2CE9 : 01110111;
    2CEA : 01110111;
    2CEB : 01110111;
    2CEC : 01110111;
    2CED : 01110111;
    2CEE : 01110111;
    2CEF : 01111111;
    2CF0 : 00111001;
    2CF1 : 01010000;
    2CF2 : 10000001;
    2CF3 : 01110111;
    2CF4 : 01111001;
    2CF5 : 01111000;
    2CF6 : 10000010;
    2CF7 : 00101010;
    2CF8 : 10001111;
    2CF9 : 11111111;
    2CFA : 11110111;
    2CFB : 11111011;
    2CFC : 11111011;
    2CFD : 11111011;
    2CFE : 11111011;
    2CFF : 11111011;
    2D00 : 11111011;
    2D01 : 11111000;
    2D02 : 11111111;
    2D03 : 11000111;
    2D04 : 00101001;
    2D05 : 10111111;
    2D06 : 11000101;
    2D07 : 11000011;
    2D08 : 11000011;
    2D09 : 11000001;
    2D0A : 11010001;
    2D0B : 01101011;
    2D0C : 01011101;
    2D0D : 11011100;
    2D0E : 11001100;
    2D0F : 11001111;
    2D10 : 11001111;
    2D11 : 11001111;
    2D12 : 11001111;
    2D13 : 11001111;
    2D14 : 11010000;
    2D15 : 11001111;
    2D16 : 11001111;
    2D17 : 11001111;
    2D18 : 11010000;
    2D19 : 11001100;
    2D1A : 11011100;
    2D1B : 01110101;
    2D1C : 01010100;
    2D1D : 11011100;
    2D1E : 11001100;
    2D1F : 11001111;
    2D20 : 11001111;
    2D21 : 11001111;
    2D22 : 11001111;
    2D23 : 11001111;
    2D24 : 11001111;
    2D25 : 11001111;
    2D26 : 11001111;
    2D27 : 11001111;
    2D28 : 11001111;
    2D29 : 11010000;
    2D2A : 11001101;
    2D2B : 11011100;
    2D2C : 01111110;
    2D2D : 01010000;
    2D2E : 11011010;
    2D2F : 11000010;
    2D30 : 11000010;
    2D31 : 11000001;
    2D32 : 11010000;
    2D33 : 01111000;
    2D34 : 01001000;
    2D35 : 11111111;
    2D36 : 11111111;
    2D37 : 01001110;
    2D38 : 00110100;
    2D39 : 01011000;
    2D3A : 01010001;
    2D3B : 01010000;
    2D3C : 01001110;
    2D3D : 01010010;
    2D3E : 01001001;
    2D3F : 00100110;
    2D40 : 01010001;
    2D41 : 01010011;
    2D42 : 01010010;
    2D43 : 01010011;
    2D44 : 01010011;
    2D45 : 01010011;
    2D46 : 01010011;
    2D47 : 01010011;
    2D48 : 01010011;
    2D49 : 01010010;
    2D4A : 01010010;
    2D4B : 01010010;
    2D4C : 01010010;
    2D4D : 01010010;
    2D4E : 01010010;
    2D4F : 01010010;
    2D50 : 01010010;
    2D51 : 01010010;
    2D52 : 01010010;
    2D53 : 01010011;
    2D54 : 01010010;
    2D55 : 01010011;
    2D56 : 01010011;
    2D57 : 01010011;
    2D58 : 01010011;
    2D59 : 01010010;
    2D5A : 01010111;
    2D5B : 00111001;
    2D5C : 00101111;
    2D5D : 01010110;
    2D5E : 01010010;
    2D5F : 01010010;
    2D60 : 01010001;
    2D61 : 01010010;
    2D62 : 01011001;
    2D63 : 00011101;
    2D64 : 10010111;
    2D65 : 11111111;
    2D66 : 10111011;
    2D67 : 00100101;
    2D68 : 01111100;
    2D69 : 01111001;
    2D6A : 01111001;
    2D6B : 01111000;
    2D6C : 01111011;
    2D6D : 01110001;
    2D6E : 00100111;
    2D6F : 01110101;
    2D70 : 10000011;
    2D71 : 10000000;
    2D72 : 10000000;
    2D73 : 10000000;
    2D74 : 10000000;
    2D75 : 10000000;
    2D76 : 10000000;
    2D77 : 10000000;
    2D78 : 10000000;
    2D79 : 10000000;
    2D7A : 10000000;
    2D7B : 10000000;
    2D7C : 01111111;
    2D7D : 10001000;
    2D7E : 00111001;
    2D7F : 01010101;
    2D80 : 10001000;
    2D81 : 01111111;
    2D82 : 10000000;
    2D83 : 10000000;
    2D84 : 10000000;
    2D85 : 10000000;
    2D86 : 10000000;
    2D87 : 10000000;
    2D88 : 10000000;
    2D89 : 10000000;
    2D8A : 10000000;
    2D8B : 10000000;
    2D8C : 10000000;
    2D8D : 10000000;
    2D8E : 01111111;
    2D8F : 10001000;
    2D90 : 00111001;
    2D91 : 01011010;
    2D92 : 10000000;
    2D93 : 01110111;
    2D94 : 01111001;
    2D95 : 01110111;
    2D96 : 10000011;
    2D97 : 00111100;
    2D98 : 01100101;
    2D99 : 11111111;
    2D9A : 11111000;
    2D9B : 11111011;
    2D9C : 11111011;
    2D9D : 11111010;
    2D9E : 11111010;
    2D9F : 11111010;
    2DA0 : 11111011;
    2DA1 : 11110111;
    2DA2 : 11111111;
    2DA3 : 10011101;
    2DA4 : 00111010;
    2DA5 : 11001110;
    2DA6 : 11000001;
    2DA7 : 11000011;
    2DA8 : 11000011;
    2DA9 : 11000000;
    2DAA : 11010000;
    2DAB : 01111111;
    2DAC : 00110101;
    2DAD : 10001001;
    2DAE : 01111101;
    2DAF : 01111111;
    2DB0 : 01111111;
    2DB1 : 01111111;
    2DB2 : 01111110;
    2DB3 : 01111110;
    2DB4 : 01111111;
    2DB5 : 01111111;
    2DB6 : 01111111;
    2DB7 : 01111111;
    2DB8 : 01111111;
    2DB9 : 01111101;
    2DBA : 10000111;
    2DBB : 01001100;
    2DBC : 00111001;
    2DBD : 10000111;
    2DBE : 01111101;
    2DBF : 01111111;
    2DC0 : 01111111;
    2DC1 : 01111111;
    2DC2 : 01111111;
    2DC3 : 01111111;
    2DC4 : 01111111;
    2DC5 : 01111111;
    2DC6 : 01111111;
    2DC7 : 01111111;
    2DC8 : 01111111;
    2DC9 : 01111111;
    2DCA : 01111110;
    2DCB : 10001000;
    2DCC : 01001110;
    2DCD : 00111100;
    2DCE : 10011001;
    2DCF : 10111110;
    2DD0 : 11000111;
    2DD1 : 11000000;
    2DD2 : 11001101;
    2DD3 : 10010101;
    2DD4 : 00110001;
    2DD5 : 11110110;
    2DD6 : 11111111;
    2DD7 : 01010001;
    2DD8 : 00011111;
    2DD9 : 00110010;
    2DDA : 00111010;
    2DDB : 01000100;
    2DDC : 01001011;
    2DDD : 01000111;
    2DDE : 00101111;
    2DDF : 00011111;
    2DE0 : 00110001;
    2DE1 : 00110001;
    2DE2 : 00110001;
    2DE3 : 00110001;
    2DE4 : 00110001;
    2DE5 : 00110001;
    2DE6 : 00110001;
    2DE7 : 00110001;
    2DE8 : 00110001;
    2DE9 : 00110010;
    2DEA : 00110001;
    2DEB : 00110010;
    2DEC : 00110001;
    2DED : 00110001;
    2DEE : 00110001;
    2DEF : 00110010;
    2DF0 : 00110010;
    2DF1 : 00110010;
    2DF2 : 00110001;
    2DF3 : 00110010;
    2DF4 : 00110001;
    2DF5 : 00110010;
    2DF6 : 00110010;
    2DF7 : 00110010;
    2DF8 : 00110010;
    2DF9 : 00110010;
    2DFA : 00110101;
    2DFB : 00101000;
    2DFC : 00100100;
    2DFD : 00110111;
    2DFE : 00110111;
    2DFF : 00111100;
    2E00 : 00111111;
    2E01 : 00111000;
    2E02 : 00111001;
    2E03 : 00011000;
    2E04 : 01101010;
    2E05 : 11111111;
    2E06 : 10010000;
    2E07 : 00101110;
    2E08 : 10000011;
    2E09 : 01110111;
    2E0A : 01111001;
    2E0B : 01111001;
    2E0C : 01111010;
    2E0D : 01111000;
    2E0E : 00101001;
    2E0F : 01001001;
    2E10 : 01010100;
    2E11 : 01010010;
    2E12 : 01010011;
    2E13 : 01010010;
    2E14 : 01010011;
    2E15 : 01010010;
    2E16 : 01010010;
    2E17 : 01010011;
    2E18 : 01010010;
    2E19 : 01010010;
    2E1A : 01010010;
    2E1B : 01010010;
    2E1C : 01010010;
    2E1D : 01010110;
    2E1E : 00101011;
    2E1F : 00111010;
    2E20 : 01010111;
    2E21 : 01010001;
    2E22 : 01010010;
    2E23 : 01010010;
    2E24 : 01010011;
    2E25 : 01010010;
    2E26 : 01010010;
    2E27 : 01010010;
    2E28 : 01010010;
    2E29 : 01010010;
    2E2A : 01010010;
    2E2B : 01010010;
    2E2C : 01010010;
    2E2D : 01010010;
    2E2E : 01010010;
    2E2F : 01010111;
    2E30 : 00100111;
    2E31 : 01001100;
    2E32 : 10000000;
    2E33 : 01111000;
    2E34 : 01111001;
    2E35 : 01111000;
    2E36 : 10000001;
    2E37 : 01010010;
    2E38 : 01000100;
    2E39 : 11111111;
    2E3A : 11111010;
    2E3B : 11111010;
    2E3C : 11111011;
    2E3D : 11111011;
    2E3E : 11111011;
    2E3F : 11111010;
    2E40 : 11111011;
    2E41 : 11110111;
    2E42 : 11111111;
    2E43 : 01110010;
    2E44 : 01010110;
    2E45 : 11010010;
    2E46 : 11000000;
    2E47 : 11000011;
    2E48 : 11000011;
    2E49 : 11000010;
    2E4A : 11001010;
    2E4B : 01011001;
    2E4C : 00010010;
    2E4D : 00011110;
    2E4E : 00011101;
    2E4F : 00011101;
    2E50 : 00011101;
    2E51 : 00011101;
    2E52 : 00011100;
    2E53 : 00011101;
    2E54 : 00011100;
    2E55 : 00011100;
    2E56 : 00011100;
    2E57 : 00011101;
    2E58 : 00011101;
    2E59 : 00011101;
    2E5A : 00011100;
    2E5B : 00100011;
    2E5C : 00100101;
    2E5D : 00011011;
    2E5E : 00011101;
    2E5F : 00011101;
    2E60 : 00011101;
    2E61 : 00011101;
    2E62 : 00011101;
    2E63 : 00011101;
    2E64 : 00011100;
    2E65 : 00011101;
    2E66 : 00011101;
    2E67 : 00011101;
    2E68 : 00011100;
    2E69 : 00011101;
    2E6A : 00011101;
    2E6B : 00011100;
    2E6C : 00100010;
    2E6D : 00100110;
    2E6E : 00010111;
    2E6F : 00111101;
    2E70 : 10111101;
    2E71 : 11000100;
    2E72 : 11001000;
    2E73 : 10101101;
    2E74 : 00100110;
    2E75 : 11011011;
    2E76 : 11111111;
    2E77 : 10100000;
    2E78 : 00011011;
    2E79 : 00111000;
    2E7A : 00100010;
    2E7B : 00011011;
    2E7C : 00011111;
    2E7D : 00011110;
    2E7E : 00100011;
    2E7F : 00101000;
    2E80 : 00100101;
    2E81 : 00100101;
    2E82 : 00100101;
    2E83 : 00100101;
    2E84 : 00100101;
    2E85 : 00100101;
    2E86 : 00100101;
    2E87 : 00100101;
    2E88 : 00100101;
    2E89 : 00100101;
    2E8A : 00100101;
    2E8B : 00100101;
    2E8C : 00100101;
    2E8D : 00100101;
    2E8E : 00100101;
    2E8F : 00100101;
    2E90 : 00100101;
    2E91 : 00100101;
    2E92 : 00100101;
    2E93 : 00100101;
    2E94 : 00100101;
    2E95 : 00100101;
    2E96 : 00100101;
    2E97 : 00100101;
    2E98 : 00100101;
    2E99 : 00100101;
    2E9A : 00100101;
    2E9B : 00100111;
    2E9C : 00100111;
    2E9D : 00100101;
    2E9E : 00100101;
    2E9F : 00100001;
    2EA0 : 00011011;
    2EA1 : 00101100;
    2EA2 : 00110100;
    2EA3 : 00011010;
    2EA4 : 10110000;
    2EA5 : 11111111;
    2EA6 : 01101000;
    2EA7 : 01000000;
    2EA8 : 10000011;
    2EA9 : 01110111;
    2EAA : 01111001;
    2EAB : 01111000;
    2EAC : 01111101;
    2EAD : 01100101;
    2EAE : 00011101;
    2EAF : 00100010;
    2EB0 : 00100010;
    2EB1 : 00100010;
    2EB2 : 00100010;
    2EB3 : 00100010;
    2EB4 : 00100010;
    2EB5 : 00100010;
    2EB6 : 00100010;
    2EB7 : 00100010;
    2EB8 : 00100010;
    2EB9 : 00100010;
    2EBA : 00100010;
    2EBB : 00100010;
    2EBC : 00100010;
    2EBD : 00100010;
    2EBE : 00100111;
    2EBF : 00100101;
    2EC0 : 00100010;
    2EC1 : 00100010;
    2EC2 : 00100010;
    2EC3 : 00100010;
    2EC4 : 00100010;
    2EC5 : 00100010;
    2EC6 : 00100010;
    2EC7 : 00100010;
    2EC8 : 00100010;
    2EC9 : 00100010;
    2ECA : 00100010;
    2ECB : 00100010;
    2ECC : 00100010;
    2ECD : 00100010;
    2ECE : 00100010;
    2ECF : 00100001;
    2ED0 : 00101000;
    2ED1 : 00011100;
    2ED2 : 01010100;
    2ED3 : 01111111;
    2ED4 : 01110111;
    2ED5 : 01111000;
    2ED6 : 01111110;
    2ED7 : 01100110;
    2ED8 : 00101101;
    2ED9 : 11101101;
    2EDA : 11111111;
    2EDB : 11111010;
    2EDC : 11111011;
    2EDD : 11111011;
    2EDE : 11111011;
    2EDF : 11111011;
    2EE0 : 11111011;
    2EE1 : 11111001;
    2EE2 : 11111111;
    2EE3 : 01001111;
    2EE4 : 01110110;
    2EE5 : 11010001;
    2EE6 : 11000001;
    2EE7 : 11000100;
    2EE8 : 11000011;
    2EE9 : 11000110;
    2EEA : 10111010;
    2EEB : 00100101;
    2EEC : 01001101;
    2EED : 01100101;
    2EEE : 01100001;
    2EEF : 01100010;
    2EF0 : 01100010;
    2EF1 : 01100010;
    2EF2 : 01100010;
    2EF3 : 01100010;
    2EF4 : 01100010;
    2EF5 : 01100010;
    2EF6 : 01100010;
    2EF7 : 01100010;
    2EF8 : 01100010;
    2EF9 : 01100010;
    2EFA : 01100010;
    2EFB : 01100000;
    2EFC : 01100000;
    2EFD : 01100010;
    2EFE : 01100010;
    2EFF : 01100010;
    2F00 : 01100010;
    2F01 : 01100010;
    2F02 : 01100010;
    2F03 : 01100010;
    2F04 : 01100010;
    2F05 : 01100010;
    2F06 : 01100010;
    2F07 : 01100010;
    2F08 : 01100010;
    2F09 : 01100010;
    2F0A : 01100010;
    2F0B : 01100010;
    2F0C : 01100000;
    2F0D : 01100000;
    2F0E : 01100011;
    2F0F : 00011100;
    2F10 : 10001010;
    2F11 : 11001110;
    2F12 : 11000010;
    2F13 : 11000001;
    2F14 : 00101000;
    2F15 : 10111011;
    2F16 : 11111111;
    2F17 : 10000100;
    2F18 : 00111110;
    2F19 : 10011101;
    2F1A : 10000100;
    2F1B : 10000001;
    2F1C : 01000000;
    2F1D : 00110010;
    2F1E : 01100011;
    2F1F : 01011111;
    2F20 : 01100000;
    2F21 : 01100000;
    2F22 : 01100000;
    2F23 : 01100000;
    2F24 : 01100000;
    2F25 : 01100000;
    2F26 : 01100000;
    2F27 : 01100000;
    2F28 : 01100000;
    2F29 : 01100000;
    2F2A : 01100000;
    2F2B : 01100000;
    2F2C : 01100000;
    2F2D : 01100000;
    2F2E : 01100000;
    2F2F : 01100000;
    2F30 : 01100000;
    2F31 : 01100000;
    2F32 : 01100000;
    2F33 : 01100000;
    2F34 : 01100000;
    2F35 : 01100000;
    2F36 : 01100000;
    2F37 : 01100000;
    2F38 : 01100000;
    2F39 : 01100000;
    2F3A : 01100000;
    2F3B : 01011111;
    2F3C : 01011111;
    2F3D : 01100000;
    2F3E : 01100001;
    2F3F : 01011100;
    2F40 : 00100110;
    2F41 : 01111010;
    2F42 : 10010100;
    2F43 : 00100111;
    2F44 : 11010010;
    2F45 : 11111111;
    2F46 : 01000110;
    2F47 : 01010101;
    2F48 : 10000001;
    2F49 : 01111000;
    2F4A : 01111001;
    2F4B : 01110111;
    2F4C : 10000001;
    2F4D : 00111110;
    2F4E : 00110100;
    2F4F : 01100101;
    2F50 : 01100000;
    2F51 : 01100001;
    2F52 : 01100001;
    2F53 : 01100001;
    2F54 : 01100001;
    2F55 : 01100001;
    2F56 : 01100001;
    2F57 : 01100001;
    2F58 : 01100001;
    2F59 : 01100001;
    2F5A : 01100001;
    2F5B : 01100001;
    2F5C : 01100001;
    2F5D : 01100001;
    2F5E : 01100000;
    2F5F : 01100000;
    2F60 : 01100001;
    2F61 : 01100001;
    2F62 : 01100001;
    2F63 : 01100001;
    2F64 : 01100001;
    2F65 : 01100001;
    2F66 : 01100001;
    2F67 : 01100001;
    2F68 : 01100001;
    2F69 : 01100001;
    2F6A : 01100001;
    2F6B : 01100001;
    2F6C : 01100001;
    2F6D : 01100001;
    2F6E : 01100001;
    2F6F : 01100000;
    2F70 : 01100100;
    2F71 : 01000100;
    2F72 : 00110010;
    2F73 : 01111111;
    2F74 : 01111000;
    2F75 : 01111000;
    2F76 : 01111010;
    2F77 : 01110110;
    2F78 : 00100010;
    2F79 : 11010000;
    2F7A : 11111111;
    2F7B : 11111001;
    2F7C : 11111011;
    2F7D : 11111011;
    2F7E : 11111011;
    2F7F : 11111011;
    2F80 : 11111010;
    2F81 : 11111100;
    2F82 : 11111001;
    2F83 : 00110110;
    2F84 : 10010110;
    2F85 : 11001101;
    2F86 : 11000001;
    2F87 : 11000011;
    2F88 : 11000011;
    2F89 : 11000111;
    2F8A : 10111000;
    2F8B : 00101100;
    2F8C : 01010111;
    2F8D : 01100001;
    2F8E : 01011111;
    2F8F : 01100000;
    2F90 : 01011111;
    2F91 : 01011111;
    2F92 : 01011111;
    2F93 : 01011111;
    2F94 : 01011111;
    2F95 : 01011111;
    2F96 : 01011111;
    2F97 : 01011111;
    2F98 : 01011111;
    2F99 : 01011111;
    2F9A : 01011111;
    2F9B : 01011111;
    2F9C : 01011111;
    2F9D : 01011111;
    2F9E : 01011111;
    2F9F : 01011111;
    2FA0 : 01011111;
    2FA1 : 01011111;
    2FA2 : 01011111;
    2FA3 : 01011111;
    2FA4 : 01011111;
    2FA5 : 01011111;
    2FA6 : 01011111;
    2FA7 : 01011111;
    2FA8 : 01011111;
    2FA9 : 01011111;
    2FAA : 01011111;
    2FAB : 01011111;
    2FAC : 01011111;
    2FAD : 01011110;
    2FAE : 01100110;
    2FAF : 00101010;
    2FB0 : 10001000;
    2FB1 : 11001111;
    2FB2 : 10111111;
    2FB3 : 11001101;
    2FB4 : 00110101;
    2FB5 : 10011001;
    2FB6 : 11111111;
    2FB7 : 01110000;
    2FB8 : 01000110;
    2FB9 : 10011001;
    2FBA : 10001100;
    2FBB : 10011100;
    2FBC : 01001001;
    2FBD : 00111110;
    2FBE : 01100110;
    2FBF : 01011110;
    2FC0 : 01011111;
    2FC1 : 01011111;
    2FC2 : 01011111;
    2FC3 : 01011111;
    2FC4 : 01011111;
    2FC5 : 01011111;
    2FC6 : 01011111;
    2FC7 : 01011111;
    2FC8 : 01011111;
    2FC9 : 01011111;
    2FCA : 01011111;
    2FCB : 01011111;
    2FCC : 01011111;
    2FCD : 01011111;
    2FCE : 01011111;
    2FCF : 01011111;
    2FD0 : 01011111;
    2FD1 : 01011111;
    2FD2 : 01011111;
    2FD3 : 01011111;
    2FD4 : 01011111;
    2FD5 : 01011111;
    2FD6 : 01011111;
    2FD7 : 01011111;
    2FD8 : 01011111;
    2FD9 : 01011111;
    2FDA : 01011111;
    2FDB : 01011111;
    2FDC : 01011111;
    2FDD : 01011111;
    2FDE : 01011111;
    2FDF : 01100011;
    2FE0 : 00101001;
    2FE1 : 01110000;
    2FE2 : 10011001;
    2FE3 : 00100111;
    2FE4 : 10110100;
    2FE5 : 11111100;
    2FE6 : 00101110;
    2FE7 : 01101001;
    2FE8 : 01111101;
    2FE9 : 01111000;
    2FEA : 01111001;
    2FEB : 01111000;
    2FEC : 10000000;
    2FED : 00110111;
    2FEE : 01000110;
    2FEF : 01100101;
    2FF0 : 01011110;
    2FF1 : 01011111;
    2FF2 : 01011111;
    2FF3 : 01011111;
    2FF4 : 01011111;
    2FF5 : 01011111;
    2FF6 : 01011111;
    2FF7 : 01011111;
    2FF8 : 01011111;
    2FF9 : 01011111;
    2FFA : 01011111;
    2FFB : 01011111;
    2FFC : 01011111;
    2FFD : 01011111;
    2FFE : 01011111;
    2FFF : 01011111;
    3000 : 01011111;
    3001 : 01011111;
    3002 : 01011111;
    3003 : 01011111;
    3004 : 01011111;
    3005 : 01011111;
    3006 : 01011111;
    3007 : 01011111;
    3008 : 01011111;
    3009 : 01011111;
    300A : 01011111;
    300B : 01011111;
    300C : 01100000;
    300D : 01011111;
    300E : 01011111;
    300F : 01011111;
    3010 : 01100100;
    3011 : 01001100;
    3012 : 00110011;
    3013 : 01111110;
    3014 : 01111000;
    3015 : 01111001;
    3016 : 01111000;
    3017 : 01111111;
    3018 : 00100101;
    3019 : 10101101;
    301A : 11111111;
    301B : 11111000;
    301C : 11111011;
    301D : 11111010;
    301E : 11111010;
    301F : 11111010;
    3020 : 11111001;
    3021 : 11111111;
    3022 : 11011110;
    3023 : 00101001;
    3024 : 10110001;
    3025 : 11001000;
    3026 : 11000010;
    3027 : 11000011;
    3028 : 11000011;
    3029 : 11000110;
    302A : 10111001;
    302B : 00101100;
    302C : 01010100;
    302D : 01100010;
    302E : 01011111;
    302F : 01011111;
    3030 : 01011111;
    3031 : 01011111;
    3032 : 01011111;
    3033 : 01011111;
    3034 : 01011111;
    3035 : 01011111;
    3036 : 01011111;
    3037 : 01011111;
    3038 : 01011111;
    3039 : 01011111;
    303A : 01011111;
    303B : 01011111;
    303C : 01011111;
    303D : 01011111;
    303E : 01011111;
    303F : 01011111;
    3040 : 01011111;
    3041 : 01011111;
    3042 : 01011111;
    3043 : 01011111;
    3044 : 01011111;
    3045 : 01011111;
    3046 : 01011111;
    3047 : 01011111;
    3048 : 01011111;
    3049 : 01011111;
    304A : 01011111;
    304B : 01011111;
    304C : 01011111;
    304D : 01011110;
    304E : 01100100;
    304F : 00100110;
    3050 : 10001100;
    3051 : 11001110;
    3052 : 10111110;
    3053 : 11010001;
    3054 : 01001000;
    3055 : 01110111;
    3056 : 11111111;
    3057 : 01011011;
    3058 : 01010011;
    3059 : 10011000;
    305A : 10001001;
    305B : 10010101;
    305C : 01000010;
    305D : 00111100;
    305E : 01100110;
    305F : 01011110;
    3060 : 01011111;
    3061 : 01011111;
    3062 : 01011111;
    3063 : 01011111;
    3064 : 01011111;
    3065 : 01011111;
    3066 : 01011111;
    3067 : 01011111;
    3068 : 01011111;
    3069 : 01011111;
    306A : 01011111;
    306B : 01011111;
    306C : 01011111;
    306D : 01011111;
    306E : 01011111;
    306F : 01011111;
    3070 : 01011111;
    3071 : 01011111;
    3072 : 01011111;
    3073 : 01011111;
    3074 : 01011111;
    3075 : 01011111;
    3076 : 01011111;
    3077 : 01011111;
    3078 : 01011111;
    3079 : 01011111;
    307A : 01011111;
    307B : 01011111;
    307C : 01011111;
    307D : 01011111;
    307E : 01011111;
    307F : 01100000;
    3080 : 00100111;
    3081 : 01110010;
    3082 : 10011110;
    3083 : 00110001;
    3084 : 10100101;
    3085 : 11100101;
    3086 : 00100100;
    3087 : 01110111;
    3088 : 01111010;
    3089 : 01111000;
    308A : 01111001;
    308B : 01110111;
    308C : 10000000;
    308D : 00111001;
    308E : 01000001;
    308F : 01100101;
    3090 : 01011110;
    3091 : 01011111;
    3092 : 01011111;
    3093 : 01011111;
    3094 : 01011111;
    3095 : 01011111;
    3096 : 01011111;
    3097 : 01011111;
    3098 : 01011111;
    3099 : 01011111;
    309A : 01011111;
    309B : 01011111;
    309C : 01011111;
    309D : 01011111;
    309E : 01011111;
    309F : 01011111;
    30A0 : 01011111;
    30A1 : 01011111;
    30A2 : 01011111;
    30A3 : 01011111;
    30A4 : 01011111;
    30A5 : 01011111;
    30A6 : 01011111;
    30A7 : 01011111;
    30A8 : 01011111;
    30A9 : 01011111;
    30AA : 01011111;
    30AB : 01011111;
    30AC : 01011111;
    30AD : 01011111;
    30AE : 01011111;
    30AF : 01011110;
    30B0 : 01100100;
    30B1 : 01000111;
    30B2 : 00110100;
    30B3 : 01111110;
    30B4 : 01111000;
    30B5 : 01111001;
    30B6 : 01110111;
    30B7 : 10000011;
    30B8 : 00110001;
    30B9 : 10001000;
    30BA : 11111111;
    30BB : 11110111;
    30BC : 11111011;
    30BD : 11111011;
    30BE : 11111011;
    30BF : 11111011;
    30C0 : 11111000;
    30C1 : 11111111;
    30C2 : 10111001;
    30C3 : 00101111;
    30C4 : 11000110;
    30C5 : 11000011;
    30C6 : 11000011;
    30C7 : 11000011;
    30C8 : 11000011;
    30C9 : 11000110;
    30CA : 10111011;
    30CB : 00101101;
    30CC : 01010010;
    30CD : 01100010;
    30CE : 01011111;
    30CF : 01011111;
    30D0 : 01011111;
    30D1 : 01011111;
    30D2 : 01011111;
    30D3 : 01011111;
    30D4 : 01011111;
    30D5 : 01011111;
    30D6 : 01011111;
    30D7 : 01011111;
    30D8 : 01011111;
    30D9 : 01011111;
    30DA : 01100000;
    30DB : 01011111;
    30DC : 01011111;
    30DD : 01011111;
    30DE : 01011111;
    30DF : 01011111;
    30E0 : 01011111;
    30E1 : 01011111;
    30E2 : 01011111;
    30E3 : 01011111;
    30E4 : 01011111;
    30E5 : 01011111;
    30E6 : 01011111;
    30E7 : 01011111;
    30E8 : 01011111;
    30E9 : 01011111;
    30EA : 01011111;
    30EB : 01011111;
    30EC : 01011111;
    30ED : 01011111;
    30EE : 01100011;
    30EF : 00100110;
    30F0 : 10010101;
    30F1 : 11001101;
    30F2 : 10111110;
    30F3 : 11010010;
    30F4 : 01100100;
    30F5 : 01010111;
    30F6 : 11111111;
    30F7 : 01001000;
    30F8 : 01100010;
    30F9 : 10010111;
    30FA : 10001010;
    30FB : 10010110;
    30FC : 01000001;
    30FD : 00111010;
    30FE : 01100110;
    30FF : 01011110;
    3100 : 01011111;
    3101 : 01011111;
    3102 : 01011111;
    3103 : 01011111;
    3104 : 01011111;
    3105 : 01011111;
    3106 : 01011111;
    3107 : 01011111;
    3108 : 01011111;
    3109 : 01011111;
    310A : 01011111;
    310B : 01011111;
    310C : 01011111;
    310D : 01011111;
    310E : 01011111;
    310F : 01011111;
    3110 : 01011111;
    3111 : 01011111;
    3112 : 01011111;
    3113 : 01011111;
    3114 : 01011111;
    3115 : 01011111;
    3116 : 01011111;
    3117 : 01011111;
    3118 : 01011111;
    3119 : 01011111;
    311A : 01011111;
    311B : 01011111;
    311C : 01011111;
    311D : 01011111;
    311E : 01100000;
    311F : 01011111;
    3120 : 00100110;
    3121 : 01110111;
    3122 : 10011110;
    3123 : 00111011;
    3124 : 10010011;
    3125 : 11000110;
    3126 : 00100110;
    3127 : 10000000;
    3128 : 01111000;
    3129 : 01111001;
    312A : 01111001;
    312B : 01110111;
    312C : 10000000;
    312D : 00111011;
    312E : 00111110;
    312F : 01100101;
    3130 : 01011110;
    3131 : 01011111;
    3132 : 01011111;
    3133 : 01011111;
    3134 : 01011111;
    3135 : 01011111;
    3136 : 01011111;
    3137 : 01011111;
    3138 : 01011111;
    3139 : 01011111;
    313A : 01011111;
    313B : 01011111;
    313C : 01011111;
    313D : 01011111;
    313E : 01011111;
    313F : 01011111;
    3140 : 01011111;
    3141 : 01011111;
    3142 : 01011111;
    3143 : 01011111;
    3144 : 01011111;
    3145 : 01011111;
    3146 : 01011111;
    3147 : 01011111;
    3148 : 01011111;
    3149 : 01011111;
    314A : 01011111;
    314B : 01011111;
    314C : 01011111;
    314D : 01011111;
    314E : 01011111;
    314F : 01011110;
    3150 : 01100101;
    3151 : 01000100;
    3152 : 00111000;
    3153 : 10000000;
    3154 : 01111000;
    3155 : 01111001;
    3156 : 01110111;
    3157 : 10000011;
    3158 : 01000011;
    3159 : 01100010;
    315A : 11111111;
    315B : 11111000;
    315C : 11111011;
    315D : 11111011;
    315E : 11111011;
    315F : 11111010;
    3160 : 11110111;
    3161 : 11111111;
    3162 : 10010100;
    3163 : 01000100;
    3164 : 11010001;
    3165 : 11000001;
    3166 : 11000011;
    3167 : 11000011;
    3168 : 11000011;
    3169 : 11000101;
    316A : 10111110;
    316B : 00101111;
    316C : 01001111;
    316D : 01100011;
    316E : 01011111;
    316F : 01011111;
    3170 : 01011111;
    3171 : 01011111;
    3172 : 01011111;
    3173 : 01011111;
    3174 : 01011111;
    3175 : 01011111;
    3176 : 01011111;
    3177 : 01011111;
    3178 : 01011111;
    3179 : 01011111;
    317A : 01011111;
    317B : 01011111;
    317C : 01011111;
    317D : 01011111;
    317E : 01011111;
    317F : 01011111;
    3180 : 01011111;
    3181 : 01011111;
    3182 : 01011111;
    3183 : 01011111;
    3184 : 01011111;
    3185 : 01011111;
    3186 : 01011111;
    3187 : 01011111;
    3188 : 01011111;
    3189 : 01011111;
    318A : 01011111;
    318B : 01011111;
    318C : 01011111;
    318D : 01011111;
    318E : 01100001;
    318F : 00100101;
    3190 : 10011011;
    3191 : 11001100;
    3192 : 10111111;
    3193 : 11001111;
    3194 : 10000100;
    3195 : 00111110;
    3196 : 11111110;
    3197 : 00111010;
    3198 : 01101111;
    3199 : 10010100;
    319A : 10001011;
    319B : 10010110;
    319C : 01000100;
    319D : 00111000;
    319E : 01100110;
    319F : 01011110;
    31A0 : 01011111;
    31A1 : 01011111;
    31A2 : 01011111;
    31A3 : 01011111;
    31A4 : 01011111;
    31A5 : 01011111;
    31A6 : 01011111;
    31A7 : 01011111;
    31A8 : 01011111;
    31A9 : 01011111;
    31AA : 01011111;
    31AB : 01011111;
    31AC : 01011111;
    31AD : 01011111;
    31AE : 01011111;
    31AF : 01011111;
    31B0 : 01011111;
    31B1 : 01011111;
    31B2 : 01011111;
    31B3 : 01011111;
    31B4 : 01011111;
    31B5 : 01011111;
    31B6 : 01011111;
    31B7 : 01011111;
    31B8 : 01011111;
    31B9 : 01011111;
    31BA : 01011111;
    31BB : 01011111;
    31BC : 01011111;
    31BD : 01011111;
    31BE : 01100000;
    31BF : 01011100;
    31C0 : 00100110;
    31C1 : 01111011;
    31C2 : 10011101;
    31C3 : 01000111;
    31C4 : 10000000;
    31C5 : 10100110;
    31C6 : 00101101;
    31C7 : 10000011;
    31C8 : 01111000;
    31C9 : 01111001;
    31CA : 01111001;
    31CB : 01111000;
    31CC : 10000001;
    31CD : 00111101;
    31CE : 00111011;
    31CF : 01100110;
    31D0 : 01011110;
    31D1 : 01011111;
    31D2 : 01011111;
    31D3 : 01011111;
    31D4 : 01011111;
    31D5 : 01011111;
    31D6 : 01011111;
    31D7 : 01011111;
    31D8 : 01011111;
    31D9 : 01011111;
    31DA : 01011111;
    31DB : 01011111;
    31DC : 01011111;
    31DD : 01011111;
    31DE : 01011111;
    31DF : 01011111;
    31E0 : 01011111;
    31E1 : 01011111;
    31E2 : 01011111;
    31E3 : 01011111;
    31E4 : 01011111;
    31E5 : 01011111;
    31E6 : 01011111;
    31E7 : 01011111;
    31E8 : 01011111;
    31E9 : 01011111;
    31EA : 01011111;
    31EB : 01011111;
    31EC : 01011111;
    31ED : 01011111;
    31EE : 01011111;
    31EF : 01011110;
    31F0 : 01100101;
    31F1 : 01000000;
    31F2 : 00111011;
    31F3 : 10000001;
    31F4 : 01111000;
    31F5 : 01111001;
    31F6 : 01111000;
    31F7 : 10000001;
    31F8 : 01010110;
    31F9 : 01000010;
    31FA : 11111111;
    31FB : 11111010;
    31FC : 11111010;
    31FD : 11111011;
    31FE : 11111011;
    31FF : 11111010;
    3200 : 11110111;
    3201 : 11111111;
    3202 : 01110001;
    3203 : 01011011;
    3204 : 11010010;
    3205 : 11000000;
    3206 : 11000011;
    3207 : 11000011;
    3208 : 11000011;
    3209 : 11000100;
    320A : 11000011;
    320B : 00110101;
    320C : 01001100;
    320D : 01100011;
    320E : 01011111;
    320F : 01011111;
    3210 : 01011111;
    3211 : 01011111;
    3212 : 01011111;
    3213 : 01011111;
    3214 : 01011111;
    3215 : 01011111;
    3216 : 01011111;
    3217 : 01011111;
    3218 : 01011111;
    3219 : 01011111;
    321A : 01011111;
    321B : 01011111;
    321C : 01011111;
    321D : 01011111;
    321E : 01011111;
    321F : 01011111;
    3220 : 01011111;
    3221 : 01011111;
    3222 : 01011111;
    3223 : 01011111;
    3224 : 01011111;
    3225 : 01011111;
    3226 : 01011111;
    3227 : 01011111;
    3228 : 01011111;
    3229 : 01011111;
    322A : 01011111;
    322B : 01011111;
    322C : 01011111;
    322D : 01100000;
    322E : 01011111;
    322F : 00100110;
    3230 : 10100010;
    3231 : 11001011;
    3232 : 11000000;
    3233 : 11001011;
    3234 : 10011110;
    3235 : 00101110;
    3236 : 11011010;
    3237 : 00110010;
    3238 : 01111011;
    3239 : 10010001;
    323A : 10001011;
    323B : 10010110;
    323C : 01001000;
    323D : 00110101;
    323E : 01100110;
    323F : 01011110;
    3240 : 01011111;
    3241 : 01011111;
    3242 : 01011111;
    3243 : 01011111;
    3244 : 01011111;
    3245 : 01011111;
    3246 : 01011111;
    3247 : 01011111;
    3248 : 01011111;
    3249 : 01011111;
    324A : 01011111;
    324B : 01011111;
    324C : 01011111;
    324D : 01011111;
    324E : 01011111;
    324F : 01011111;
    3250 : 01011111;
    3251 : 01011111;
    3252 : 01011111;
    3253 : 01011111;
    3254 : 01011111;
    3255 : 01011111;
    3256 : 01011111;
    3257 : 01011111;
    3258 : 01011111;
    3259 : 01011111;
    325A : 01011111;
    325B : 01011111;
    325C : 01011111;
    325D : 01011111;
    325E : 01100001;
    325F : 01011010;
    3260 : 00100110;
    3261 : 01111110;
    3262 : 10011011;
    3263 : 01010101;
    3264 : 01101100;
    3265 : 10000111;
    3266 : 00101110;
    3267 : 10000011;
    3268 : 01111000;
    3269 : 01111001;
    326A : 01111001;
    326B : 01111000;
    326C : 10000001;
    326D : 01000000;
    326E : 00111000;
    326F : 01100110;
    3270 : 01011110;
    3271 : 01011111;
    3272 : 01011111;
    3273 : 01011111;
    3274 : 01011111;
    3275 : 01011111;
    3276 : 01011111;
    3277 : 01011111;
    3278 : 01011111;
    3279 : 01011111;
    327A : 01011111;
    327B : 01011111;
    327C : 01011111;
    327D : 01011111;
    327E : 01011111;
    327F : 01011111;
    3280 : 01011111;
    3281 : 01011111;
    3282 : 01011111;
    3283 : 01011111;
    3284 : 01011111;
    3285 : 01011111;
    3286 : 01011111;
    3287 : 01011111;
    3288 : 01011111;
    3289 : 01011111;
    328A : 01011111;
    328B : 01011111;
    328C : 01011111;
    328D : 01011111;
    328E : 01011111;
    328F : 01011110;
    3290 : 01100110;
    3291 : 00111100;
    3292 : 00111111;
    3293 : 10000001;
    3294 : 01111000;
    3295 : 01111001;
    3296 : 01111000;
    3297 : 01111110;
    3298 : 01100111;
    3299 : 00101101;
    329A : 11101100;
    329B : 11111111;
    329C : 11111010;
    329D : 11111011;
    329E : 11111011;
    329F : 11111011;
    32A0 : 11111000;
    32A1 : 11111111;
    32A2 : 01010010;
    32A3 : 01110011;
    32A4 : 11010010;
    32A5 : 11000000;
    32A6 : 11000001;
    32A7 : 11000001;
    32A8 : 11000001;
    32A9 : 11000001;
    32AA : 11000011;
    32AB : 00110111;
    32AC : 01001000;
    32AD : 01100100;
    32AE : 01011110;
    32AF : 01011111;
    32B0 : 01011111;
    32B1 : 01011111;
    32B2 : 01011111;
    32B3 : 01011111;
    32B4 : 01011111;
    32B5 : 01100000;
    32B6 : 01011111;
    32B7 : 01011111;
    32B8 : 01100000;
    32B9 : 01011111;
    32BA : 01011111;
    32BB : 01011111;
    32BC : 01011111;
    32BD : 01011111;
    32BE : 01011111;
    32BF : 01011111;
    32C0 : 01011111;
    32C1 : 01011111;
    32C2 : 01011111;
    32C3 : 01011111;
    32C4 : 01011111;
    32C5 : 01011111;
    32C6 : 01011111;
    32C7 : 01011111;
    32C8 : 01011111;
    32C9 : 01011111;
    32CA : 01011111;
    32CB : 01011111;
    32CC : 01011111;
    32CD : 01100000;
    32CE : 01011101;
    32CF : 00100111;
    32D0 : 10101100;
    32D1 : 11001000;
    32D2 : 10111111;
    32D3 : 11001000;
    32D4 : 10110001;
    32D5 : 00101011;
    32D6 : 10101111;
    32D7 : 00110010;
    32D8 : 10000110;
    32D9 : 10001111;
    32DA : 10001011;
    32DB : 10010110;
    32DC : 01001110;
    32DD : 00110010;
    32DE : 01100110;
    32DF : 01011110;
    32E0 : 01011111;
    32E1 : 01011111;
    32E2 : 01011111;
    32E3 : 01011111;
    32E4 : 01011111;
    32E5 : 01011111;
    32E6 : 01011111;
    32E7 : 01011111;
    32E8 : 01011111;
    32E9 : 01011111;
    32EA : 01011111;
    32EB : 01011111;
    32EC : 01011111;
    32ED : 01011111;
    32EE : 01011111;
    32EF : 01011111;
    32F0 : 01011111;
    32F1 : 01011111;
    32F2 : 01011111;
    32F3 : 01011111;
    32F4 : 01011111;
    32F5 : 01011111;
    32F6 : 01011111;
    32F7 : 01011111;
    32F8 : 01011111;
    32F9 : 01011111;
    32FA : 01011111;
    32FB : 01011111;
    32FC : 01011111;
    32FD : 01011111;
    32FE : 01100001;
    32FF : 01010111;
    3300 : 00100111;
    3301 : 10000011;
    3302 : 10011000;
    3303 : 01100100;
    3304 : 01010110;
    3305 : 01100100;
    3306 : 00111010;
    3307 : 10000011;
    3308 : 01111000;
    3309 : 01111000;
    330A : 01110111;
    330B : 01110111;
    330C : 10000000;
    330D : 01000100;
    330E : 00110101;
    330F : 01100110;
    3310 : 01011110;
    3311 : 01011111;
    3312 : 01011111;
    3313 : 01011111;
    3314 : 01011111;
    3315 : 01011111;
    3316 : 01011111;
    3317 : 01011111;
    3318 : 01011111;
    3319 : 01011111;
    331A : 01011111;
    331B : 01011111;
    331C : 01011111;
    331D : 01011111;
    331E : 01011111;
    331F : 01011111;
    3320 : 01011111;
    3321 : 01011111;
    3322 : 01011111;
    3323 : 01011111;
    3324 : 01011111;
    3325 : 01011111;
    3326 : 01011111;
    3327 : 01011111;
    3328 : 01011111;
    3329 : 01100000;
    332A : 01100000;
    332B : 01011111;
    332C : 01011111;
    332D : 01011111;
    332E : 01011111;
    332F : 01011110;
    3330 : 01100110;
    3331 : 00111000;
    3332 : 01000011;
    3333 : 10000000;
    3334 : 01110111;
    3335 : 01111000;
    3336 : 01111000;
    3337 : 01111011;
    3338 : 01110100;
    3339 : 00100011;
    333A : 11010100;
    333B : 11111111;
    333C : 11111001;
    333D : 11111011;
    333E : 11111011;
    333F : 11111011;
    3340 : 11111011;
    3341 : 11111101;
    3342 : 00111001;
    3343 : 10001011;
    3344 : 11001110;
    3345 : 11000100;
    3346 : 11010000;
    3347 : 11010000;
    3348 : 11001111;
    3349 : 11001111;
    334A : 11010101;
    334B : 01000010;
    334C : 01000100;
    334D : 01100101;
    334E : 01011110;
    334F : 01011111;
    3350 : 01011111;
    3351 : 01011111;
    3352 : 01011111;
    3353 : 01011111;
    3354 : 01011111;
    3355 : 01011111;
    3356 : 01011111;
    3357 : 01011111;
    3358 : 01100000;
    3359 : 01011111;
    335A : 01011111;
    335B : 01011111;
    335C : 01011110;
    335D : 01011111;
    335E : 01011110;
    335F : 01011111;
    3360 : 01011111;
    3361 : 01011111;
    3362 : 01011111;
    3363 : 01011111;
    3364 : 01011111;
    3365 : 01011111;
    3366 : 01011111;
    3367 : 01011111;
    3368 : 01011111;
    3369 : 01011111;
    336A : 01011111;
    336B : 01011111;
    336C : 01011111;
    336D : 01100000;
    336E : 01011010;
    336F : 00100111;
    3370 : 10101010;
    3371 : 11010001;
    3372 : 11001010;
    3373 : 11000011;
    3374 : 10111111;
    3375 : 00110011;
    3376 : 01111100;
    3377 : 00110111;
    3378 : 10001101;
    3379 : 10001101;
    337A : 10001011;
    337B : 10010110;
    337C : 01010011;
    337D : 00101111;
    337E : 01100110;
    337F : 01011110;
    3380 : 01011111;
    3381 : 01011111;
    3382 : 01011111;
    3383 : 01011111;
    3384 : 01011111;
    3385 : 01011111;
    3386 : 01011111;
    3387 : 01011111;
    3388 : 01011111;
    3389 : 01011111;
    338A : 01011111;
    338B : 01011111;
    338C : 01011111;
    338D : 01011110;
    338E : 01011111;
    338F : 01011110;
    3390 : 01011110;
    3391 : 01011111;
    3392 : 01011111;
    3393 : 01011111;
    3394 : 01011111;
    3395 : 01011111;
    3396 : 01011111;
    3397 : 01011111;
    3398 : 01011111;
    3399 : 01011111;
    339A : 01011111;
    339B : 01011111;
    339C : 01011111;
    339D : 01011111;
    339E : 01100010;
    339F : 01010100;
    33A0 : 00100111;
    33A1 : 10000111;
    33A2 : 10010101;
    33A3 : 01110011;
    33A4 : 01000000;
    33A5 : 01000001;
    33A6 : 01010000;
    33A7 : 10000001;
    33A8 : 01111000;
    33A9 : 01111101;
    33AA : 10000010;
    33AB : 10000000;
    33AC : 10001010;
    33AD : 01001101;
    33AE : 00110001;
    33AF : 01100101;
    33B0 : 01011110;
    33B1 : 01011111;
    33B2 : 01011111;
    33B3 : 01011111;
    33B4 : 01011111;
    33B5 : 01011111;
    33B6 : 01011111;
    33B7 : 01011111;
    33B8 : 01011111;
    33B9 : 01011111;
    33BA : 01011111;
    33BB : 01011111;
    33BC : 01011111;
    33BD : 01011111;
    33BE : 01011111;
    33BF : 01011111;
    33C0 : 01011110;
    33C1 : 01011110;
    33C2 : 01011111;
    33C3 : 01011111;
    33C4 : 01011111;
    33C5 : 01011111;
    33C6 : 01011111;
    33C7 : 01011111;
    33C8 : 01011111;
    33C9 : 01011111;
    33CA : 01011111;
    33CB : 01011111;
    33CC : 01011111;
    33CD : 01011111;
    33CE : 01011111;
    33CF : 01011110;
    33D0 : 01100110;
    33D1 : 00110011;
    33D2 : 01001100;
    33D3 : 10001001;
    33D4 : 10000000;
    33D5 : 10000010;
    33D6 : 01111100;
    33D7 : 01111001;
    33D8 : 01111011;
    33D9 : 00100000;
    33DA : 10111001;
    33DB : 11111111;
    33DC : 11111000;
    33DD : 11111011;
    33DE : 11111011;
    33DF : 11111011;
    33E0 : 11111111;
    33E1 : 11101100;
    33E2 : 00101000;
    33E3 : 10011110;
    33E4 : 11001101;
    33E5 : 10111000;
    33E6 : 01110100;
    33E7 : 01001010;
    33E8 : 01000110;
    33E9 : 01000111;
    33EA : 01101101;
    33EB : 00110111;
    33EC : 01000100;
    33ED : 01100100;
    33EE : 01011110;
    33EF : 01011111;
    33F0 : 01011111;
    33F1 : 01011111;
    33F2 : 01011111;
    33F3 : 01011111;
    33F4 : 01011111;
    33F5 : 01011111;
    33F6 : 01011111;
    33F7 : 01011111;
    33F8 : 01011111;
    33F9 : 01011111;
    33FA : 01011111;
    33FB : 01011111;
    33FC : 01100100;
    33FD : 01100011;
    33FE : 01100101;
    33FF : 01100010;
    3400 : 01011110;
    3401 : 01011111;
    3402 : 01011111;
    3403 : 01011111;
    3404 : 01011111;
    3405 : 01011111;
    3406 : 01011111;
    3407 : 01011111;
    3408 : 01011111;
    3409 : 01011111;
    340A : 01011111;
    340B : 01011111;
    340C : 01011111;
    340D : 01100000;
    340E : 01011010;
    340F : 00100001;
    3410 : 00101000;
    3411 : 00111011;
    3412 : 10010101;
    3413 : 11001001;
    3414 : 11000111;
    3415 : 01000001;
    3416 : 01000101;
    3417 : 00111111;
    3418 : 10010010;
    3419 : 10001100;
    341A : 10001100;
    341B : 10010110;
    341C : 01011001;
    341D : 00101101;
    341E : 01100101;
    341F : 01011110;
    3420 : 01011111;
    3421 : 01011111;
    3422 : 01011111;
    3423 : 01011111;
    3424 : 01011111;
    3425 : 01011111;
    3426 : 01011111;
    3427 : 01011111;
    3428 : 01011111;
    3429 : 01011111;
    342A : 01011111;
    342B : 01011111;
    342C : 01011110;
    342D : 01100011;
    342E : 01100001;
    342F : 01100010;
    3430 : 01100010;
    3431 : 01011110;
    3432 : 01011111;
    3433 : 01011111;
    3434 : 01011111;
    3435 : 01011111;
    3436 : 01011111;
    3437 : 01011111;
    3438 : 01011111;
    3439 : 01011111;
    343A : 01011111;
    343B : 01011111;
    343C : 01011111;
    343D : 01011111;
    343E : 01100011;
    343F : 01010001;
    3440 : 00101010;
    3441 : 10001011;
    3442 : 10010010;
    3443 : 10000000;
    3444 : 00101100;
    3445 : 00100100;
    3446 : 01100011;
    3447 : 01111110;
    3448 : 01111010;
    3449 : 01101101;
    344A : 01001011;
    344B : 00111100;
    344C : 01001111;
    344D : 01000000;
    344E : 00110001;
    344F : 01100101;
    3450 : 01011110;
    3451 : 01011111;
    3452 : 01011111;
    3453 : 01011111;
    3454 : 01011111;
    3455 : 01011111;
    3456 : 01011111;
    3457 : 01011111;
    3458 : 01011111;
    3459 : 01011111;
    345A : 01011111;
    345B : 01011111;
    345C : 01011111;
    345D : 01011111;
    345E : 01100011;
    345F : 01100100;
    3460 : 01100100;
    3461 : 01100011;
    3462 : 01011111;
    3463 : 01011111;
    3464 : 01011111;
    3465 : 01100000;
    3466 : 01011111;
    3467 : 01011111;
    3468 : 01011111;
    3469 : 01011111;
    346A : 01011111;
    346B : 01011111;
    346C : 01011111;
    346D : 01011111;
    346E : 01011111;
    346F : 01011110;
    3470 : 01100101;
    3471 : 00110011;
    3472 : 00111010;
    3473 : 01001001;
    3474 : 00111010;
    3475 : 01001011;
    3476 : 01101110;
    3477 : 01111010;
    3478 : 01111111;
    3479 : 00100100;
    347A : 10011110;
    347B : 11111111;
    347C : 11110111;
    347D : 11111011;
    347E : 11111010;
    347F : 11111011;
    3480 : 11111111;
    3481 : 11011000;
    3482 : 00100011;
    3483 : 10101111;
    3484 : 11010001;
    3485 : 10001010;
    3486 : 00110011;
    3487 : 01100101;
    3488 : 01110011;
    3489 : 01011111;
    348A : 01000000;
    348B : 00011100;
    348C : 01000111;
    348D : 01100100;
    348E : 01011110;
    348F : 01011111;
    3490 : 01011111;
    3491 : 01011111;
    3492 : 01011111;
    3493 : 01011111;
    3494 : 01011111;
    3495 : 01011111;
    3496 : 01011111;
    3497 : 01011111;
    3498 : 01011111;
    3499 : 01011111;
    349A : 01100000;
    349B : 01100010;
    349C : 00111111;
    349D : 00100110;
    349E : 00101101;
    349F : 01010101;
    34A0 : 01100010;
    34A1 : 01011110;
    34A2 : 01011111;
    34A3 : 01011111;
    34A4 : 01011111;
    34A5 : 01011111;
    34A6 : 01011111;
    34A7 : 01011111;
    34A8 : 01011111;
    34A9 : 01011111;
    34AA : 01011111;
    34AB : 01011111;
    34AC : 01011111;
    34AD : 01100010;
    34AE : 01010100;
    34AF : 00101110;
    34B0 : 10011010;
    34B1 : 01101001;
    34B2 : 10000111;
    34B3 : 11001010;
    34B4 : 11001010;
    34B5 : 01010010;
    34B6 : 00010111;
    34B7 : 01001010;
    34B8 : 10010101;
    34B9 : 10001011;
    34BA : 10001010;
    34BB : 10010111;
    34BC : 01100000;
    34BD : 00101010;
    34BE : 01100101;
    34BF : 01011110;
    34C0 : 01011111;
    34C1 : 01011111;
    34C2 : 01011111;
    34C3 : 01011111;
    34C4 : 01011111;
    34C5 : 01011111;
    34C6 : 01011111;
    34C7 : 01011111;
    34C8 : 01011111;
    34C9 : 01011111;
    34CA : 01011111;
    34CB : 01011110;
    34CC : 01100010;
    34CD : 01000011;
    34CE : 00100010;
    34CF : 00100100;
    34D0 : 01001001;
    34D1 : 01100010;
    34D2 : 01011110;
    34D3 : 01011111;
    34D4 : 01011111;
    34D5 : 01011111;
    34D6 : 01011111;
    34D7 : 01011111;
    34D8 : 01011111;
    34D9 : 01011111;
    34DA : 01011111;
    34DB : 01011111;
    34DC : 01011111;
    34DD : 01011110;
    34DE : 01100100;
    34DF : 01001100;
    34E0 : 00101100;
    34E1 : 10001100;
    34E2 : 10001110;
    34E3 : 10001001;
    34E4 : 00101000;
    34E5 : 00011011;
    34E6 : 01101100;
    34E7 : 01111101;
    34E8 : 01111010;
    34E9 : 00110011;
    34EA : 00101100;
    34EB : 01000000;
    34EC : 00110001;
    34ED : 00011100;
    34EE : 00110010;
    34EF : 01100011;
    34F0 : 01011110;
    34F1 : 01011111;
    34F2 : 01011111;
    34F3 : 01011111;
    34F4 : 01011111;
    34F5 : 01011111;
    34F6 : 01011111;
    34F7 : 01011111;
    34F8 : 01011111;
    34F9 : 01011111;
    34FA : 01011111;
    34FB : 01011111;
    34FC : 01011110;
    34FD : 01100011;
    34FE : 01001011;
    34FF : 00101001;
    3500 : 00101001;
    3501 : 01001011;
    3502 : 01100011;
    3503 : 01011110;
    3504 : 01011111;
    3505 : 01011111;
    3506 : 01011111;
    3507 : 01011111;
    3508 : 01011111;
    3509 : 01011111;
    350A : 01011111;
    350B : 01011111;
    350C : 01011111;
    350D : 01011111;
    350E : 01011111;
    350F : 01011110;
    3510 : 01100011;
    3511 : 00110011;
    3512 : 00011111;
    3513 : 00111000;
    3514 : 01000101;
    3515 : 00101011;
    3516 : 01000000;
    3517 : 01111101;
    3518 : 10000001;
    3519 : 00101111;
    351A : 10000110;
    351B : 11111111;
    351C : 11110111;
    351D : 11111011;
    351E : 11111010;
    351F : 11111011;
    3520 : 11111111;
    3521 : 11000110;
    3522 : 00100100;
    3523 : 10111101;
    3524 : 11000110;
    3525 : 11000000;
    3526 : 11001000;
    3527 : 11010001;
    3528 : 11010000;
    3529 : 11010000;
    352A : 11010101;
    352B : 01010000;
    352C : 00111010;
    352D : 01100110;
    352E : 01011110;
    352F : 01011111;
    3530 : 01011111;
    3531 : 01011111;
    3532 : 01011111;
    3533 : 01011111;
    3534 : 01011111;
    3535 : 01011111;
    3536 : 01011111;
    3537 : 01011111;
    3538 : 01011111;
    3539 : 01011111;
    353A : 01100100;
    353B : 00111000;
    353C : 00101010;
    353D : 01011101;
    353E : 01000110;
    353F : 00100001;
    3540 : 01011000;
    3541 : 01100001;
    3542 : 01011111;
    3543 : 01011111;
    3544 : 01011111;
    3545 : 01011111;
    3546 : 01011111;
    3547 : 01011111;
    3548 : 01011111;
    3549 : 01011111;
    354A : 01011111;
    354B : 01011111;
    354C : 01011111;
    354D : 01100011;
    354E : 01010000;
    354F : 00110100;
    3550 : 11001010;
    3551 : 11010000;
    3552 : 11001010;
    3553 : 10111111;
    3554 : 11001111;
    3555 : 01100001;
    3556 : 00001011;
    3557 : 01010111;
    3558 : 10010101;
    3559 : 10001101;
    355A : 10010100;
    355B : 10010010;
    355C : 01011110;
    355D : 00101001;
    355E : 01100100;
    355F : 01011111;
    3560 : 01011111;
    3561 : 01011111;
    3562 : 01011111;
    3563 : 01011111;
    3564 : 01011111;
    3565 : 01011111;
    3566 : 01011111;
    3567 : 01011111;
    3568 : 01011111;
    3569 : 01011111;
    356A : 01011110;
    356B : 01100011;
    356C : 01000101;
    356D : 00011100;
    356E : 01001111;
    356F : 01001010;
    3570 : 00011011;
    3571 : 01001001;
    3572 : 01100011;
    3573 : 01011110;
    3574 : 01011111;
    3575 : 01011111;
    3576 : 01011111;
    3577 : 01011111;
    3578 : 01011111;
    3579 : 01011111;
    357A : 01011111;
    357B : 01011111;
    357C : 01011111;
    357D : 01011110;
    357E : 01100100;
    357F : 01001000;
    3580 : 00110010;
    3581 : 10011001;
    3582 : 10001111;
    3583 : 10001101;
    3584 : 00101111;
    3585 : 00011101;
    3586 : 01101111;
    3587 : 01111100;
    3588 : 01111000;
    3589 : 01110100;
    358A : 01111110;
    358B : 10000001;
    358C : 10000101;
    358D : 01010011;
    358E : 00101010;
    358F : 01100100;
    3590 : 01011111;
    3591 : 01011111;
    3592 : 01011111;
    3593 : 01100000;
    3594 : 01011111;
    3595 : 01011111;
    3596 : 01011111;
    3597 : 01100000;
    3598 : 01011111;
    3599 : 01011111;
    359A : 01011111;
    359B : 01011110;
    359C : 01100011;
    359D : 01001010;
    359E : 00100000;
    359F : 01010010;
    35A0 : 01010001;
    35A1 : 00011111;
    35A2 : 01001010;
    35A3 : 01100011;
    35A4 : 01011110;
    35A5 : 01011111;
    35A6 : 01011111;
    35A7 : 01011111;
    35A8 : 01011111;
    35A9 : 01011111;
    35AA : 01011111;
    35AB : 01011111;
    35AC : 01011111;
    35AD : 01011111;
    35AE : 01011111;
    35AF : 01011110;
    35B0 : 01100100;
    35B1 : 00101011;
    35B2 : 01010010;
    35B3 : 10000111;
    35B4 : 10000001;
    35B5 : 01111101;
    35B6 : 01110101;
    35B7 : 01111000;
    35B8 : 10000010;
    35B9 : 00111101;
    35BA : 01110011;
    35BB : 11111111;
    35BC : 11110111;
    35BD : 11111011;
    35BE : 11111011;
    35BF : 11111011;
    35C0 : 11111111;
    35C1 : 10110101;
    35C2 : 00101100;
    35C3 : 11000110;
    35C4 : 11000011;
    35C5 : 11000100;
    35C6 : 11000011;
    35C7 : 11000000;
    35C8 : 11000001;
    35C9 : 10111101;
    35CA : 11010000;
    35CB : 01100010;
    35CC : 00110100;
    35CD : 01100111;
    35CE : 01011110;
    35CF : 01011111;
    35D0 : 01011111;
    35D1 : 01011111;
    35D2 : 01011111;
    35D3 : 01011111;
    35D4 : 01011111;
    35D5 : 01011111;
    35D6 : 01011111;
    35D7 : 01011111;
    35D8 : 01011111;
    35D9 : 01100001;
    35DA : 01011001;
    35DB : 00100100;
    35DC : 01110011;
    35DD : 10000011;
    35DE : 10000111;
    35DF : 01000001;
    35E0 : 00110110;
    35E1 : 01100101;
    35E2 : 01011110;
    35E3 : 01011111;
    35E4 : 01011111;
    35E5 : 01011111;
    35E6 : 01011111;
    35E7 : 01011111;
    35E8 : 01011111;
    35E9 : 01011111;
    35EA : 01011111;
    35EB : 01011111;
    35EC : 01011110;
    35ED : 01100011;
    35EE : 01001100;
    35EF : 00111011;
    35F0 : 11000100;
    35F1 : 11000000;
    35F2 : 11000010;
    35F3 : 11000000;
    35F4 : 11001111;
    35F5 : 01101100;
    35F6 : 00001100;
    35F7 : 01100101;
    35F8 : 10010111;
    35F9 : 10000100;
    35FA : 00111110;
    35FB : 00100100;
    35FC : 00011111;
    35FD : 00101101;
    35FE : 01100001;
    35FF : 01011111;
    3600 : 01011111;
    3601 : 01011111;
    3602 : 01011111;
    3603 : 01011111;
    3604 : 01011111;
    3605 : 01011111;
    3606 : 01011111;
    3607 : 01011111;
    3608 : 01011111;
    3609 : 01011111;
    360A : 01011111;
    360B : 01100001;
    360C : 00100101;
    360D : 01011001;
    360E : 10000101;
    360F : 10000101;
    3610 : 01010010;
    3611 : 00100011;
    3612 : 01100000;
    3613 : 01011111;
    3614 : 01011111;
    3615 : 01011111;
    3616 : 01011111;
    3617 : 01011111;
    3618 : 01011111;
    3619 : 01011111;
    361A : 01011111;
    361B : 01011111;
    361C : 01011111;
    361D : 01011110;
    361E : 01100011;
    361F : 01001010;
    3620 : 00011011;
    3621 : 01000110;
    3622 : 10001000;
    3623 : 10010011;
    3624 : 00110110;
    3625 : 00011100;
    3626 : 01110001;
    3627 : 01111100;
    3628 : 01111001;
    3629 : 01111011;
    362A : 01111001;
    362B : 01110111;
    362C : 01111110;
    362D : 01011101;
    362E : 00101000;
    362F : 01100010;
    3630 : 01011111;
    3631 : 01011111;
    3632 : 01011111;
    3633 : 01011111;
    3634 : 01011111;
    3635 : 01011111;
    3636 : 01011111;
    3637 : 01011111;
    3638 : 01011111;
    3639 : 01011111;
    363A : 01011111;
    363B : 01011111;
    363C : 01100011;
    363D : 00101001;
    363E : 01011010;
    363F : 10000111;
    3640 : 10000111;
    3641 : 01011001;
    3642 : 00100110;
    3643 : 01100010;
    3644 : 01011111;
    3645 : 01011111;
    3646 : 01011111;
    3647 : 01011111;
    3648 : 01011111;
    3649 : 01011111;
    364A : 01011111;
    364B : 01011111;
    364C : 01011111;
    364D : 01011111;
    364E : 01011111;
    364F : 01011111;
    3650 : 01100011;
    3651 : 00101000;
    3652 : 01011010;
    3653 : 01111111;
    3654 : 01110110;
    3655 : 01111001;
    3656 : 01111010;
    3657 : 01110111;
    3658 : 10000010;
    3659 : 01000110;
    365A : 01100011;
    365B : 11111111;
    365C : 11111000;
    365D : 11111010;
    365E : 11111011;
    365F : 11111010;
    3660 : 11111111;
    3661 : 10101000;
    3662 : 00110011;
    3663 : 11001011;
    3664 : 11000010;
    3665 : 11000011;
    3666 : 11000011;
    3667 : 11000011;
    3668 : 11000010;
    3669 : 11000101;
    366A : 11000101;
    366B : 01000001;
    366C : 00110111;
    366D : 01100101;
    366E : 01011110;
    366F : 01011111;
    3670 : 01011111;
    3671 : 01011111;
    3672 : 01011111;
    3673 : 01011111;
    3674 : 01011111;
    3675 : 01011111;
    3676 : 01011111;
    3677 : 01011111;
    3678 : 01011111;
    3679 : 01100011;
    367A : 01001111;
    367B : 00110001;
    367C : 01111110;
    367D : 01110100;
    367E : 01111111;
    367F : 01011011;
    3680 : 00101110;
    3681 : 01100100;
    3682 : 01011110;
    3683 : 01011111;
    3684 : 01011111;
    3685 : 01011111;
    3686 : 01011111;
    3687 : 01011111;
    3688 : 01011111;
    3689 : 01011111;
    368A : 01011111;
    368B : 01011111;
    368C : 01011110;
    368D : 01100100;
    368E : 01000111;
    368F : 01000000;
    3690 : 11001001;
    3691 : 11000010;
    3692 : 11000011;
    3693 : 11000000;
    3694 : 11001111;
    3695 : 01110110;
    3696 : 00001101;
    3697 : 01101111;
    3698 : 10010111;
    3699 : 01111111;
    369A : 01001010;
    369B : 01110001;
    369C : 01011110;
    369D : 00100111;
    369E : 01100001;
    369F : 01011111;
    36A0 : 01011111;
    36A1 : 01011111;
    36A2 : 01011111;
    36A3 : 01011111;
    36A4 : 01011111;
    36A5 : 01011111;
    36A6 : 01011111;
    36A7 : 01011111;
    36A8 : 01011111;
    36A9 : 01011111;
    36AA : 01100000;
    36AB : 01011011;
    36AC : 00100110;
    36AD : 01110001;
    36AE : 01111000;
    36AF : 01111001;
    36B0 : 01101101;
    36B1 : 00100001;
    36B2 : 01011000;
    36B3 : 01100000;
    36B4 : 01011110;
    36B5 : 01011111;
    36B6 : 01011111;
    36B7 : 01011111;
    36B8 : 01011111;
    36B9 : 01011111;
    36BA : 01011111;
    36BB : 01011111;
    36BC : 01011111;
    36BD : 01011110;
    36BE : 01100101;
    36BF : 01000010;
    36C0 : 00110010;
    36C1 : 01010100;
    36C2 : 01111111;
    36C3 : 10010110;
    36C4 : 00111100;
    36C5 : 00011011;
    36C6 : 01110001;
    36C7 : 01111100;
    36C8 : 01111000;
    36C9 : 01111001;
    36CA : 01111001;
    36CB : 01111000;
    36CC : 10000000;
    36CD : 01100001;
    36CE : 00100110;
    36CF : 01100001;
    36D0 : 01011111;
    36D1 : 01011111;
    36D2 : 01011111;
    36D3 : 01011111;
    36D4 : 01011111;
    36D5 : 01011111;
    36D6 : 01011111;
    36D7 : 01011111;
    36D8 : 01011111;
    36D9 : 01011111;
    36DA : 01011111;
    36DB : 01100000;
    36DC : 01011101;
    36DD : 00101001;
    36DE : 01110000;
    36DF : 01111001;
    36E0 : 01111001;
    36E1 : 01110010;
    36E2 : 00100111;
    36E3 : 01011100;
    36E4 : 01100000;
    36E5 : 01011111;
    36E6 : 01011111;
    36E7 : 01011111;
    36E8 : 01011111;
    36E9 : 01011111;
    36EA : 01011111;
    36EB : 01011111;
    36EC : 01011111;
    36ED : 01011111;
    36EE : 01011111;
    36EF : 01011111;
    36F0 : 01100010;
    36F1 : 00100110;
    36F2 : 01001011;
    36F3 : 10000001;
    36F4 : 01111000;
    36F5 : 01111001;
    36F6 : 01111001;
    36F7 : 01110111;
    36F8 : 10000010;
    36F9 : 01001001;
    36FA : 01011011;
    36FB : 11111111;
    36FC : 11111000;
    36FD : 11111011;
    36FE : 11111011;
    36FF : 11111011;
    3700 : 11111111;
    3701 : 10101000;
    3702 : 00110010;
    3703 : 11001011;
    3704 : 11000010;
    3705 : 11000011;
    3706 : 11000011;
    3707 : 11000011;
    3708 : 11000011;
    3709 : 11001001;
    370A : 01001001;
    370B : 00001011;
    370C : 00111110;
    370D : 01100011;
    370E : 01011110;
    370F : 01011111;
    3710 : 01011111;
    3711 : 01011111;
    3712 : 01011111;
    3713 : 01011111;
    3714 : 01011111;
    3715 : 01011111;
    3716 : 01011111;
    3717 : 01100000;
    3718 : 01011111;
    3719 : 01100001;
    371A : 01011000;
    371B : 00100100;
    371C : 01110010;
    371D : 10000010;
    371E : 10000110;
    371F : 01000010;
    3720 : 00110101;
    3721 : 01100101;
    3722 : 01011110;
    3723 : 01011111;
    3724 : 01011111;
    3725 : 01011111;
    3726 : 01011111;
    3727 : 01011111;
    3728 : 01011111;
    3729 : 01011111;
    372A : 01011111;
    372B : 01011111;
    372C : 01011110;
    372D : 01100101;
    372E : 01000011;
    372F : 01001000;
    3730 : 11001100;
    3731 : 11000010;
    3732 : 11000011;
    3733 : 11000000;
    3734 : 11001111;
    3735 : 01110111;
    3736 : 00001111;
    3737 : 01110110;
    3738 : 10010011;
    3739 : 10001110;
    373A : 10010101;
    373B : 10011011;
    373C : 01110111;
    373D : 00100101;
    373E : 01100000;
    373F : 01011111;
    3740 : 01011111;
    3741 : 01011111;
    3742 : 01011111;
    3743 : 01011111;
    3744 : 01011111;
    3745 : 01011111;
    3746 : 01011111;
    3747 : 01011111;
    3748 : 01011111;
    3749 : 01011111;
    374A : 01011111;
    374B : 01100001;
    374C : 00100100;
    374D : 01011011;
    374E : 10000100;
    374F : 10000100;
    3750 : 01011010;
    3751 : 00100001;
    3752 : 01011111;
    3753 : 01011111;
    3754 : 01011110;
    3755 : 01011111;
    3756 : 01011111;
    3757 : 01011111;
    3758 : 01011111;
    3759 : 01011111;
    375A : 01011111;
    375B : 01011111;
    375C : 01011111;
    375D : 01011110;
    375E : 01100110;
    375F : 00111100;
    3760 : 01000100;
    3761 : 10011111;
    3762 : 10001100;
    3763 : 10010100;
    3764 : 01000010;
    3765 : 00011001;
    3766 : 01101101;
    3767 : 01111101;
    3768 : 01111000;
    3769 : 01111001;
    376A : 01111001;
    376B : 01111010;
    376C : 01111010;
    376D : 00101100;
    376E : 00100100;
    376F : 01011111;
    3770 : 01011111;
    3771 : 01011111;
    3772 : 01011111;
    3773 : 01011111;
    3774 : 01011111;
    3775 : 01011111;
    3776 : 01011111;
    3777 : 01011111;
    3778 : 01011111;
    3779 : 01011111;
    377A : 01011111;
    377B : 01011111;
    377C : 01100010;
    377D : 00100111;
    377E : 01011011;
    377F : 10000110;
    3780 : 10000110;
    3781 : 01011101;
    3782 : 00100101;
    3783 : 01100001;
    3784 : 01011111;
    3785 : 01011111;
    3786 : 01011111;
    3787 : 01011111;
    3788 : 01011111;
    3789 : 01011111;
    378A : 01011111;
    378B : 01011111;
    378C : 01011111;
    378D : 01011111;
    378E : 01011111;
    378F : 01011111;
    3790 : 01011111;
    3791 : 00101010;
    3792 : 00010010;
    3793 : 01011100;
    3794 : 01111111;
    3795 : 01111000;
    3796 : 01111001;
    3797 : 01110111;
    3798 : 10000010;
    3799 : 01001010;
    379A : 01011010;
    379B : 11111111;
    379C : 11111000;
    379D : 11111011;
    379E : 11111011;
    379F : 11111010;
    37A0 : 11111111;
    37A1 : 10111011;
    37A2 : 00101100;
    37A3 : 11000100;
    37A4 : 11000011;
    37A5 : 11000011;
    37A6 : 11000011;
    37A7 : 11000001;
    37A8 : 11010000;
    37A9 : 01101100;
    37AA : 00101110;
    37AB : 01101011;
    37AC : 00101111;
    37AD : 01100110;
    37AE : 01011110;
    37AF : 01011111;
    37B0 : 01011111;
    37B1 : 01011111;
    37B2 : 01011111;
    37B3 : 01011111;
    37B4 : 01011111;
    37B5 : 01011111;
    37B6 : 01011111;
    37B7 : 01100000;
    37B8 : 01011111;
    37B9 : 01011110;
    37BA : 01100100;
    37BB : 00110101;
    37BC : 00101001;
    37BD : 01011110;
    37BE : 01000111;
    37BF : 00011111;
    37C0 : 01010111;
    37C1 : 01100001;
    37C2 : 01011111;
    37C3 : 01011111;
    37C4 : 01011111;
    37C5 : 01011111;
    37C6 : 01011111;
    37C7 : 01011111;
    37C8 : 01011111;
    37C9 : 01011111;
    37CA : 01011111;
    37CB : 01011111;
    37CC : 01011110;
    37CD : 01100101;
    37CE : 00111111;
    37CF : 01001110;
    37D0 : 11001101;
    37D1 : 11000001;
    37D2 : 11000011;
    37D3 : 11000000;
    37D4 : 11001111;
    37D5 : 01100110;
    37D6 : 00001011;
    37D7 : 01110010;
    37D8 : 10010100;
    37D9 : 10001100;
    37DA : 10001011;
    37DB : 10010001;
    37DC : 01111000;
    37DD : 00100101;
    37DE : 01011110;
    37DF : 01100000;
    37E0 : 01011111;
    37E1 : 01011111;
    37E2 : 01011111;
    37E3 : 01011111;
    37E4 : 01011111;
    37E5 : 01011111;
    37E6 : 01011111;
    37E7 : 01011111;
    37E8 : 01011111;
    37E9 : 01011111;
    37EA : 01011110;
    37EB : 01100011;
    37EC : 01000100;
    37ED : 00011110;
    37EE : 01010110;
    37EF : 01010110;
    37F0 : 00011110;
    37F1 : 00111110;
    37F2 : 01100011;
    37F3 : 01011110;
    37F4 : 01011111;
    37F5 : 01011111;
    37F6 : 01011111;
    37F7 : 01011111;
    37F8 : 01011111;
    37F9 : 01011111;
    37FA : 01011111;
    37FB : 01011111;
    37FC : 01011111;
    37FD : 01011110;
    37FE : 01100110;
    37FF : 00111001;
    3800 : 01000111;
    3801 : 10010101;
    3802 : 10001010;
    3803 : 10010100;
    3804 : 01000001;
    3805 : 00010010;
    3806 : 01100100;
    3807 : 01111110;
    3808 : 01111000;
    3809 : 01111001;
    380A : 01111000;
    380B : 10000001;
    380C : 01001101;
    380D : 00101101;
    380E : 00101110;
    380F : 01011011;
    3810 : 01100000;
    3811 : 01011111;
    3812 : 01011111;
    3813 : 01011111;
    3814 : 01011111;
    3815 : 01011111;
    3816 : 01011111;
    3817 : 01011111;
    3818 : 01011111;
    3819 : 01011111;
    381A : 01011111;
    381B : 01011110;
    381C : 01100011;
    381D : 01000110;
    381E : 00011111;
    381F : 01010100;
    3820 : 01010100;
    3821 : 00011111;
    3822 : 01000011;
    3823 : 01100100;
    3824 : 01011110;
    3825 : 01011111;
    3826 : 01011111;
    3827 : 01011111;
    3828 : 01011111;
    3829 : 01011111;
    382A : 01011111;
    382B : 01011111;
    382C : 01011111;
    382D : 01011111;
    382E : 01011111;
    382F : 01100000;
    3830 : 01011101;
    3831 : 00101010;
    3832 : 01011111;
    3833 : 00101101;
    3834 : 01111001;
    3835 : 01111001;
    3836 : 01111001;
    3837 : 01110111;
    3838 : 10000011;
    3839 : 01000110;
    383A : 01100010;
    383B : 11111111;
    383C : 11111000;
    383D : 11111011;
    383E : 11111011;
    383F : 11111010;
    3840 : 11111111;
    3841 : 11101010;
    3842 : 00101011;
    3843 : 10101101;
    3844 : 11001001;
    3845 : 11000010;
    3846 : 11000010;
    3847 : 11000110;
    3848 : 10111011;
    3849 : 00011100;
    384A : 10101011;
    384B : 10010101;
    384C : 00100101;
    384D : 01100111;
    384E : 01011110;
    384F : 01011111;
    3850 : 01011111;
    3851 : 01011111;
    3852 : 01011111;
    3853 : 01011111;
    3854 : 01011111;
    3855 : 01011111;
    3856 : 01011111;
    3857 : 01011111;
    3858 : 01011111;
    3859 : 01011111;
    385A : 01011111;
    385B : 01100000;
    385C : 00111011;
    385D : 00100011;
    385E : 00101010;
    385F : 01010011;
    3860 : 01100010;
    3861 : 01011110;
    3862 : 01011111;
    3863 : 01011111;
    3864 : 01011111;
    3865 : 01011111;
    3866 : 01011111;
    3867 : 01011111;
    3868 : 01011111;
    3869 : 01011111;
    386A : 01011111;
    386B : 01011111;
    386C : 01011110;
    386D : 01100110;
    386E : 00111010;
    386F : 01011000;
    3870 : 11001111;
    3871 : 11000001;
    3872 : 11000011;
    3873 : 11000010;
    3874 : 11000110;
    3875 : 01000011;
    3876 : 00101000;
    3877 : 01011011;
    3878 : 10010110;
    3879 : 10001011;
    387A : 10001101;
    387B : 10010001;
    387C : 01111110;
    387D : 00100110;
    387E : 01011100;
    387F : 01100000;
    3880 : 01011111;
    3881 : 01011111;
    3882 : 01011111;
    3883 : 01011111;
    3884 : 01011111;
    3885 : 01011111;
    3886 : 01011111;
    3887 : 01011111;
    3888 : 01011111;
    3889 : 01011111;
    388A : 01011111;
    388B : 01011111;
    388C : 01100010;
    388D : 01000011;
    388E : 00100011;
    388F : 00100011;
    3890 : 01000100;
    3891 : 01100010;
    3892 : 01011111;
    3893 : 01011111;
    3894 : 01011111;
    3895 : 01011111;
    3896 : 01011111;
    3897 : 01011111;
    3898 : 01011111;
    3899 : 01011111;
    389A : 01011111;
    389B : 01011111;
    389C : 01011111;
    389D : 01011110;
    389E : 01100110;
    389F : 00110110;
    38A0 : 01001101;
    38A1 : 10010111;
    38A2 : 10001010;
    38A3 : 10001111;
    38A4 : 01000000;
    38A5 : 00111101;
    38A6 : 01001001;
    38A7 : 10000010;
    38A8 : 01110111;
    38A9 : 01111001;
    38AA : 01111000;
    38AB : 01111110;
    38AC : 00110001;
    38AD : 10000110;
    38AE : 00110001;
    38AF : 01011000;
    38B0 : 01100001;
    38B1 : 01011111;
    38B2 : 01011111;
    38B3 : 01011111;
    38B4 : 01011111;
    38B5 : 01011111;
    38B6 : 01011111;
    38B7 : 01011111;
    38B8 : 01011111;
    38B9 : 01011111;
    38BA : 01011111;
    38BB : 01011111;
    38BC : 01011111;
    38BD : 01100010;
    38BE : 01000100;
    38BF : 00100011;
    38C0 : 00100011;
    38C1 : 01000011;
    38C2 : 01100010;
    38C3 : 01011111;
    38C4 : 01011111;
    38C5 : 01011111;
    38C6 : 01011111;
    38C7 : 01011111;
    38C8 : 01011111;
    38C9 : 01011111;
    38CA : 01011111;
    38CB : 01011111;
    38CC : 01011111;
    38CD : 01011111;
    38CE : 01011111;
    38CF : 01100000;
    38D0 : 01011100;
    38D1 : 00100011;
    38D2 : 10110110;
    38D3 : 00111110;
    38D4 : 01100000;
    38D5 : 01111111;
    38D6 : 01111000;
    38D7 : 01110111;
    38D8 : 10000100;
    38D9 : 00111001;
    38DA : 10000010;
    38DB : 11111111;
    38DC : 11110111;
    38DD : 11111011;
    38DE : 11111010;
    38DF : 11111010;
    38E0 : 11110111;
    38E1 : 11111111;
    38E2 : 01100110;
    38E3 : 01010000;
    38E4 : 11010110;
    38E5 : 11000000;
    38E6 : 10111111;
    38E7 : 11001110;
    38E8 : 10001110;
    38E9 : 00101111;
    38EA : 11100000;
    38EB : 10010000;
    38EC : 00100110;
    38ED : 01100110;
    38EE : 01011110;
    38EF : 01011111;
    38F0 : 01011111;
    38F1 : 01011111;
    38F2 : 01011111;
    38F3 : 01011111;
    38F4 : 01011111;
    38F5 : 01011111;
    38F6 : 01011111;
    38F7 : 01011111;
    38F8 : 01011111;
    38F9 : 01011111;
    38FA : 01011111;
    38FB : 01100000;
    38FC : 01100101;
    38FD : 01100010;
    38FE : 01100100;
    38FF : 01100010;
    3900 : 01011111;
    3901 : 01011111;
    3902 : 01011111;
    3903 : 01100000;
    3904 : 01011111;
    3905 : 01011111;
    3906 : 01011111;
    3907 : 01011111;
    3908 : 01011111;
    3909 : 01011111;
    390A : 01011111;
    390B : 01011111;
    390C : 01011110;
    390D : 01100110;
    390E : 00110110;
    390F : 01100001;
    3910 : 11010000;
    3911 : 11000000;
    3912 : 10111110;
    3913 : 11010100;
    3914 : 01111011;
    3915 : 01001111;
    3916 : 10001111;
    3917 : 00100110;
    3918 : 10010111;
    3919 : 10001100;
    391A : 10001100;
    391B : 10010000;
    391C : 10000010;
    391D : 00100110;
    391E : 01011001;
    391F : 01100001;
    3920 : 01011111;
    3921 : 01011111;
    3922 : 01011111;
    3923 : 01011111;
    3924 : 01011111;
    3925 : 01011111;
    3926 : 01011111;
    3927 : 01011111;
    3928 : 01011111;
    3929 : 01011111;
    392A : 01011111;
    392B : 01011111;
    392C : 01011111;
    392D : 01100011;
    392E : 01100001;
    392F : 01100001;
    3930 : 01100011;
    3931 : 01011111;
    3932 : 01011111;
    3933 : 01011111;
    3934 : 01011111;
    3935 : 01011111;
    3936 : 01011111;
    3937 : 01011111;
    3938 : 01011111;
    3939 : 01011111;
    393A : 01011111;
    393B : 01011111;
    393C : 01011111;
    393D : 01011110;
    393E : 01100110;
    393F : 00110011;
    3940 : 01010101;
    3941 : 10010110;
    3942 : 10001111;
    3943 : 01111110;
    3944 : 00111100;
    3945 : 10110110;
    3946 : 00100000;
    3947 : 01111000;
    3948 : 01111011;
    3949 : 01111000;
    394A : 01111010;
    394B : 01110101;
    394C : 00110001;
    394D : 10101000;
    394E : 00101110;
    394F : 01010111;
    3950 : 01100001;
    3951 : 01011111;
    3952 : 01011111;
    3953 : 01011111;
    3954 : 01011111;
    3955 : 01011111;
    3956 : 01011111;
    3957 : 01011111;
    3958 : 01011111;
    3959 : 01011111;
    395A : 01011111;
    395B : 01011111;
    395C : 01011111;
    395D : 01011111;
    395E : 01100011;
    395F : 01100010;
    3960 : 01100010;
    3961 : 01100100;
    3962 : 01011111;
    3963 : 01011111;
    3964 : 01011111;
    3965 : 01011111;
    3966 : 01011111;
    3967 : 01011111;
    3968 : 01011111;
    3969 : 01011111;
    396A : 01011111;
    396B : 01011111;
    396C : 01011111;
    396D : 01011111;
    396E : 01011111;
    396F : 01100001;
    3970 : 01011001;
    3971 : 00100011;
    3972 : 11000101;
    3973 : 01010011;
    3974 : 01001110;
    3975 : 10000010;
    3976 : 01110111;
    3977 : 01111001;
    3978 : 01111101;
    3979 : 00100000;
    397A : 10111111;
    397B : 11111111;
    397C : 11111000;
    397D : 11111010;
    397E : 11111010;
    397F : 11111010;
    3980 : 11110111;
    3981 : 11111111;
    3982 : 11100011;
    3983 : 00011011;
    3984 : 01110001;
    3985 : 11010011;
    3986 : 11000101;
    3987 : 11001100;
    3988 : 10001001;
    3989 : 00110010;
    398A : 11100001;
    398B : 10010110;
    398C : 00100101;
    398D : 01100100;
    398E : 01011111;
    398F : 01011111;
    3990 : 01011111;
    3991 : 01011111;
    3992 : 01011111;
    3993 : 01011111;
    3994 : 01011111;
    3995 : 01011111;
    3996 : 01011111;
    3997 : 01011111;
    3998 : 01011111;
    3999 : 01011111;
    399A : 01011111;
    399B : 01011111;
    399C : 01011110;
    399D : 01011111;
    399E : 01011111;
    399F : 01011111;
    39A0 : 01011111;
    39A1 : 01011111;
    39A2 : 01011111;
    39A3 : 01011111;
    39A4 : 01011111;
    39A5 : 01011111;
    39A6 : 01011111;
    39A7 : 01011111;
    39A8 : 01011111;
    39A9 : 01011111;
    39AA : 01011111;
    39AB : 01011111;
    39AC : 01011110;
    39AD : 01100110;
    39AE : 00110011;
    39AF : 01101011;
    39B0 : 11001101;
    39B1 : 10111111;
    39B2 : 11010010;
    39B3 : 10100001;
    39B4 : 00010010;
    39B5 : 11000011;
    39B6 : 11101001;
    39B7 : 00010011;
    39B8 : 01011000;
    39B9 : 10011011;
    39BA : 10001110;
    39BB : 10001110;
    39BC : 10000011;
    39BD : 00100111;
    39BE : 01010111;
    39BF : 01100001;
    39C0 : 01011111;
    39C1 : 01011111;
    39C2 : 01011111;
    39C3 : 01011111;
    39C4 : 01011111;
    39C5 : 01011111;
    39C6 : 01011111;
    39C7 : 01011111;
    39C8 : 01011111;
    39C9 : 01011111;
    39CA : 01011111;
    39CB : 01011111;
    39CC : 01011111;
    39CD : 01011110;
    39CE : 01011111;
    39CF : 01011111;
    39D0 : 01011110;
    39D1 : 01011111;
    39D2 : 01011111;
    39D3 : 01011111;
    39D4 : 01011111;
    39D5 : 01011111;
    39D6 : 01011111;
    39D7 : 01011111;
    39D8 : 01011111;
    39D9 : 01011111;
    39DA : 01011111;
    39DB : 01011111;
    39DC : 01011111;
    39DD : 01011110;
    39DE : 01100110;
    39DF : 00110000;
    39E0 : 01011001;
    39E1 : 10010111;
    39E2 : 10011001;
    39E3 : 00110101;
    39E4 : 01011001;
    39E5 : 11111111;
    39E6 : 01010110;
    39E7 : 00100110;
    39E8 : 10000010;
    39E9 : 01111100;
    39EA : 01111000;
    39EB : 01110100;
    39EC : 00110000;
    39ED : 10110100;
    39EE : 00110001;
    39EF : 01010100;
    39F0 : 01100010;
    39F1 : 01011111;
    39F2 : 01011111;
    39F3 : 01011111;
    39F4 : 01011111;
    39F5 : 01011111;
    39F6 : 01011111;
    39F7 : 01011111;
    39F8 : 01011111;
    39F9 : 01011111;
    39FA : 01011111;
    39FB : 01011111;
    39FC : 01011111;
    39FD : 01011111;
    39FE : 01011110;
    39FF : 01011111;
    3A00 : 01011111;
    3A01 : 01011110;
    3A02 : 01011111;
    3A03 : 01011111;
    3A04 : 01011111;
    3A05 : 01011111;
    3A06 : 01011111;
    3A07 : 01011111;
    3A08 : 01011111;
    3A09 : 01011111;
    3A0A : 01011111;
    3A0B : 01011111;
    3A0C : 01011111;
    3A0D : 01011111;
    3A0E : 01011111;
    3A0F : 01100001;
    3A10 : 01010110;
    3A11 : 00100100;
    3A12 : 11001010;
    3A13 : 01010000;
    3A14 : 01001100;
    3A15 : 10000000;
    3A16 : 01111000;
    3A17 : 10000101;
    3A18 : 00111001;
    3A19 : 01000010;
    3A1A : 11111111;
    3A1B : 11111000;
    3A1C : 11111001;
    3A1D : 11111001;
    3A1E : 11111001;
    3A1F : 11111001;
    3A20 : 11111111;
    3A21 : 11111111;
    3A22 : 11111111;
    3A23 : 11000101;
    3A24 : 00011110;
    3A25 : 01011101;
    3A26 : 10110100;
    3A27 : 11010010;
    3A28 : 11000110;
    3A29 : 00100010;
    3A2A : 10101001;
    3A2B : 10110100;
    3A2C : 00100010;
    3A2D : 01100011;
    3A2E : 01011111;
    3A2F : 01011111;
    3A30 : 01011111;
    3A31 : 01011111;
    3A32 : 01011111;
    3A33 : 01011111;
    3A34 : 01011111;
    3A35 : 01011111;
    3A36 : 01011111;
    3A37 : 01011111;
    3A38 : 01011111;
    3A39 : 01011111;
    3A3A : 01011111;
    3A3B : 01011111;
    3A3C : 01011111;
    3A3D : 01011111;
    3A3E : 01011111;
    3A3F : 01011111;
    3A40 : 01011111;
    3A41 : 01011111;
    3A42 : 01011111;
    3A43 : 01011111;
    3A44 : 01011111;
    3A45 : 01011111;
    3A46 : 01011111;
    3A47 : 01011111;
    3A48 : 01011111;
    3A49 : 01011111;
    3A4A : 01011111;
    3A4B : 01011111;
    3A4C : 01011110;
    3A4D : 01100110;
    3A4E : 00101110;
    3A4F : 01111011;
    3A50 : 11011100;
    3A51 : 11001001;
    3A52 : 10001001;
    3A53 : 00011101;
    3A54 : 10011001;
    3A55 : 11111111;
    3A56 : 11111111;
    3A57 : 10100101;
    3A58 : 00010111;
    3A59 : 01010110;
    3A5A : 10001011;
    3A5B : 10011000;
    3A5C : 10010000;
    3A5D : 00101000;
    3A5E : 01010100;
    3A5F : 01100010;
    3A60 : 01011111;
    3A61 : 01011111;
    3A62 : 01011111;
    3A63 : 01011111;
    3A64 : 01011111;
    3A65 : 01011111;
    3A66 : 01011111;
    3A67 : 01011111;
    3A68 : 01011111;
    3A69 : 01011111;
    3A6A : 01011111;
    3A6B : 01011111;
    3A6C : 01011111;
    3A6D : 01011111;
    3A6E : 01011111;
    3A6F : 01011111;
    3A70 : 01011111;
    3A71 : 01011111;
    3A72 : 01011111;
    3A73 : 01011111;
    3A74 : 01011111;
    3A75 : 01011111;
    3A76 : 01011111;
    3A77 : 01011111;
    3A78 : 01011111;
    3A79 : 01011111;
    3A7A : 01011111;
    3A7B : 01011111;
    3A7C : 01011111;
    3A7D : 01011110;
    3A7E : 01100101;
    3A7F : 00101100;
    3A80 : 01101000;
    3A81 : 10011000;
    3A82 : 01000111;
    3A83 : 00101011;
    3A84 : 11100010;
    3A85 : 11111111;
    3A86 : 11110011;
    3A87 : 00111100;
    3A88 : 00110100;
    3A89 : 01110101;
    3A8A : 10000001;
    3A8B : 10000101;
    3A8C : 00101111;
    3A8D : 10001000;
    3A8E : 01000000;
    3A8F : 01001110;
    3A90 : 01100011;
    3A91 : 01011111;
    3A92 : 01011111;
    3A93 : 01011111;
    3A94 : 01011111;
    3A95 : 01011111;
    3A96 : 01011111;
    3A97 : 01011111;
    3A98 : 01011111;
    3A99 : 01011111;
    3A9A : 01011111;
    3A9B : 01011111;
    3A9C : 01011111;
    3A9D : 01011111;
    3A9E : 01011111;
    3A9F : 01011111;
    3AA0 : 01011111;
    3AA1 : 01011111;
    3AA2 : 01011111;
    3AA3 : 01011111;
    3AA4 : 01011111;
    3AA5 : 01011111;
    3AA6 : 01011111;
    3AA7 : 01011111;
    3AA8 : 01100000;
    3AA9 : 01011111;
    3AAA : 01011111;
    3AAB : 01011111;
    3AAC : 01011111;
    3AAD : 01011111;
    3AAE : 01011111;
    3AAF : 01100011;
    3AB0 : 01010001;
    3AB1 : 00110101;
    3AB2 : 11001111;
    3AB3 : 00110101;
    3AB4 : 01100110;
    3AB5 : 10000110;
    3AB6 : 01111100;
    3AB7 : 01001000;
    3AB8 : 00100101;
    3AB9 : 11011001;
    3ABA : 11111111;
    3ABB : 11111111;
    3ABC : 11111111;
    3ABD : 11111111;
    3ABE : 11111111;
    3ABF : 11111111;
    3AC0 : 01001010;
    3AC1 : 01001010;
    3AC2 : 01001000;
    3AC3 : 01010101;
    3AC4 : 00101100;
    3AC5 : 00000111;
    3AC6 : 00011011;
    3AC7 : 01001101;
    3AC8 : 10010010;
    3AC9 : 01100000;
    3ACA : 00110000;
    3ACB : 10001010;
    3ACC : 00101000;
    3ACD : 01100000;
    3ACE : 01011111;
    3ACF : 01011111;
    3AD0 : 01011111;
    3AD1 : 01011111;
    3AD2 : 01011111;
    3AD3 : 01011111;
    3AD4 : 01011111;
    3AD5 : 01011111;
    3AD6 : 01011111;
    3AD7 : 01011111;
    3AD8 : 01011111;
    3AD9 : 01011111;
    3ADA : 01011111;
    3ADB : 01011111;
    3ADC : 01011111;
    3ADD : 01011111;
    3ADE : 01011111;
    3ADF : 01011111;
    3AE0 : 01011111;
    3AE1 : 01011111;
    3AE2 : 01011111;
    3AE3 : 01011111;
    3AE4 : 01011111;
    3AE5 : 01011111;
    3AE6 : 01011111;
    3AE7 : 01011111;
    3AE8 : 01011111;
    3AE9 : 01011111;
    3AEA : 01011111;
    3AEB : 01011111;
    3AEC : 01011110;
    3AED : 01100101;
    3AEE : 00101111;
    3AEF : 01100011;
    3AF0 : 01111110;
    3AF1 : 00110110;
    3AF2 : 00001010;
    3AF3 : 00011100;
    3AF4 : 01010011;
    3AF5 : 01001001;
    3AF6 : 01001001;
    3AF7 : 01010001;
    3AF8 : 00100000;
    3AF9 : 00001100;
    3AFA : 00011110;
    3AFB : 00111110;
    3AFC : 01010100;
    3AFD : 00100110;
    3AFE : 01010010;
    3AFF : 01100010;
    3B00 : 01011111;
    3B01 : 01011111;
    3B02 : 01011111;
    3B03 : 01011111;
    3B04 : 01011111;
    3B05 : 01011111;
    3B06 : 01011111;
    3B07 : 01011111;
    3B08 : 01011111;
    3B09 : 01011111;
    3B0A : 01011111;
    3B0B : 01011111;
    3B0C : 01011111;
    3B0D : 01011111;
    3B0E : 01011111;
    3B0F : 01011111;
    3B10 : 01011111;
    3B11 : 01011111;
    3B12 : 01011111;
    3B13 : 01011111;
    3B14 : 01011111;
    3B15 : 01011111;
    3B16 : 01011111;
    3B17 : 01011111;
    3B18 : 01011111;
    3B19 : 01011111;
    3B1A : 01011111;
    3B1B : 01011111;
    3B1C : 01011111;
    3B1D : 01011111;
    3B1E : 01100011;
    3B1F : 00101111;
    3B20 : 00111100;
    3B21 : 00101001;
    3B22 : 00001001;
    3B23 : 00110001;
    3B24 : 01010010;
    3B25 : 01000110;
    3B26 : 01010010;
    3B27 : 00111010;
    3B28 : 00001101;
    3B29 : 00011010;
    3B2A : 00111011;
    3B2B : 01100011;
    3B2C : 01001000;
    3B2D : 00110110;
    3B2E : 00110101;
    3B2F : 01001110;
    3B30 : 01100011;
    3B31 : 01011111;
    3B32 : 01100000;
    3B33 : 01100000;
    3B34 : 01100000;
    3B35 : 01011111;
    3B36 : 01011111;
    3B37 : 01011111;
    3B38 : 01011111;
    3B39 : 01011111;
    3B3A : 01011111;
    3B3B : 01011111;
    3B3C : 01011111;
    3B3D : 01011111;
    3B3E : 01011111;
    3B3F : 01011111;
    3B40 : 01011111;
    3B41 : 01011111;
    3B42 : 01011111;
    3B43 : 01011111;
    3B44 : 01011111;
    3B45 : 01100000;
    3B46 : 01011111;
    3B47 : 01011111;
    3B48 : 01011111;
    3B49 : 01100000;
    3B4A : 01100000;
    3B4B : 01100000;
    3B4C : 01100000;
    3B4D : 01011111;
    3B4E : 01011111;
    3B4F : 01100011;
    3B50 : 01001100;
    3B51 : 01000100;
    3B52 : 01110000;
    3B53 : 00101100;
    3B54 : 01101110;
    3B55 : 01001010;
    3B56 : 00100010;
    3B57 : 00001100;
    3B58 : 00101011;
    3B59 : 01010011;
    3B5A : 01001000;
    3B5B : 01001010;
    3B5C : 01001010;
    3B5D : 01001010;
    3B5E : 01001010;
    3B5F : 01001010;
    3B60 : 01010000;
    3B61 : 01010000;
    3B62 : 01010001;
    3B63 : 01001110;
    3B64 : 01010111;
    3B65 : 01011111;
    3B66 : 01010111;
    3B67 : 00110100;
    3B68 : 00011110;
    3B69 : 00100101;
    3B6A : 00010101;
    3B6B : 00010001;
    3B6C : 00101001;
    3B6D : 01011111;
    3B6E : 01011111;
    3B6F : 01011111;
    3B70 : 01011111;
    3B71 : 01011111;
    3B72 : 01011111;
    3B73 : 01011111;
    3B74 : 01011111;
    3B75 : 01011111;
    3B76 : 01011111;
    3B77 : 01011111;
    3B78 : 01011111;
    3B79 : 01011111;
    3B7A : 01011111;
    3B7B : 01011111;
    3B7C : 01011111;
    3B7D : 01011111;
    3B7E : 01011111;
    3B7F : 01011111;
    3B80 : 01011111;
    3B81 : 01011111;
    3B82 : 01011111;
    3B83 : 01011111;
    3B84 : 01011111;
    3B85 : 01011111;
    3B86 : 01011111;
    3B87 : 01011111;
    3B88 : 01011111;
    3B89 : 01011111;
    3B8A : 01011111;
    3B8B : 01011111;
    3B8C : 01011110;
    3B8D : 01100011;
    3B8E : 00110100;
    3B8F : 00011101;
    3B90 : 00110010;
    3B91 : 01010111;
    3B92 : 01100000;
    3B93 : 01011010;
    3B94 : 01001110;
    3B95 : 01010000;
    3B96 : 01010000;
    3B97 : 01001110;
    3B98 : 01011001;
    3B99 : 01011101;
    3B9A : 01011001;
    3B9B : 01001010;
    3B9C : 00110001;
    3B9D : 00011011;
    3B9E : 01010010;
    3B9F : 01100010;
    3BA0 : 01011110;
    3BA1 : 01011111;
    3BA2 : 01011111;
    3BA3 : 01011111;
    3BA4 : 01011111;
    3BA5 : 01011111;
    3BA6 : 01011111;
    3BA7 : 01011111;
    3BA8 : 01011111;
    3BA9 : 01011111;
    3BAA : 01011111;
    3BAB : 01011111;
    3BAC : 01011111;
    3BAD : 01011111;
    3BAE : 01011111;
    3BAF : 01011111;
    3BB0 : 01011111;
    3BB1 : 01011111;
    3BB2 : 01011111;
    3BB3 : 01011111;
    3BB4 : 01011111;
    3BB5 : 01011111;
    3BB6 : 01011111;
    3BB7 : 01011111;
    3BB8 : 01011111;
    3BB9 : 01011111;
    3BBA : 01011111;
    3BBB : 01011111;
    3BBC : 01011111;
    3BBD : 01011111;
    3BBE : 01100010;
    3BBF : 00101110;
    3BC0 : 00011100;
    3BC1 : 01001101;
    3BC2 : 01100000;
    3BC3 : 01010110;
    3BC4 : 01001110;
    3BC5 : 01010001;
    3BC6 : 01001110;
    3BC7 : 01010100;
    3BC8 : 01011110;
    3BC9 : 01011001;
    3BCA : 00111100;
    3BCB : 00101010;
    3BCC : 00100111;
    3BCD : 00010111;
    3BCE : 00011001;
    3BCF : 01010010;
    3BD0 : 01100010;
    3BD1 : 01011111;
    3BD2 : 01100000;
    3BD3 : 01100000;
    3BD4 : 01100000;
    3BD5 : 01011111;
    3BD6 : 01011111;
    3BD7 : 01011111;
    3BD8 : 01011111;
    3BD9 : 01100000;
    3BDA : 01011111;
    3BDB : 01100000;
    3BDC : 01011111;
    3BDD : 01011111;
    3BDE : 01011111;
    3BDF : 01011111;
    3BE0 : 01011111;
    3BE1 : 01100000;
    3BE2 : 01011111;
    3BE3 : 01011111;
    3BE4 : 01100000;
    3BE5 : 01100000;
    3BE6 : 01011111;
    3BE7 : 01011111;
    3BE8 : 01011111;
    3BE9 : 01100000;
    3BEA : 01100000;
    3BEB : 01100000;
    3BEC : 01100000;
    3BED : 01100000;
    3BEE : 01011111;
    3BEF : 01100010;
    3BF0 : 01010011;
    3BF1 : 00011011;
    3BF2 : 00001110;
    3BF3 : 00011101;
    3BF4 : 00100000;
    3BF5 : 00110100;
    3BF6 : 01010111;
    3BF7 : 01011110;
    3BF8 : 01010111;
    3BF9 : 01001110;
    3BFA : 01010000;
    3BFB : 01010000;
    3BFC : 01010000;
    3BFD : 01010000;
    3BFE : 01010000;
    3BFF : 01010000;
    3C00 : 10100000;
    3C01 : 10100000;
    3C02 : 10100000;
    3C03 : 10100001;
    3C04 : 10011111;
    3C05 : 10011110;
    3C06 : 10011111;
    3C07 : 10011101;
    3C08 : 10010011;
    3C09 : 10000001;
    3C0A : 01111000;
    3C0B : 01011011;
    3C0C : 00100101;
    3C0D : 01011110;
    3C0E : 01011111;
    3C0F : 01011111;
    3C10 : 01011111;
    3C11 : 01011111;
    3C12 : 01011111;
    3C13 : 01011111;
    3C14 : 01011111;
    3C15 : 01011111;
    3C16 : 01011111;
    3C17 : 01011111;
    3C18 : 01011111;
    3C19 : 01011111;
    3C1A : 01011111;
    3C1B : 01011111;
    3C1C : 01011111;
    3C1D : 01011111;
    3C1E : 01011111;
    3C1F : 01011111;
    3C20 : 01011111;
    3C21 : 01011111;
    3C22 : 01011111;
    3C23 : 01011111;
    3C24 : 01011111;
    3C25 : 01011111;
    3C26 : 01011111;
    3C27 : 01011111;
    3C28 : 01011111;
    3C29 : 01011111;
    3C2A : 01011111;
    3C2B : 01011111;
    3C2C : 01011110;
    3C2D : 01100100;
    3C2E : 00101001;
    3C2F : 01101011;
    3C30 : 10100101;
    3C31 : 10011110;
    3C32 : 10011110;
    3C33 : 10011111;
    3C34 : 10100001;
    3C35 : 10100001;
    3C36 : 10100001;
    3C37 : 10100001;
    3C38 : 10011111;
    3C39 : 10011110;
    3C3A : 10011110;
    3C3B : 10011111;
    3C3C : 10011111;
    3C3D : 00110111;
    3C3E : 01001001;
    3C3F : 01100100;
    3C40 : 01011110;
    3C41 : 01011111;
    3C42 : 01011111;
    3C43 : 01011111;
    3C44 : 01011111;
    3C45 : 01011111;
    3C46 : 01011111;
    3C47 : 01011111;
    3C48 : 01011111;
    3C49 : 01011111;
    3C4A : 01011111;
    3C4B : 01011111;
    3C4C : 01011111;
    3C4D : 01011111;
    3C4E : 01011111;
    3C4F : 01011111;
    3C50 : 01011111;
    3C51 : 01011111;
    3C52 : 01011111;
    3C53 : 01011111;
    3C54 : 01011111;
    3C55 : 01011111;
    3C56 : 01011111;
    3C57 : 01011111;
    3C58 : 01011111;
    3C59 : 01011111;
    3C5A : 01011111;
    3C5B : 01011111;
    3C5C : 01011111;
    3C5D : 01011111;
    3C5E : 01100010;
    3C5F : 00100111;
    3C60 : 01110011;
    3C61 : 10100100;
    3C62 : 10011101;
    3C63 : 10011111;
    3C64 : 10100001;
    3C65 : 10100001;
    3C66 : 10100001;
    3C67 : 10100000;
    3C68 : 10011110;
    3C69 : 10011111;
    3C6A : 10011101;
    3C6B : 10010110;
    3C6C : 10001000;
    3C6D : 01111011;
    3C6E : 00101110;
    3C6F : 01001010;
    3C70 : 01100100;
    3C71 : 01011111;
    3C72 : 01100000;
    3C73 : 01100000;
    3C74 : 01100000;
    3C75 : 01011111;
    3C76 : 01011111;
    3C77 : 01011111;
    3C78 : 01011111;
    3C79 : 01100000;
    3C7A : 01100000;
    3C7B : 01100000;
    3C7C : 01011111;
    3C7D : 01011111;
    3C7E : 01011111;
    3C7F : 01100000;
    3C80 : 01100000;
    3C81 : 01011111;
    3C82 : 01011111;
    3C83 : 01011111;
    3C84 : 01011111;
    3C85 : 01011111;
    3C86 : 01011111;
    3C87 : 01100000;
    3C88 : 01011111;
    3C89 : 01100000;
    3C8A : 01100000;
    3C8B : 01100000;
    3C8C : 01100000;
    3C8D : 01100000;
    3C8E : 01011111;
    3C8F : 01100011;
    3C90 : 01001101;
    3C91 : 00101010;
    3C92 : 01100011;
    3C93 : 01110000;
    3C94 : 10000111;
    3C95 : 10011011;
    3C96 : 10011111;
    3C97 : 10011110;
    3C98 : 10011111;
    3C99 : 10100001;
    3C9A : 10100001;
    3C9B : 10100001;
    3C9C : 10100001;
    3C9D : 10100001;
    3C9E : 10100000;
    3C9F : 10100000;
    3CA0 : 10010011;
    3CA1 : 10010011;
    3CA2 : 10010011;
    3CA3 : 10010011;
    3CA4 : 10010011;
    3CA5 : 10010011;
    3CA6 : 10010011;
    3CA7 : 10010100;
    3CA8 : 10010110;
    3CA9 : 10011001;
    3CAA : 10011111;
    3CAB : 10010010;
    3CAC : 00101010;
    3CAD : 01011010;
    3CAE : 01011111;
    3CAF : 01011110;
    3CB0 : 01011110;
    3CB1 : 01011110;
    3CB2 : 01011110;
    3CB3 : 01011110;
    3CB4 : 01011110;
    3CB5 : 01011110;
    3CB6 : 01011110;
    3CB7 : 01011110;
    3CB8 : 01011110;
    3CB9 : 01011110;
    3CBA : 01011110;
    3CBB : 01011110;
    3CBC : 01011110;
    3CBD : 01011110;
    3CBE : 01011110;
    3CBF : 01011110;
    3CC0 : 01011110;
    3CC1 : 01011110;
    3CC2 : 01011110;
    3CC3 : 01011110;
    3CC4 : 01011110;
    3CC5 : 01011110;
    3CC6 : 01011110;
    3CC7 : 01011110;
    3CC8 : 01011110;
    3CC9 : 01011110;
    3CCA : 01011110;
    3CCB : 01011110;
    3CCC : 01011110;
    3CCD : 01100010;
    3CCE : 00100111;
    3CCF : 01110011;
    3CD0 : 10011011;
    3CD1 : 10010001;
    3CD2 : 10010011;
    3CD3 : 10010011;
    3CD4 : 10010011;
    3CD5 : 10010011;
    3CD6 : 10010011;
    3CD7 : 10010011;
    3CD8 : 10010011;
    3CD9 : 10010011;
    3CDA : 10010011;
    3CDB : 10010011;
    3CDC : 10011010;
    3CDD : 00111000;
    3CDE : 01000110;
    3CDF : 01100011;
    3CE0 : 01011101;
    3CE1 : 01011110;
    3CE2 : 01011110;
    3CE3 : 01011110;
    3CE4 : 01011110;
    3CE5 : 01011110;
    3CE6 : 01011110;
    3CE7 : 01011110;
    3CE8 : 01011110;
    3CE9 : 01011110;
    3CEA : 01011110;
    3CEB : 01011110;
    3CEC : 01011110;
    3CED : 01011110;
    3CEE : 01011110;
    3CEF : 01011110;
    3CF0 : 01011110;
    3CF1 : 01011110;
    3CF2 : 01011110;
    3CF3 : 01011110;
    3CF4 : 01011110;
    3CF5 : 01011110;
    3CF6 : 01011110;
    3CF7 : 01011110;
    3CF8 : 01011110;
    3CF9 : 01011110;
    3CFA : 01011110;
    3CFB : 01011110;
    3CFC : 01011110;
    3CFD : 01011110;
    3CFE : 01011111;
    3CFF : 00100111;
    3D00 : 01111110;
    3D01 : 10011001;
    3D02 : 10010010;
    3D03 : 10010011;
    3D04 : 10010011;
    3D05 : 10010011;
    3D06 : 10010100;
    3D07 : 10010011;
    3D08 : 10010011;
    3D09 : 10010011;
    3D0A : 10010100;
    3D0B : 10010101;
    3D0C : 10010111;
    3D0D : 10100010;
    3D0E : 00111100;
    3D0F : 01000101;
    3D10 : 01100100;
    3D11 : 01011110;
    3D12 : 01011110;
    3D13 : 01011111;
    3D14 : 01011110;
    3D15 : 01011110;
    3D16 : 01011110;
    3D17 : 01011110;
    3D18 : 01011110;
    3D19 : 01011110;
    3D1A : 01011110;
    3D1B : 01011110;
    3D1C : 01011110;
    3D1D : 01011110;
    3D1E : 01011110;
    3D1F : 01011111;
    3D20 : 01011110;
    3D21 : 01011110;
    3D22 : 01011110;
    3D23 : 01011110;
    3D24 : 01011110;
    3D25 : 01011110;
    3D26 : 01011110;
    3D27 : 01011110;
    3D28 : 01011110;
    3D29 : 01011110;
    3D2A : 01011110;
    3D2B : 01011111;
    3D2C : 01011111;
    3D2D : 01011110;
    3D2E : 01011110;
    3D2F : 01100100;
    3D30 : 01000110;
    3D31 : 01000101;
    3D32 : 10100111;
    3D33 : 10011011;
    3D34 : 10011001;
    3D35 : 10010101;
    3D36 : 10010011;
    3D37 : 10010011;
    3D38 : 10010011;
    3D39 : 10010011;
    3D3A : 10010011;
    3D3B : 10010011;
    3D3C : 10010011;
    3D3D : 10010011;
    3D3E : 10010011;
    3D3F : 10010011;
    3D40 : 10010101;
    3D41 : 10010101;
    3D42 : 10010101;
    3D43 : 10010101;
    3D44 : 10010101;
    3D45 : 10010101;
    3D46 : 10010101;
    3D47 : 10010101;
    3D48 : 10010101;
    3D49 : 10010100;
    3D4A : 10010110;
    3D4B : 10001001;
    3D4C : 00100110;
    3D4D : 01011100;
    3D4E : 01100111;
    3D4F : 01100100;
    3D50 : 01100100;
    3D51 : 01100100;
    3D52 : 01100100;
    3D53 : 01100100;
    3D54 : 01100100;
    3D55 : 01100100;
    3D56 : 01100100;
    3D57 : 01100101;
    3D58 : 01100100;
    3D59 : 01100101;
    3D5A : 01100101;
    3D5B : 01100101;
    3D5C : 01100101;
    3D5D : 01100101;
    3D5E : 01100101;
    3D5F : 01100101;
    3D60 : 01100100;
    3D61 : 01100101;
    3D62 : 01100100;
    3D63 : 01100100;
    3D64 : 01100100;
    3D65 : 01100100;
    3D66 : 01100100;
    3D67 : 01100101;
    3D68 : 01100101;
    3D69 : 01100101;
    3D6A : 01100101;
    3D6B : 01100101;
    3D6C : 01100101;
    3D6D : 01100101;
    3D6E : 00100100;
    3D6F : 01110110;
    3D70 : 10011011;
    3D71 : 10010100;
    3D72 : 10010101;
    3D73 : 10010101;
    3D74 : 10010101;
    3D75 : 10010101;
    3D76 : 10010101;
    3D77 : 10010101;
    3D78 : 10010101;
    3D79 : 10010101;
    3D7A : 10010101;
    3D7B : 10010101;
    3D7C : 10011001;
    3D7D : 00110101;
    3D7E : 01000100;
    3D7F : 01101010;
    3D80 : 01100100;
    3D81 : 01100100;
    3D82 : 01100100;
    3D83 : 01100100;
    3D84 : 01100100;
    3D85 : 01100100;
    3D86 : 01100101;
    3D87 : 01100101;
    3D88 : 01100101;
    3D89 : 01100101;
    3D8A : 01100100;
    3D8B : 01100100;
    3D8C : 01100100;
    3D8D : 01100101;
    3D8E : 01100101;
    3D8F : 01100100;
    3D90 : 01100100;
    3D91 : 01100100;
    3D92 : 01100100;
    3D93 : 01100100;
    3D94 : 01100100;
    3D95 : 01100100;
    3D96 : 01100100;
    3D97 : 01100100;
    3D98 : 01100101;
    3D99 : 01100100;
    3D9A : 01100100;
    3D9B : 01100100;
    3D9C : 01100100;
    3D9D : 01100101;
    3D9E : 01100010;
    3D9F : 00100111;
    3DA0 : 10000001;
    3DA1 : 10011010;
    3DA2 : 10010100;
    3DA3 : 10010101;
    3DA4 : 10010101;
    3DA5 : 10010101;
    3DA6 : 10010101;
    3DA7 : 10010101;
    3DA8 : 10010101;
    3DA9 : 10010101;
    3DAA : 10010101;
    3DAB : 10010101;
    3DAC : 10010011;
    3DAD : 10011010;
    3DAE : 00111001;
    3DAF : 01000100;
    3DB0 : 01101011;
    3DB1 : 01100100;
    3DB2 : 01100101;
    3DB3 : 01100101;
    3DB4 : 01100101;
    3DB5 : 01100101;
    3DB6 : 01100101;
    3DB7 : 01100101;
    3DB8 : 01100101;
    3DB9 : 01100100;
    3DBA : 01100101;
    3DBB : 01100101;
    3DBC : 01100101;
    3DBD : 01100101;
    3DBE : 01100101;
    3DBF : 01100101;
    3DC0 : 01100101;
    3DC1 : 01100101;
    3DC2 : 01100100;
    3DC3 : 01100100;
    3DC4 : 01100100;
    3DC5 : 01100101;
    3DC6 : 01100101;
    3DC7 : 01100101;
    3DC8 : 01100101;
    3DC9 : 01100101;
    3DCA : 01100101;
    3DCB : 01100101;
    3DCC : 01100101;
    3DCD : 01100101;
    3DCE : 01100100;
    3DCF : 01101011;
    3DD0 : 01000111;
    3DD1 : 01000110;
    3DD2 : 10011100;
    3DD3 : 10010001;
    3DD4 : 10010100;
    3DD5 : 10010101;
    3DD6 : 10010101;
    3DD7 : 10010101;
    3DD8 : 10010101;
    3DD9 : 10010101;
    3DDA : 10010101;
    3DDB : 10010101;
    3DDC : 10010101;
    3DDD : 10010101;
    3DDE : 10010101;
    3DDF : 10010101;
    3DE0 : 10010101;
    3DE1 : 10010101;
    3DE2 : 10010101;
    3DE3 : 10010101;
    3DE4 : 10010101;
    3DE5 : 10010101;
    3DE6 : 10010101;
    3DE7 : 10010101;
    3DE8 : 10010101;
    3DE9 : 10010101;
    3DEA : 10010110;
    3DEB : 10010011;
    3DEC : 00100111;
    3DED : 00100010;
    3DEE : 00110101;
    3DEF : 00110100;
    3DF0 : 00110101;
    3DF1 : 00110101;
    3DF2 : 00110101;
    3DF3 : 00110101;
    3DF4 : 00110101;
    3DF5 : 00110101;
    3DF6 : 00110101;
    3DF7 : 00110110;
    3DF8 : 00110110;
    3DF9 : 00110111;
    3DFA : 00110111;
    3DFB : 00111000;
    3DFC : 00111001;
    3DFD : 00111000;
    3DFE : 00111001;
    3DFF : 00111000;
    3E00 : 00111000;
    3E01 : 00111000;
    3E02 : 00111000;
    3E03 : 00110111;
    3E04 : 00110111;
    3E05 : 00110111;
    3E06 : 00110111;
    3E07 : 00110111;
    3E08 : 00110111;
    3E09 : 00110111;
    3E0A : 00110110;
    3E0B : 00110110;
    3E0C : 00110111;
    3E0D : 00110011;
    3E0E : 00011000;
    3E0F : 10000000;
    3E10 : 10011010;
    3E11 : 10010100;
    3E12 : 10010101;
    3E13 : 10010101;
    3E14 : 10010101;
    3E15 : 10010101;
    3E16 : 10010101;
    3E17 : 10010101;
    3E18 : 10010101;
    3E19 : 10010101;
    3E1A : 10010101;
    3E1B : 10010100;
    3E1C : 10011100;
    3E1D : 01000100;
    3E1E : 00011010;
    3E1F : 00111110;
    3E20 : 00111100;
    3E21 : 00111101;
    3E22 : 00111101;
    3E23 : 00111101;
    3E24 : 00111101;
    3E25 : 00111100;
    3E26 : 00111101;
    3E27 : 00111101;
    3E28 : 00111101;
    3E29 : 00111110;
    3E2A : 00111110;
    3E2B : 00111111;
    3E2C : 00111111;
    3E2D : 00111111;
    3E2E : 00111111;
    3E2F : 00111111;
    3E30 : 00111111;
    3E31 : 00111110;
    3E32 : 00111110;
    3E33 : 00111110;
    3E34 : 00111101;
    3E35 : 00111101;
    3E36 : 00111101;
    3E37 : 00111100;
    3E38 : 00111101;
    3E39 : 00111101;
    3E3A : 00111101;
    3E3B : 00111101;
    3E3C : 00111101;
    3E3D : 00111111;
    3E3E : 00110101;
    3E3F : 00011101;
    3E40 : 10001000;
    3E41 : 10011000;
    3E42 : 10010100;
    3E43 : 10010101;
    3E44 : 10010101;
    3E45 : 10010101;
    3E46 : 10010101;
    3E47 : 10010101;
    3E48 : 10010101;
    3E49 : 10010101;
    3E4A : 10010101;
    3E4B : 10010101;
    3E4C : 10010100;
    3E4D : 10011100;
    3E4E : 00111110;
    3E4F : 00011011;
    3E50 : 00111001;
    3E51 : 00110110;
    3E52 : 00110111;
    3E53 : 00110111;
    3E54 : 00110111;
    3E55 : 00110111;
    3E56 : 00110111;
    3E57 : 00110111;
    3E58 : 00110111;
    3E59 : 00110111;
    3E5A : 00111000;
    3E5B : 00111011;
    3E5C : 00111100;
    3E5D : 00111101;
    3E5E : 00111111;
    3E5F : 01000000;
    3E60 : 01000001;
    3E61 : 01000001;
    3E62 : 01000010;
    3E63 : 01000001;
    3E64 : 01000001;
    3E65 : 01000000;
    3E66 : 00111110;
    3E67 : 00111101;
    3E68 : 00111101;
    3E69 : 00111011;
    3E6A : 00111100;
    3E6B : 00111100;
    3E6C : 00111100;
    3E6D : 00111011;
    3E6E : 00111011;
    3E6F : 00111110;
    3E70 : 00011101;
    3E71 : 01001100;
    3E72 : 10011111;
    3E73 : 10010011;
    3E74 : 10010101;
    3E75 : 10010101;
    3E76 : 10010101;
    3E77 : 10010101;
    3E78 : 10010101;
    3E79 : 10010101;
    3E7A : 10010101;
    3E7B : 10010101;
    3E7C : 10010101;
    3E7D : 10010101;
    3E7E : 10010101;
    3E7F : 10010101;
    3E80 : 10010101;
    3E81 : 10010101;
    3E82 : 10010101;
    3E83 : 10010101;
    3E84 : 10010101;
    3E85 : 10010101;
    3E86 : 10010101;
    3E87 : 10010101;
    3E88 : 10010101;
    3E89 : 10010101;
    3E8A : 10010100;
    3E8B : 10011001;
    3E8C : 01111001;
    3E8D : 01000000;
    3E8E : 00101011;
    3E8F : 00100101;
    3E90 : 00100100;
    3E91 : 00100100;
    3E92 : 00100100;
    3E93 : 00100100;
    3E94 : 00100100;
    3E95 : 00100100;
    3E96 : 00100100;
    3E97 : 00100100;
    3E98 : 00100100;
    3E99 : 00100100;
    3E9A : 00100100;
    3E9B : 00100100;
    3E9C : 00100100;
    3E9D : 00100100;
    3E9E : 00100100;
    3E9F : 00100100;
    3EA0 : 00100100;
    3EA1 : 00100100;
    3EA2 : 00100100;
    3EA3 : 00100100;
    3EA4 : 00100100;
    3EA5 : 00100100;
    3EA6 : 00100100;
    3EA7 : 00100100;
    3EA8 : 00100100;
    3EA9 : 00100100;
    3EAA : 00100100;
    3EAB : 00100100;
    3EAC : 00100100;
    3EAD : 00100100;
    3EAE : 01010001;
    3EAF : 10010111;
    3EB0 : 10010101;
    3EB1 : 10010101;
    3EB2 : 10010101;
    3EB3 : 10010101;
    3EB4 : 10010101;
    3EB5 : 10010101;
    3EB6 : 10010101;
    3EB7 : 10010101;
    3EB8 : 10010101;
    3EB9 : 10010101;
    3EBA : 10010101;
    3EBB : 10010101;
    3EBC : 10011000;
    3EBD : 10000100;
    3EBE : 01000001;
    3EBF : 00100111;
    3EC0 : 00100011;
    3EC1 : 00100010;
    3EC2 : 00100001;
    3EC3 : 00100010;
    3EC4 : 00100001;
    3EC5 : 00100001;
    3EC6 : 00100001;
    3EC7 : 00100001;
    3EC8 : 00100001;
    3EC9 : 00100010;
    3ECA : 00100001;
    3ECB : 00100001;
    3ECC : 00100001;
    3ECD : 00100001;
    3ECE : 00100001;
    3ECF : 00100001;
    3ED0 : 00100001;
    3ED1 : 00100001;
    3ED2 : 00100001;
    3ED3 : 00100001;
    3ED4 : 00100001;
    3ED5 : 00100001;
    3ED6 : 00100010;
    3ED7 : 00100001;
    3ED8 : 00100001;
    3ED9 : 00100001;
    3EDA : 00100001;
    3EDB : 00100010;
    3EDC : 00100010;
    3EDD : 00100000;
    3EDE : 00100001;
    3EDF : 01010001;
    3EE0 : 10010111;
    3EE1 : 10010101;
    3EE2 : 10010101;
    3EE3 : 10010101;
    3EE4 : 10010101;
    3EE5 : 10010101;
    3EE6 : 10010101;
    3EE7 : 10010101;
    3EE8 : 10010101;
    3EE9 : 10010101;
    3EEA : 10010101;
    3EEB : 10010101;
    3EEC : 10010100;
    3EED : 10011000;
    3EEE : 01111111;
    3EEF : 00111100;
    3EF0 : 00100111;
    3EF1 : 00100100;
    3EF2 : 00100100;
    3EF3 : 00100011;
    3EF4 : 00100100;
    3EF5 : 00100100;
    3EF6 : 00100011;
    3EF7 : 00100100;
    3EF8 : 00100100;
    3EF9 : 00100011;
    3EFA : 00100011;
    3EFB : 00100011;
    3EFC : 00100011;
    3EFD : 00100011;
    3EFE : 00100011;
    3EFF : 00100011;
    3F00 : 00100011;
    3F01 : 00100011;
    3F02 : 00100011;
    3F03 : 00100100;
    3F04 : 00100011;
    3F05 : 00100011;
    3F06 : 00100011;
    3F07 : 00100011;
    3F08 : 00100011;
    3F09 : 00100011;
    3F0A : 00100011;
    3F0B : 00100011;
    3F0C : 00100011;
    3F0D : 00100011;
    3F0E : 00100100;
    3F0F : 00100011;
    3F10 : 00111101;
    3F11 : 10000111;
    3F12 : 10011000;
    3F13 : 10010101;
    3F14 : 10010101;
    3F15 : 10010101;
    3F16 : 10010101;
    3F17 : 10010101;
    3F18 : 10010101;
    3F19 : 10010101;
    3F1A : 10010101;
    3F1B : 10010101;
    3F1C : 10010101;
    3F1D : 10010101;
    3F1E : 10010101;
    3F1F : 10010101;
    3F20 : 10010100;
    3F21 : 10010011;
    3F22 : 10010011;
    3F23 : 10010100;
    3F24 : 10010100;
    3F25 : 10010100;
    3F26 : 10010011;
    3F27 : 10010100;
    3F28 : 10010011;
    3F29 : 10010011;
    3F2A : 10010100;
    3F2B : 10010011;
    3F2C : 10011000;
    3F2D : 10011011;
    3F2E : 10010100;
    3F2F : 10001111;
    3F30 : 10001110;
    3F31 : 10001110;
    3F32 : 10001110;
    3F33 : 10001110;
    3F34 : 10001110;
    3F35 : 10001110;
    3F36 : 10001110;
    3F37 : 10001110;
    3F38 : 10001110;
    3F39 : 10001110;
    3F3A : 10001110;
    3F3B : 10001110;
    3F3C : 10001110;
    3F3D : 10001110;
    3F3E : 10001110;
    3F3F : 10001110;
    3F40 : 10001110;
    3F41 : 10001110;
    3F42 : 10001110;
    3F43 : 10001110;
    3F44 : 10001110;
    3F45 : 10001110;
    3F46 : 10001111;
    3F47 : 10001110;
    3F48 : 10001110;
    3F49 : 10001110;
    3F4A : 10001110;
    3F4B : 10001110;
    3F4C : 10001110;
    3F4D : 10010001;
    3F4E : 10011001;
    3F4F : 10010100;
    3F50 : 10010011;
    3F51 : 10010100;
    3F52 : 10010100;
    3F53 : 10010011;
    3F54 : 10010011;
    3F55 : 10010011;
    3F56 : 10010011;
    3F57 : 10010011;
    3F58 : 10010011;
    3F59 : 10010011;
    3F5A : 10010011;
    3F5B : 10010011;
    3F5C : 10010011;
    3F5D : 10010111;
    3F5E : 10011010;
    3F5F : 10010010;
    3F60 : 10001101;
    3F61 : 10001100;
    3F62 : 10001100;
    3F63 : 10001101;
    3F64 : 10001100;
    3F65 : 10001100;
    3F66 : 10001100;
    3F67 : 10001100;
    3F68 : 10001100;
    3F69 : 10001100;
    3F6A : 10001101;
    3F6B : 10001101;
    3F6C : 10001100;
    3F6D : 10001100;
    3F6E : 10001100;
    3F6F : 10001100;
    3F70 : 10001100;
    3F71 : 10001100;
    3F72 : 10001101;
    3F73 : 10001101;
    3F74 : 10001100;
    3F75 : 10001100;
    3F76 : 10001101;
    3F77 : 10001100;
    3F78 : 10001100;
    3F79 : 10001100;
    3F7A : 10001100;
    3F7B : 10001100;
    3F7C : 10001100;
    3F7D : 10001010;
    3F7E : 10001111;
    3F7F : 10011001;
    3F80 : 10010100;
    3F81 : 10010011;
    3F82 : 10010011;
    3F83 : 10010011;
    3F84 : 10010011;
    3F85 : 10010011;
    3F86 : 10010011;
    3F87 : 10010011;
    3F88 : 10010011;
    3F89 : 10010011;
    3F8A : 10010011;
    3F8B : 10010011;
    3F8C : 10010100;
    3F8D : 10010011;
    3F8E : 10010111;
    3F8F : 10011010;
    3F90 : 10010010;
    3F91 : 10001110;
    3F92 : 10001110;
    3F93 : 10001110;
    3F94 : 10001110;
    3F95 : 10001110;
    3F96 : 10001110;
    3F97 : 10001110;
    3F98 : 10001101;
    3F99 : 10001101;
    3F9A : 10001110;
    3F9B : 10001110;
    3F9C : 10001110;
    3F9D : 10001110;
    3F9E : 10001110;
    3F9F : 10001101;
    3FA0 : 10001101;
    3FA1 : 10001101;
    3FA2 : 10001110;
    3FA3 : 10001110;
    3FA4 : 10001110;
    3FA5 : 10001110;
    3FA6 : 10001110;
    3FA7 : 10001110;
    3FA8 : 10001110;
    3FA9 : 10001110;
    3FAA : 10001110;
    3FAB : 10001110;
    3FAC : 10001110;
    3FAD : 10001110;
    3FAE : 10001110;
    3FAF : 10001111;
    3FB0 : 10011010;
    3FB1 : 10010111;
    3FB2 : 10010010;
    3FB3 : 10010011;
    3FB4 : 10010011;
    3FB5 : 10010011;
    3FB6 : 10010011;
    3FB7 : 10010011;
    3FB8 : 10010011;
    3FB9 : 10010011;
    3FBA : 10010100;
    3FBB : 10010011;
    3FBC : 10010011;
    3FBD : 10010011;
    3FBE : 10010011;
    3FBF : 10010011;
    3FC0 : 10011111;
    3FC1 : 10011111;
    3FC2 : 10011111;
    3FC3 : 10011111;
    3FC4 : 10011111;
    3FC5 : 10011111;
    3FC6 : 10011111;
    3FC7 : 10011111;
    3FC8 : 10011111;
    3FC9 : 10011111;
    3FCA : 10011111;
    3FCB : 10011111;
    3FCC : 10011110;
    3FCD : 10011101;
    3FCE : 10011111;
    3FCF : 10100000;
    3FD0 : 10100001;
    3FD1 : 10100001;
    3FD2 : 10100000;
    3FD3 : 10100001;
    3FD4 : 10100001;
    3FD5 : 10100001;
    3FD6 : 10100001;
    3FD7 : 10100001;
    3FD8 : 10100001;
    3FD9 : 10100001;
    3FDA : 10100001;
    3FDB : 10100001;
    3FDC : 10100001;
    3FDD : 10100001;
    3FDE : 10100001;
    3FDF : 10100001;
    3FE0 : 10100001;
    3FE1 : 10100001;
    3FE2 : 10100001;
    3FE3 : 10100001;
    3FE4 : 10100001;
    3FE5 : 10100001;
    3FE6 : 10100001;
    3FE7 : 10100001;
    3FE8 : 10100001;
    3FE9 : 10100001;
    3FEA : 10100001;
    3FEB : 10100001;
    3FEC : 10100001;
    3FED : 10100000;
    3FEE : 10011110;
    3FEF : 10011111;
    3FF0 : 10011111;
    3FF1 : 10011111;
    3FF2 : 10011111;
    3FF3 : 10011111;
    3FF4 : 10011111;
    3FF5 : 10011111;
    3FF6 : 10011111;
    3FF7 : 10011111;
    3FF8 : 10011111;
    3FF9 : 10011111;
    3FFA : 10011111;
    3FFB : 10011111;
    3FFC : 10011111;
    3FFD : 10011110;
    3FFE : 10011101;
    3FFF : 10100000;
    4000 : 10100001;
    4001 : 10100001;
    4002 : 10100001;
    4003 : 10100001;
    4004 : 10100001;
    4005 : 10100001;
    4006 : 10100001;
    4007 : 10100001;
    4008 : 10100001;
    4009 : 10100001;
    400A : 10100001;
    400B : 10100001;
    400C : 10100001;
    400D : 10100001;
    400E : 10100001;
    400F : 10100001;
    4010 : 10100001;
    4011 : 10100001;
    4012 : 10100001;
    4013 : 10100001;
    4014 : 10100001;
    4015 : 10100001;
    4016 : 10100001;
    4017 : 10100001;
    4018 : 10100001;
    4019 : 10100001;
    401A : 10100001;
    401B : 10100001;
    401C : 10100001;
    401D : 10100001;
    401E : 10100001;
    401F : 10011101;
    4020 : 10011111;
    4021 : 10011111;
    4022 : 10011111;
    4023 : 10011111;
    4024 : 10011111;
    4025 : 10011111;
    4026 : 10011111;
    4027 : 10011111;
    4028 : 10011111;
    4029 : 10011111;
    402A : 10011111;
    402B : 10011111;
    402C : 10011111;
    402D : 10011111;
    402E : 10011110;
    402F : 10011101;
    4030 : 10100000;
    4031 : 10100001;
    4032 : 10100001;
    4033 : 10100001;
    4034 : 10100001;
    4035 : 10100001;
    4036 : 10100001;
    4037 : 10100001;
    4038 : 10100001;
    4039 : 10100001;
    403A : 10100001;
    403B : 10100001;
    403C : 10100001;
    403D : 10100001;
    403E : 10100001;
    403F : 10100001;
    4040 : 10100001;
    4041 : 10100001;
    4042 : 10100001;
    4043 : 10100001;
    4044 : 10100001;
    4045 : 10100001;
    4046 : 10100001;
    4047 : 10100001;
    4048 : 10100001;
    4049 : 10100001;
    404A : 10100001;
    404B : 10100001;
    404C : 10100001;
    404D : 10100001;
    404E : 10100001;
    404F : 10100001;
    4050 : 10011101;
    4051 : 10011110;
    4052 : 10011111;
    4053 : 10011111;
    4054 : 10011111;
    4055 : 10011111;
    4056 : 10011111;
    4057 : 10011111;
    4058 : 10011111;
    4059 : 10011111;
    405A : 10011111;
    405B : 10011111;
    405C : 10011111;
    405D : 10011111;
    405E : 10011111;
    405F : 10011111;
    4060 : 01011110;
    4061 : 01011110;
    4062 : 01011111;
    4063 : 01011110;
    4064 : 01011110;
    4065 : 01011110;
    4066 : 01011111;
    4067 : 01011110;
    4068 : 01011110;
    4069 : 01011110;
    406A : 01011110;
    406B : 01011110;
    406C : 01011110;
    406D : 01011110;
    406E : 01011110;
    406F : 01011110;
    4070 : 01011101;
    4071 : 01011101;
    4072 : 01011110;
    4073 : 01011110;
    4074 : 01011110;
    4075 : 01011110;
    4076 : 01011110;
    4077 : 01011110;
    4078 : 01011110;
    4079 : 01011110;
    407A : 01011110;
    407B : 01011110;
    407C : 01011110;
    407D : 01011110;
    407E : 01011110;
    407F : 01011110;
    4080 : 01011110;
    4081 : 01011110;
    4082 : 01011110;
    4083 : 01011110;
    4084 : 01011110;
    4085 : 01011110;
    4086 : 01011110;
    4087 : 01011110;
    4088 : 01011110;
    4089 : 01011110;
    408A : 01011110;
    408B : 01011110;
    408C : 01011110;
    408D : 01011101;
    408E : 01011110;
    408F : 01011110;
    4090 : 01011110;
    4091 : 01011110;
    4092 : 01011110;
    4093 : 01011110;
    4094 : 01011111;
    4095 : 01011111;
    4096 : 01011111;
    4097 : 01011110;
    4098 : 01011110;
    4099 : 01011111;
    409A : 01011110;
    409B : 01011111;
    409C : 01011110;
    409D : 01011110;
    409E : 01011110;
    409F : 01011110;
    40A0 : 01011110;
    40A1 : 01011110;
    40A2 : 01011110;
    40A3 : 01011101;
    40A4 : 01011110;
    40A5 : 01011110;
    40A6 : 01011110;
    40A7 : 01011110;
    40A8 : 01011110;
    40A9 : 01011110;
    40AA : 01011110;
    40AB : 01011110;
    40AC : 01011101;
    40AD : 01011110;
    40AE : 01011110;
    40AF : 01011110;
    40B0 : 01011110;
    40B1 : 01011110;
    40B2 : 01011110;
    40B3 : 01011110;
    40B4 : 01011110;
    40B5 : 01011110;
    40B6 : 01011110;
    40B7 : 01011110;
    40B8 : 01011110;
    40B9 : 01011101;
    40BA : 01011101;
    40BB : 01011110;
    40BC : 01011110;
    40BD : 01011110;
    40BE : 01011110;
    40BF : 01011110;
    40C0 : 01011111;
    40C1 : 01011110;
    40C2 : 01011111;
    40C3 : 01011111;
    40C4 : 01011111;
    40C5 : 01011111;
    40C6 : 01011110;
    40C7 : 01011111;
    40C8 : 01011111;
    40C9 : 01011111;
    40CA : 01011111;
    40CB : 01011111;
    40CC : 01011110;
    40CD : 01011110;
    40CE : 01011110;
    40CF : 01011110;
    40D0 : 01011110;
    40D1 : 01011110;
    40D2 : 01011101;
    40D3 : 01011101;
    40D4 : 01011101;
    40D5 : 01011110;
    40D6 : 01011101;
    40D7 : 01011110;
    40D8 : 01011110;
    40D9 : 01011101;
    40DA : 01011101;
    40DB : 01011101;
    40DC : 01011101;
    40DD : 01011101;
    40DE : 01011101;
    40DF : 01011101;
    40E0 : 01011101;
    40E1 : 01011101;
    40E2 : 01011101;
    40E3 : 01011101;
    40E4 : 01011110;
    40E5 : 01011101;
    40E6 : 01011101;
    40E7 : 01011101;
    40E8 : 01011101;
    40E9 : 01011101;
    40EA : 01011101;
    40EB : 01011110;
    40EC : 01011110;
    40ED : 01011110;
    40EE : 01011110;
    40EF : 01011110;
    40F0 : 01011110;
    40F1 : 01011110;
    40F2 : 01011110;
    40F3 : 01011110;
    40F4 : 01011110;
    40F5 : 01011110;
    40F6 : 01011110;
    40F7 : 01011111;
    40F8 : 01011111;
    40F9 : 01011110;
    40FA : 01011111;
    40FB : 01011110;
    40FC : 01011111;
    40FD : 01011110;
    40FE : 01011110;
    40FF : 01011110;
    4100 : 00110100;
    4101 : 00110011;
    4102 : 00110100;
    4103 : 00110100;
    4104 : 00110100;
    4105 : 00110100;
    4106 : 00110100;
    4107 : 00110100;
    4108 : 00110011;
    4109 : 00110100;
    410A : 00110011;
    410B : 00110100;
    410C : 00110011;
    410D : 00110011;
    410E : 00110100;
    410F : 00110011;
    4110 : 00110011;
    4111 : 00110011;
    4112 : 00110100;
    4113 : 00110011;
    4114 : 00110100;
    4115 : 00110011;
    4116 : 00110011;
    4117 : 00110100;
    4118 : 00110100;
    4119 : 00110100;
    411A : 00110100;
    411B : 00110011;
    411C : 00110011;
    411D : 00110100;
    411E : 00110100;
    411F : 00110100;
    4120 : 00110100;
    4121 : 00110100;
    4122 : 00110011;
    4123 : 00110100;
    4124 : 00110011;
    4125 : 00110011;
    4126 : 00110100;
    4127 : 00110100;
    4128 : 00110100;
    4129 : 00110100;
    412A : 00110100;
    412B : 00110100;
    412C : 00110011;
    412D : 00110011;
    412E : 00110011;
    412F : 00110011;
    4130 : 00110011;
    4131 : 00110011;
    4132 : 00110011;
    4133 : 00110011;
    4134 : 00110011;
    4135 : 00110100;
    4136 : 00110011;
    4137 : 00110011;
    4138 : 00110011;
    4139 : 00110011;
    413A : 00110011;
    413B : 00110011;
    413C : 00110011;
    413D : 00110011;
    413E : 00110100;
    413F : 00110011;
    4140 : 00110100;
    4141 : 00110100;
    4142 : 00110011;
    4143 : 00110011;
    4144 : 00110011;
    4145 : 00110011;
    4146 : 00110100;
    4147 : 00110011;
    4148 : 00110011;
    4149 : 00110100;
    414A : 00110011;
    414B : 00110011;
    414C : 00110011;
    414D : 00110011;
    414E : 00110100;
    414F : 00110100;
    4150 : 00110011;
    4151 : 00110100;
    4152 : 00110011;
    4153 : 00110100;
    4154 : 00110100;
    4155 : 00110100;
    4156 : 00110011;
    4157 : 00110011;
    4158 : 00110100;
    4159 : 00110100;
    415A : 00110011;
    415B : 00110100;
    415C : 00110011;
    415D : 00110011;
    415E : 00110011;
    415F : 00110011;
    4160 : 00110100;
    4161 : 00110011;
    4162 : 00110100;
    4163 : 00110100;
    4164 : 00110011;
    4165 : 00110100;
    4166 : 00110011;
    4167 : 00110011;
    4168 : 00110011;
    4169 : 00110100;
    416A : 00110100;
    416B : 00110011;
    416C : 00110011;
    416D : 00110011;
    416E : 00110011;
    416F : 00110011;
    4170 : 00110011;
    4171 : 00110011;
    4172 : 00110011;
    4173 : 00110011;
    4174 : 00110011;
    4175 : 00110100;
    4176 : 00110011;
    4177 : 00110011;
    4178 : 00110100;
    4179 : 00110100;
    417A : 00110011;
    417B : 00110011;
    417C : 00110011;
    417D : 00110011;
    417E : 00110011;
    417F : 00110100;
    4180 : 00110011;
    4181 : 00110011;
    4182 : 00110011;
    4183 : 00110011;
    4184 : 00110100;
    4185 : 00110011;
    4186 : 00110011;
    4187 : 00110011;
    4188 : 00110011;
    4189 : 00110011;
    418A : 00110011;
    418B : 00110011;
    418C : 00110100;
    418D : 00110100;
    418E : 00110011;
    418F : 00110011;
    4190 : 00110011;
    4191 : 00110011;
    4192 : 00110011;
    4193 : 00110011;
    4194 : 00110011;
    4195 : 00110011;
    4196 : 00110011;
    4197 : 00110011;
    4198 : 00110011;
    4199 : 00110011;
    419A : 00110011;
    419B : 00110011;
    419C : 00110011;
    419D : 00110100;
    419E : 00110011;
    419F : 00110100;
    41A0 : 11111010;
    41A1 : 11111010;
    41A2 : 11111010;
    41A3 : 11111010;
    41A4 : 11111010;
    41A5 : 11111010;
    41A6 : 11111010;
    41A7 : 11111010;
    41A8 : 11111010;
    41A9 : 11111010;
    41AA : 11111010;
    41AB : 11111010;
    41AC : 11111010;
    41AD : 11111010;
    41AE : 11111010;
    41AF : 11111010;
    41B0 : 11111010;
    41B1 : 11111010;
    41B2 : 11111010;
    41B3 : 11111010;
    41B4 : 11111010;
    41B5 : 11111010;
    41B6 : 11111010;
    41B7 : 11111010;
    41B8 : 11111010;
    41B9 : 11111010;
    41BA : 11111010;
    41BB : 11111010;
    41BC : 11111010;
    41BD : 11111010;
    41BE : 11111010;
    41BF : 11111010;
    41C0 : 11111010;
    41C1 : 11111010;
    41C2 : 11111010;
    41C3 : 11111010;
    41C4 : 11111010;
    41C5 : 11111010;
    41C6 : 11111010;
    41C7 : 11111010;
    41C8 : 11111010;
    41C9 : 11111010;
    41CA : 11111010;
    41CB : 11111010;
    41CC : 11111010;
    41CD : 11111010;
    41CE : 11111010;
    41CF : 11111010;
    41D0 : 11111010;
    41D1 : 11111010;
    41D2 : 11111010;
    41D3 : 11111010;
    41D4 : 11111010;
    41D5 : 11111010;
    41D6 : 11111010;
    41D7 : 11111010;
    41D8 : 11111010;
    41D9 : 11111010;
    41DA : 11111010;
    41DB : 11111010;
    41DC : 11111010;
    41DD : 11111010;
    41DE : 11111010;
    41DF : 11111010;
    41E0 : 11111010;
    41E1 : 11111010;
    41E2 : 11111010;
    41E3 : 11111010;
    41E4 : 11111010;
    41E5 : 11111010;
    41E6 : 11111010;
    41E7 : 11111010;
    41E8 : 11111010;
    41E9 : 11111010;
    41EA : 11111010;
    41EB : 11111010;
    41EC : 11111010;
    41ED : 11111010;
    41EE : 11111010;
    41EF : 11111010;
    41F0 : 11111010;
    41F1 : 11111010;
    41F2 : 11111010;
    41F3 : 11111010;
    41F4 : 11111010;
    41F5 : 11111010;
    41F6 : 11111010;
    41F7 : 11111010;
    41F8 : 11111010;
    41F9 : 11111010;
    41FA : 11111010;
    41FB : 11111010;
    41FC : 11111010;
    41FD : 11111010;
    41FE : 11111010;
    41FF : 11111010;
    4200 : 11111010;
    4201 : 11111010;
    4202 : 11111010;
    4203 : 11111010;
    4204 : 11111010;
    4205 : 11111010;
    4206 : 11111010;
    4207 : 11111010;
    4208 : 11111010;
    4209 : 11111010;
    420A : 11111010;
    420B : 11111010;
    420C : 11111010;
    420D : 11111010;
    420E : 11111010;
    420F : 11111010;
    4210 : 11111010;
    4211 : 11111010;
    4212 : 11111010;
    4213 : 11111010;
    4214 : 11111010;
    4215 : 11111010;
    4216 : 11111010;
    4217 : 11111010;
    4218 : 11111010;
    4219 : 11111010;
    421A : 11111010;
    421B : 11111010;
    421C : 11111010;
    421D : 11111010;
    421E : 11111010;
    421F : 11111010;
    4220 : 11111010;
    4221 : 11111010;
    4222 : 11111010;
    4223 : 11111010;
    4224 : 11111010;
    4225 : 11111010;
    4226 : 11111010;
    4227 : 11111010;
    4228 : 11111010;
    4229 : 11111010;
    422A : 11111010;
    422B : 11111010;
    422C : 11111010;
    422D : 11111010;
    422E : 11111010;
    422F : 11111010;
    4230 : 11111010;
    4231 : 11111010;
    4232 : 11111010;
    4233 : 11111010;
    4234 : 11111010;
    4235 : 11111010;
    4236 : 11111010;
    4237 : 11111010;
    4238 : 11111010;
    4239 : 11111010;
    423A : 11111010;
    423B : 11111010;
    423C : 11111010;
    423D : 11111010;
    423E : 11111010;
    423F : 11111010;
    4240 : 11111011;
    4241 : 11111011;
    4242 : 11111011;
    4243 : 11111100;
    4244 : 11111100;
    4245 : 11111100;
    4246 : 11111011;
    4247 : 11111100;
    4248 : 11111100;
    4249 : 11111100;
    424A : 11111100;
    424B : 11111100;
    424C : 11111011;
    424D : 11111100;
    424E : 11111100;
    424F : 11111100;
    4250 : 11111100;
    4251 : 11111100;
    4252 : 11111100;
    4253 : 11111100;
    4254 : 11111100;
    4255 : 11111100;
    4256 : 11111100;
    4257 : 11111011;
    4258 : 11111100;
    4259 : 11111100;
    425A : 11111100;
    425B : 11111011;
    425C : 11111100;
    425D : 11111100;
    425E : 11111100;
    425F : 11111100;
    4260 : 11111100;
    4261 : 11111011;
    4262 : 11111011;
    4263 : 11111011;
    4264 : 11111011;
    4265 : 11111100;
    4266 : 11111100;
    4267 : 11111100;
    4268 : 11111011;
    4269 : 11111011;
    426A : 11111100;
    426B : 11111100;
    426C : 11111011;
    426D : 11111100;
    426E : 11111100;
    426F : 11111100;
    4270 : 11111100;
    4271 : 11111011;
    4272 : 11111100;
    4273 : 11111100;
    4274 : 11111100;
    4275 : 11111011;
    4276 : 11111011;
    4277 : 11111100;
    4278 : 11111100;
    4279 : 11111100;
    427A : 11111100;
    427B : 11111100;
    427C : 11111100;
    427D : 11111100;
    427E : 11111100;
    427F : 11111100;
    4280 : 11111100;
    4281 : 11111100;
    4282 : 11111100;
    4283 : 11111100;
    4284 : 11111100;
    4285 : 11111100;
    4286 : 11111100;
    4287 : 11111100;
    4288 : 11111100;
    4289 : 11111011;
    428A : 11111100;
    428B : 11111100;
    428C : 11111100;
    428D : 11111100;
    428E : 11111011;
    428F : 11111100;
    4290 : 11111100;
    4291 : 11111100;
    4292 : 11111100;
    4293 : 11111100;
    4294 : 11111100;
    4295 : 11111011;
    4296 : 11111100;
    4297 : 11111011;
    4298 : 11111011;
    4299 : 11111100;
    429A : 11111100;
    429B : 11111011;
    429C : 11111100;
    429D : 11111100;
    429E : 11111100;
    429F : 11111100;
    42A0 : 11111011;
    42A1 : 11111011;
    42A2 : 11111011;
    42A3 : 11111100;
    42A4 : 11111100;
    42A5 : 11111011;
    42A6 : 11111100;
    42A7 : 11111100;
    42A8 : 11111011;
    42A9 : 11111100;
    42AA : 11111100;
    42AB : 11111011;
    42AC : 11111011;
    42AD : 11111011;
    42AE : 11111011;
    42AF : 11111100;
    42B0 : 11111011;
    42B1 : 11111100;
    42B2 : 11111011;
    42B3 : 11111100;
    42B4 : 11111100;
    42B5 : 11111011;
    42B6 : 11111011;
    42B7 : 11111100;
    42B8 : 11111100;
    42B9 : 11111011;
    42BA : 11111100;
    42BB : 11111100;
    42BC : 11111100;
    42BD : 11111100;
    42BE : 11111100;
    42BF : 11111100;
    42C0 : 11111100;
    42C1 : 11111100;
    42C2 : 11111100;
    42C3 : 11111100;
    42C4 : 11111100;
    42C5 : 11111100;
    42C6 : 11111100;
    42C7 : 11111100;
    42C8 : 11111100;
    42C9 : 11111100;
    42CA : 11111100;
    42CB : 11111100;
    42CC : 11111100;
    42CD : 11111100;
    42CE : 11111100;
    42CF : 11111100;
    42D0 : 11111100;
    42D1 : 11111100;
    42D2 : 11111011;
    42D3 : 11111100;
    42D4 : 11111100;
    42D5 : 11111100;
    42D6 : 11111100;
    42D7 : 11111011;
    42D8 : 11111100;
    42D9 : 11111011;
    42DA : 11111011;
    42DB : 11111011;
    42DC : 11111100;
    42DD : 11111100;
    42DE : 11111011;
    42DF : 11111100;
    42E0 : 11111010;
    42E1 : 11111010;
    42E2 : 11111010;
    42E3 : 11111010;
    42E4 : 11111010;
    42E5 : 11111010;
    42E6 : 11111010;
    42E7 : 11111010;
    42E8 : 11111010;
    42E9 : 11111010;
    42EA : 11111010;
    42EB : 11111010;
    42EC : 11111010;
    42ED : 11111010;
    42EE : 11111010;
    42EF : 11111010;
    42F0 : 11111010;
    42F1 : 11111010;
    42F2 : 11111010;
    42F3 : 11111010;
    42F4 : 11111010;
    42F5 : 11111010;
    42F6 : 11111010;
    42F7 : 11111010;
    42F8 : 11111010;
    42F9 : 11111010;
    42FA : 11111010;
    42FB : 11111010;
    42FC : 11111010;
    42FD : 11111010;
    42FE : 11111010;
    42FF : 11111010;
    4300 : 11111010;
    4301 : 11111010;
    4302 : 11111010;
    4303 : 11111010;
    4304 : 11111010;
    4305 : 11111010;
    4306 : 11111010;
    4307 : 11111010;
    4308 : 11111010;
    4309 : 11111010;
    430A : 11111010;
    430B : 11111010;
    430C : 11111010;
    430D : 11111010;
    430E : 11111010;
    430F : 11111010;
    4310 : 11111010;
    4311 : 11111010;
    4312 : 11111010;
    4313 : 11111010;
    4314 : 11111010;
    4315 : 11111010;
    4316 : 11111010;
    4317 : 11111010;
    4318 : 11111010;
    4319 : 11111010;
    431A : 11111010;
    431B : 11111010;
    431C : 11111010;
    431D : 11111010;
    431E : 11111010;
    431F : 11111010;
    4320 : 11111010;
    4321 : 11111010;
    4322 : 11111010;
    4323 : 11111010;
    4324 : 11111010;
    4325 : 11111010;
    4326 : 11111010;
    4327 : 11111010;
    4328 : 11111010;
    4329 : 11111010;
    432A : 11111010;
    432B : 11111010;
    432C : 11111010;
    432D : 11111010;
    432E : 11111010;
    432F : 11111010;
    4330 : 11111010;
    4331 : 11111010;
    4332 : 11111010;
    4333 : 11111010;
    4334 : 11111010;
    4335 : 11111010;
    4336 : 11111010;
    4337 : 11111010;
    4338 : 11111010;
    4339 : 11111010;
    433A : 11111010;
    433B : 11111010;
    433C : 11111010;
    433D : 11111010;
    433E : 11111010;
    433F : 11111010;
    4340 : 11111010;
    4341 : 11111010;
    4342 : 11111010;
    4343 : 11111010;
    4344 : 11111010;
    4345 : 11111010;
    4346 : 11111010;
    4347 : 11111010;
    4348 : 11111010;
    4349 : 11111010;
    434A : 11111010;
    434B : 11111010;
    434C : 11111010;
    434D : 11111010;
    434E : 11111010;
    434F : 11111010;
    4350 : 11111010;
    4351 : 11111010;
    4352 : 11111010;
    4353 : 11111010;
    4354 : 11111010;
    4355 : 11111010;
    4356 : 11111010;
    4357 : 11111010;
    4358 : 11111010;
    4359 : 11111010;
    435A : 11111010;
    435B : 11111010;
    435C : 11111010;
    435D : 11111010;
    435E : 11111010;
    435F : 11111010;
    4360 : 11111010;
    4361 : 11111010;
    4362 : 11111010;
    4363 : 11111010;
    4364 : 11111010;
    4365 : 11111010;
    4366 : 11111010;
    4367 : 11111010;
    4368 : 11111010;
    4369 : 11111010;
    436A : 11111010;
    436B : 11111010;
    436C : 11111010;
    436D : 11111010;
    436E : 11111010;
    436F : 11111010;
    4370 : 11111010;
    4371 : 11111010;
    4372 : 11111010;
    4373 : 11111010;
    4374 : 11111010;
    4375 : 11111010;
    4376 : 11111010;
    4377 : 11111010;
    4378 : 11111010;
    4379 : 11111010;
    437A : 11111010;
    437B : 11111010;
    437C : 11111010;
    437D : 11111010;
    437E : 11111010;
    437F : 11111010;
    4380 : 11111011;
    4381 : 11111011;
    4382 : 11111011;
    4383 : 11111011;
    4384 : 11111010;
    4385 : 11111011;
    4386 : 11111011;
    4387 : 11111011;
    4388 : 11111011;
    4389 : 11111011;
    438A : 11111011;
    438B : 11111010;
    438C : 11111010;
    438D : 11111011;
    438E : 11111011;
    438F : 11111011;
    4390 : 11111011;
    4391 : 11111011;
    4392 : 11111011;
    4393 : 11111011;
    4394 : 11111011;
    4395 : 11111011;
    4396 : 11111011;
    4397 : 11111010;
    4398 : 11111011;
    4399 : 11111011;
    439A : 11111011;
    439B : 11111011;
    439C : 11111011;
    439D : 11111011;
    439E : 11111011;
    439F : 11111011;
    43A0 : 11111011;
    43A1 : 11111011;
    43A2 : 11111011;
    43A3 : 11111011;
    43A4 : 11111011;
    43A5 : 11111011;
    43A6 : 11111011;
    43A7 : 11111011;
    43A8 : 11111011;
    43A9 : 11111011;
    43AA : 11111011;
    43AB : 11111011;
    43AC : 11111011;
    43AD : 11111011;
    43AE : 11111011;
    43AF : 11111011;
    43B0 : 11111011;
    43B1 : 11111011;
    43B2 : 11111011;
    43B3 : 11111011;
    43B4 : 11111011;
    43B5 : 11111010;
    43B6 : 11111011;
    43B7 : 11111011;
    43B8 : 11111010;
    43B9 : 11111011;
    43BA : 11111011;
    43BB : 11111011;
    43BC : 11111011;
    43BD : 11111011;
    43BE : 11111011;
    43BF : 11111011;
    43C0 : 11111011;
    43C1 : 11111011;
    43C2 : 11111011;
    43C3 : 11111010;
    43C4 : 11111011;
    43C5 : 11111011;
    43C6 : 11111011;
    43C7 : 11111011;
    43C8 : 11111011;
    43C9 : 11111011;
    43CA : 11111011;
    43CB : 11111011;
    43CC : 11111011;
    43CD : 11111011;
    43CE : 11111011;
    43CF : 11111011;
    43D0 : 11111011;
    43D1 : 11111011;
    43D2 : 11111011;
    43D3 : 11111010;
    43D4 : 11111011;
    43D5 : 11111011;
    43D6 : 11111011;
    43D7 : 11111011;
    43D8 : 11111011;
    43D9 : 11111011;
    43DA : 11111011;
    43DB : 11111011;
    43DC : 11111011;
    43DD : 11111011;
    43DE : 11111011;
    43DF : 11111011;
    43E0 : 11111011;
    43E1 : 11111011;
    43E2 : 11111011;
    43E3 : 11111010;
    43E4 : 11111010;
    43E5 : 11111011;
    43E6 : 11111011;
    43E7 : 11111010;
    43E8 : 11111011;
    43E9 : 11111011;
    43EA : 11111011;
    43EB : 11111011;
    43EC : 11111011;
    43ED : 11111011;
    43EE : 11111011;
    43EF : 11111010;
    43F0 : 11111011;
    43F1 : 11111011;
    43F2 : 11111011;
    43F3 : 11111011;
    43F4 : 11111011;
    43F5 : 11111011;
    43F6 : 11111011;
    43F7 : 11111011;
    43F8 : 11111011;
    43F9 : 11111011;
    43FA : 11111011;
    43FB : 11111011;
    43FC : 11111011;
    43FD : 11111011;
    43FE : 11111011;
    43FF : 11111011;
    4400 : 11111011;
    4401 : 11111011;
    4402 : 11111011;
    4403 : 11111011;
    4404 : 11111011;
    4405 : 11111011;
    4406 : 11111011;
    4407 : 11111011;
    4408 : 11111011;
    4409 : 11111010;
    440A : 11111011;
    440B : 11111011;
    440C : 11111011;
    440D : 11111011;
    440E : 11111011;
    440F : 11111011;
    4410 : 11111011;
    4411 : 11111011;
    4412 : 11111011;
    4413 : 11111011;
    4414 : 11111011;
    4415 : 11111011;
    4416 : 11111011;
    4417 : 11111011;
    4418 : 11111010;
    4419 : 11111011;
    441A : 11111011;
    441B : 11111011;
    441C : 11111011;
    441D : 11111011;
    441E : 11111011;
    441F : 11111011;
    4420 : 11111011;
    4421 : 11111011;
    4422 : 11111011;
    4423 : 11111011;
    4424 : 11111011;
    4425 : 11111011;
    4426 : 11111011;
    4427 : 11111011;
    4428 : 11111011;
    4429 : 11111011;
    442A : 11111011;
    442B : 11111011;
    442C : 11111010;
    442D : 11111011;
    442E : 11111011;
    442F : 11111011;
    4430 : 11111011;
    4431 : 11111011;
    4432 : 11111011;
    4433 : 11111011;
    4434 : 11111011;
    4435 : 11111011;
    4436 : 11111011;
    4437 : 11111011;
    4438 : 11111011;
    4439 : 11111011;
    443A : 11111011;
    443B : 11111011;
    443C : 11111011;
    443D : 11111011;
    443E : 11111011;
    443F : 11111011;
    4440 : 11111011;
    4441 : 11111010;
    4442 : 11111010;
    4443 : 11111011;
    4444 : 11111011;
    4445 : 11111011;
    4446 : 11111011;
    4447 : 11111011;
    4448 : 11111011;
    4449 : 11111011;
    444A : 11111011;
    444B : 11111011;
    444C : 11111011;
    444D : 11111011;
    444E : 11111011;
    444F : 11111011;
    4450 : 11111011;
    4451 : 11111011;
    4452 : 11111011;
    4453 : 11111011;
    4454 : 11111011;
    4455 : 11111011;
    4456 : 11111011;
    4457 : 11111011;
    4458 : 11111011;
    4459 : 11111011;
    445A : 11111011;
    445B : 11111011;
    445C : 11111011;
    445D : 11111011;
    445E : 11111011;
    445F : 11111011;
    4460 : 11111011;
    4461 : 11111011;
    4462 : 11111011;
    4463 : 11111011;
    4464 : 11111011;
    4465 : 11111011;
    4466 : 11111011;
    4467 : 11111011;
    4468 : 11111011;
    4469 : 11111011;
    446A : 11111011;
    446B : 11111011;
    446C : 11111011;
    446D : 11111011;
    446E : 11111011;
    446F : 11111011;
    4470 : 11111011;
    4471 : 11111011;
    4472 : 11111011;
    4473 : 11111011;
    4474 : 11111011;
    4475 : 11111011;
    4476 : 11111011;
    4477 : 11111011;
    4478 : 11111011;
    4479 : 11111011;
    447A : 11111011;
    447B : 11111011;
    447C : 11111011;
    447D : 11111011;
    447E : 11111011;
    447F : 11111011;
    4480 : 11111011;
    4481 : 11111011;
    4482 : 11111011;
    4483 : 11111010;
    4484 : 11111011;
    4485 : 11111011;
    4486 : 11111011;
    4487 : 11111011;
    4488 : 11111011;
    4489 : 11111011;
    448A : 11111011;
    448B : 11111011;
    448C : 11111011;
    448D : 11111011;
    448E : 11111011;
    448F : 11111011;
    4490 : 11111011;
    4491 : 11111011;
    4492 : 11111011;
    4493 : 11111011;
    4494 : 11111011;
    4495 : 11111011;
    4496 : 11111011;
    4497 : 11111011;
    4498 : 11111011;
    4499 : 11111011;
    449A : 11111011;
    449B : 11111011;
    449C : 11111011;
    449D : 11111011;
    449E : 11111011;
    449F : 11111011;
    44A0 : 11111011;
    44A1 : 11111011;
    44A2 : 11111011;
    44A3 : 11111011;
    44A4 : 11111011;
    44A5 : 11111011;
    44A6 : 11111011;
    44A7 : 11111011;
    44A8 : 11111011;
    44A9 : 11111011;
    44AA : 11111011;
    44AB : 11111011;
    44AC : 11111011;
    44AD : 11111011;
    44AE : 11111011;
    44AF : 11111011;
    44B0 : 11111011;
    44B1 : 11111011;
    44B2 : 11111011;
    44B3 : 11111010;
    44B4 : 11111011;
    44B5 : 11111011;
    44B6 : 11111011;
    44B7 : 11111011;
    44B8 : 11111011;
    44B9 : 11111011;
    44BA : 11111011;
    44BB : 11111011;
    44BC : 11111011;
    44BD : 11111011;
    44BE : 11111011;
    44BF : 11111011;
    44C0 : 11111011;
    44C1 : 11111011;
    44C2 : 11111011;
    44C3 : 11111010;
    44C4 : 11111011;
    44C5 : 11111011;
    44C6 : 11111011;
    44C7 : 11111011;
    44C8 : 11111011;
    44C9 : 11111011;
    44CA : 11111011;
    44CB : 11111011;
    44CC : 11111011;
    44CD : 11111011;
    44CE : 11111011;
    44CF : 11111011;
    44D0 : 11111011;
    44D1 : 11111011;
    44D2 : 11111011;
    44D3 : 11111011;
    44D4 : 11111011;
    44D5 : 11111011;
    44D6 : 11111011;
    44D7 : 11111011;
    44D8 : 11111011;
    44D9 : 11111011;
    44DA : 11111011;
    44DB : 11111011;
    44DC : 11111011;
    44DD : 11111011;
    44DE : 11111011;
    44DF : 11111011;
    44E0 : 11111011;
    44E1 : 11111011;
    44E2 : 11111011;
    44E3 : 11111010;
    44E4 : 11111011;
    44E5 : 11111011;
    44E6 : 11111011;
    44E7 : 11111011;
    44E8 : 11111011;
    44E9 : 11111011;
    44EA : 11111011;
    44EB : 11111011;
    44EC : 11111011;
    44ED : 11111011;
    44EE : 11111011;
    44EF : 11111011;
    44F0 : 11111011;
    44F1 : 11111011;
    44F2 : 11111011;
    44F3 : 11111011;
    44F4 : 11111011;
    44F5 : 11111011;
    44F6 : 11111011;
    44F7 : 11111011;
    44F8 : 11111011;
    44F9 : 11111011;
    44FA : 11111011;
    44FB : 11111011;
    44FC : 11111011;
    44FD : 11111011;
    44FE : 11111011;
    44FF : 11111011;
    4500 : 11111011;
    4501 : 11111011;
    4502 : 11111011;
    4503 : 11111011;
    4504 : 11111011;
    4505 : 11111011;
    4506 : 11111011;
    4507 : 11111011;
    4508 : 11111011;
    4509 : 11111011;
    450A : 11111011;
    450B : 11111011;
    450C : 11111011;
    450D : 11111011;
    450E : 11111011;
    450F : 11111011;
    4510 : 11111011;
    4511 : 11111011;
    4512 : 11111011;
    4513 : 11111011;
    4514 : 11111011;
    4515 : 11111011;
    4516 : 11111011;
    4517 : 11111011;
    4518 : 11111011;
    4519 : 11111011;
    451A : 11111011;
    451B : 11111011;
    451C : 11111011;
    451D : 11111011;
    451E : 11111011;
    451F : 11111011;
    4520 : 11111011;
    4521 : 11111011;
    4522 : 11111011;
    4523 : 11111011;
    4524 : 11111011;
    4525 : 11111011;
    4526 : 11111010;
    4527 : 11111010;
    4528 : 11111010;
    4529 : 11111011;
    452A : 11111011;
    452B : 11111011;
    452C : 11111011;
    452D : 11111011;
    452E : 11111011;
    452F : 11111011;
    4530 : 11111011;
    4531 : 11111011;
    4532 : 11111011;
    4533 : 11111011;
    4534 : 11111011;
    4535 : 11111011;
    4536 : 11111011;
    4537 : 11111011;
    4538 : 11111011;
    4539 : 11111011;
    453A : 11111011;
    453B : 11111011;
    453C : 11111011;
    453D : 11111011;
    453E : 11111011;
    453F : 11111011;
    4540 : 11111011;
    4541 : 11111011;
    4542 : 11111011;
    4543 : 11111011;
    4544 : 11111011;
    4545 : 11111011;
    4546 : 11111011;
    4547 : 11111011;
    4548 : 11111011;
    4549 : 11111011;
    454A : 11111011;
    454B : 11111011;
    454C : 11111011;
    454D : 11111011;
    454E : 11111011;
    454F : 11111011;
    4550 : 11111011;
    4551 : 11111011;
    4552 : 11111011;
    4553 : 11111011;
    4554 : 11111011;
    4555 : 11111011;
    4556 : 11111011;
    4557 : 11111011;
    4558 : 11111011;
    4559 : 11111011;
    455A : 11111011;
    455B : 11111011;
    455C : 11111011;
    455D : 11111011;
    455E : 11111011;
    455F : 11111011;
    4560 : 11111011;
    4561 : 11111010;
    4562 : 11111011;
    4563 : 11111011;
    4564 : 11111011;
    4565 : 11111011;
    4566 : 11111011;
    4567 : 11111011;
    4568 : 11111011;
    4569 : 11111011;
    456A : 11111011;
    456B : 11111011;
    456C : 11111011;
    456D : 11111011;
    456E : 11111011;
    456F : 11111011;
    4570 : 11111011;
    4571 : 11111011;
    4572 : 11111011;
    4573 : 11111011;
    4574 : 11111011;
    4575 : 11111011;
    4576 : 11111011;
    4577 : 11111011;
    4578 : 11111011;
    4579 : 11111011;
    457A : 11111011;
    457B : 11111011;
    457C : 11111011;
    457D : 11111011;
    457E : 11111011;
    457F : 11111011;
    4580 : 11111011;
    4581 : 11111011;
    4582 : 11111011;
    4583 : 11111011;
    4584 : 11111011;
    4585 : 11111011;
    4586 : 11111011;
    4587 : 11111011;
    4588 : 11111011;
    4589 : 11111011;
    458A : 11111011;
    458B : 11111011;
    458C : 11111011;
    458D : 11111011;
    458E : 11111011;
    458F : 11111011;
    4590 : 11111011;
    4591 : 11111010;
    4592 : 11111011;
    4593 : 11111011;
    4594 : 11111011;
    4595 : 11111010;
    4596 : 11111011;
    4597 : 11111011;
    4598 : 11111010;
    4599 : 11111011;
    459A : 11111011;
    459B : 11111011;
    459C : 11111011;
    459D : 11111011;
    459E : 11111011;
    459F : 11111011;
    45A0 : 11111011;
    45A1 : 11111011;
    45A2 : 11111011;
    45A3 : 11111011;
    45A4 : 11111011;
    45A5 : 11111011;
    45A6 : 11111011;
    45A7 : 11111011;
    45A8 : 11111011;
    45A9 : 11111011;
    45AA : 11111011;
    45AB : 11111011;
    45AC : 11111011;
    45AD : 11111011;
    45AE : 11111011;
    45AF : 11111011;
    45B0 : 11111011;
    45B1 : 11111011;
    45B2 : 11111011;
    45B3 : 11111011;
    45B4 : 11111011;
    45B5 : 11111011;
    45B6 : 11111011;
    45B7 : 11111011;
    45B8 : 11111011;
    45B9 : 11111011;
    45BA : 11111011;
    45BB : 11111011;
    45BC : 11111011;
    45BD : 11111011;
    45BE : 11111011;
    45BF : 11111011;
    45C0 : 11111011;
    45C1 : 11111011;
    45C2 : 11111011;
    45C3 : 11111010;
    45C4 : 11111010;
    45C5 : 11111011;
    45C6 : 11111010;
    45C7 : 11111011;
    45C8 : 11111011;
    45C9 : 11111011;
    45CA : 11111011;
    45CB : 11111011;
    45CC : 11111011;
    45CD : 11111011;
    45CE : 11111011;
    45CF : 11111010;
    45D0 : 11111011;
    45D1 : 11111011;
    45D2 : 11111011;
    45D3 : 11111011;
    45D4 : 11111011;
    45D5 : 11111011;
    45D6 : 11111011;
    45D7 : 11111011;
    45D8 : 11111011;
    45D9 : 11111011;
    45DA : 11111011;
    45DB : 11111011;
    45DC : 11111011;
    45DD : 11111011;
    45DE : 11111011;
    45DF : 11111011;
    45E0 : 11111011;
    45E1 : 11111011;
    45E2 : 11111011;
    45E3 : 11111011;
    45E4 : 11111011;
    45E5 : 11111011;
    45E6 : 11111011;
    45E7 : 11111011;
    45E8 : 11111011;
    45E9 : 11111011;
    45EA : 11111011;
    45EB : 11111011;
    45EC : 11111011;
    45ED : 11111011;
    45EE : 11111011;
    45EF : 11111011;
    45F0 : 11111011;
    45F1 : 11111011;
    45F2 : 11111011;
    45F3 : 11111011;
    45F4 : 11111011;
    45F5 : 11111011;
    45F6 : 11111010;
    45F7 : 11111011;
    45F8 : 11111011;
    45F9 : 11111011;
    45FA : 11111011;
    45FB : 11111011;
    45FC : 11111011;
    45FD : 11111011;
    45FE : 11111011;
    45FF : 11111011;
    4600 : 11111011;
    4601 : 11111011;
    4602 : 11111011;
    4603 : 11111011;
    4604 : 11111010;
    4605 : 11111010;
    4606 : 11111011;
    4607 : 11111011;
    4608 : 11111011;
    4609 : 11111011;
    460A : 11111011;
    460B : 11111010;
    460C : 11111011;
    460D : 11111011;
    460E : 11111011;
    460F : 11111011;
    4610 : 11111011;
    4611 : 11111011;
    4612 : 11111011;
    4613 : 11111011;
    4614 : 11111011;
    4615 : 11111011;
    4616 : 11111011;
    4617 : 11111011;
    4618 : 11111011;
    4619 : 11111011;
    461A : 11111011;
    461B : 11111011;
    461C : 11111011;
    461D : 11111011;
    461E : 11111011;
    461F : 11111011;
    4620 : 11111011;
    4621 : 11111011;
    4622 : 11111011;
    4623 : 11111011;
    4624 : 11111011;
    4625 : 11111011;
    4626 : 11111011;
    4627 : 11111011;
    4628 : 11111011;
    4629 : 11111011;
    462A : 11111011;
    462B : 11111011;
    462C : 11111011;
    462D : 11111011;
    462E : 11111011;
    462F : 11111011;
    4630 : 11111011;
    4631 : 11111010;
    4632 : 11111011;
    4633 : 11111010;
    4634 : 11111010;
    4635 : 11111010;
    4636 : 11111011;
    4637 : 11111011;
    4638 : 11111011;
    4639 : 11111011;
    463A : 11111011;
    463B : 11111011;
    463C : 11111011;
    463D : 11111011;
    463E : 11111011;
    463F : 11111011;
    4640 : 11111010;
    4641 : 11111010;
    4642 : 11111011;
    4643 : 11111011;
    4644 : 11111011;
    4645 : 11111011;
    4646 : 11111011;
    4647 : 11111011;
    4648 : 11111011;
    4649 : 11111011;
    464A : 11111011;
    464B : 11111011;
    464C : 11111011;
    464D : 11111011;
    464E : 11111011;
    464F : 11111011;
    4650 : 11111011;
    4651 : 11111011;
    4652 : 11111011;
    4653 : 11111011;
    4654 : 11111011;
    4655 : 11111010;
    4656 : 11111011;
    4657 : 11111011;
    4658 : 11111011;
    4659 : 11111011;
    465A : 11111011;
    465B : 11111011;
    465C : 11111011;
    465D : 11111010;
    465E : 11111011;
    465F : 11111011;
    4660 : 11111010;
    4661 : 11111010;
    4662 : 11111011;
    4663 : 11111010;
    4664 : 11111010;
    4665 : 11111011;
    4666 : 11111011;
    4667 : 11111011;
    4668 : 11111011;
    4669 : 11111011;
    466A : 11111011;
    466B : 11111011;
    466C : 11111011;
    466D : 11111011;
    466E : 11111010;
    466F : 11111011;
    4670 : 11111011;
    4671 : 11111011;
    4672 : 11111011;
    4673 : 11111011;
    4674 : 11111011;
    4675 : 11111011;
    4676 : 11111010;
    4677 : 11111011;
    4678 : 11111011;
    4679 : 11111010;
    467A : 11111010;
    467B : 11111011;
    467C : 11111010;
    467D : 11111010;
    467E : 11111010;
    467F : 11111011;
    4680 : 11111011;
    4681 : 11111011;
    4682 : 11111011;
    4683 : 11111011;
    4684 : 11111011;
    4685 : 11111011;
    4686 : 11111011;
    4687 : 11111011;
    4688 : 11111011;
    4689 : 11111011;
    468A : 11111011;
    468B : 11111011;
    468C : 11111011;
    468D : 11111011;
    468E : 11111011;
    468F : 11111011;
    4690 : 11111011;
    4691 : 11111010;
    4692 : 11111010;
    4693 : 11111011;
    4694 : 11111011;
    4695 : 11111011;
    4696 : 11111011;
    4697 : 11111011;
    4698 : 11111011;
    4699 : 11111011;
    469A : 11111011;
    469B : 11111011;
    469C : 11111011;
    469D : 11111011;
    469E : 11111011;
    469F : 11111011;
    46A0 : 11111011;
    46A1 : 11111011;
    46A2 : 11111011;
    46A3 : 11111011;
    46A4 : 11111011;
    46A5 : 11111011;
    46A6 : 11111010;
    46A7 : 11111011;
    46A8 : 11111011;
    46A9 : 11111011;
    46AA : 11111011;
    46AB : 11111010;
    46AC : 11111011;
    46AD : 11111011;
    46AE : 11111011;
    46AF : 11111011;
    46B0 : 11111011;
    46B1 : 11111011;
    46B2 : 11111011;
    46B3 : 11111011;
    46B4 : 11111011;
    46B5 : 11111011;
    46B6 : 11111011;
    46B7 : 11111011;
    46B8 : 11111011;
    46B9 : 11111011;
    46BA : 11111011;
    46BB : 11111010;
    46BC : 11111011;
    46BD : 11111010;
    46BE : 11111011;
    46BF : 11111011;
    46C0 : 11111011;
    46C1 : 11111010;
    46C2 : 11111011;
    46C3 : 11111011;
    46C4 : 11111011;
    46C5 : 11111011;
    46C6 : 11111011;
    46C7 : 11111011;
    46C8 : 11111011;
    46C9 : 11111011;
    46CA : 11111011;
    46CB : 11111011;
    46CC : 11111011;
    46CD : 11111011;
    46CE : 11111011;
    46CF : 11111011;
    46D0 : 11111011;
    46D1 : 11111011;
    46D2 : 11111010;
    46D3 : 11111010;
    46D4 : 11111011;
    46D5 : 11111010;
    46D6 : 11111010;
    46D7 : 11111010;
    46D8 : 11111010;
    46D9 : 11111011;
    46DA : 11111011;
    46DB : 11111010;
    46DC : 11111010;
    46DD : 11111011;
    46DE : 11111011;
    46DF : 11111011;
    46E0 : 11111011;
    46E1 : 11111011;
    46E2 : 11111011;
    46E3 : 11111011;
    46E4 : 11111011;
    46E5 : 11111011;
    46E6 : 11111011;
    46E7 : 11111011;
    46E8 : 11111011;
    46E9 : 11111011;
    46EA : 11111011;
    46EB : 11111010;
    46EC : 11111011;
    46ED : 11111011;
    46EE : 11111011;
    46EF : 11111011;
    46F0 : 11111011;
    46F1 : 11111010;
    46F2 : 11111011;
    46F3 : 11111011;
    46F4 : 11111010;
    46F5 : 11111011;
    46F6 : 11111011;
    46F7 : 11111011;
    46F8 : 11111011;
    46F9 : 11111011;
    46FA : 11111011;
    46FB : 11111010;
    46FC : 11111011;
    46FD : 11111011;
    46FE : 11111011;
    46FF : 11111011;
    4700 : 11111010;
    4701 : 11111011;
    4702 : 11111010;
    4703 : 11111011;
    4704 : 11111010;
    4705 : 11111010;
    4706 : 11111011;
    4707 : 11111011;
    4708 : 11111010;
    4709 : 11111010;
    470A : 11111011;
    470B : 11111011;
    470C : 11111011;
    470D : 11111011;
    470E : 11111010;
    470F : 11111011;
    4710 : 11111011;
    4711 : 11111011;
    4712 : 11111011;
    4713 : 11111011;
    4714 : 11111011;
    4715 : 11111011;
    4716 : 11111010;
    4717 : 11111011;
    4718 : 11111011;
    4719 : 11111010;
    471A : 11111010;
    471B : 11111010;
    471C : 11111010;
    471D : 11111010;
    471E : 11111010;
    471F : 11111010;
    4720 : 11111011;
    4721 : 11111011;
    4722 : 11111011;
    4723 : 11111010;
    4724 : 11111011;
    4725 : 11111011;
    4726 : 11111011;
    4727 : 11111011;
    4728 : 11111011;
    4729 : 11111011;
    472A : 11111011;
    472B : 11111011;
    472C : 11111011;
    472D : 11111011;
    472E : 11111011;
    472F : 11111010;
    4730 : 11111011;
    4731 : 11111011;
    4732 : 11111011;
    4733 : 11111011;
    4734 : 11111011;
    4735 : 11111011;
    4736 : 11111011;
    4737 : 11111011;
    4738 : 11111011;
    4739 : 11111011;
    473A : 11111010;
    473B : 11111011;
    473C : 11111011;
    473D : 11111011;
    473E : 11111011;
    473F : 11111011;
    4740 : 11111011;
    4741 : 11111011;
    4742 : 11111011;
    4743 : 11111010;
    4744 : 11111010;
    4745 : 11111010;
    4746 : 11111010;
    4747 : 11111010;
    4748 : 11111011;
    4749 : 11111011;
    474A : 11111010;
    474B : 11111010;
    474C : 11111010;
    474D : 11111011;
    474E : 11111011;
    474F : 11111011;
    4750 : 11111011;
    4751 : 11111010;
    4752 : 11111010;
    4753 : 11111010;
    4754 : 11111011;
    4755 : 11111011;
    4756 : 11111011;
    4757 : 11111011;
    4758 : 11111010;
    4759 : 11111010;
    475A : 11111011;
    475B : 11111010;
    475C : 11111011;
    475D : 11111011;
    475E : 11111011;
    475F : 11111011;
    4760 : 11111011;
    4761 : 11111011;
    4762 : 11111011;
    4763 : 11111010;
    4764 : 11111010;
    4765 : 11111011;
    4766 : 11111011;
    4767 : 11111011;
    4768 : 11111011;
    4769 : 11111010;
    476A : 11111011;
    476B : 11111011;
    476C : 11111011;
    476D : 11111011;
    476E : 11111011;
    476F : 11111011;
    4770 : 11111011;
    4771 : 11111010;
    4772 : 11111010;
    4773 : 11111011;
    4774 : 11111010;
    4775 : 11111010;
    4776 : 11111010;
    4777 : 11111011;
    4778 : 11111010;
    4779 : 11111011;
    477A : 11111010;
    477B : 11111010;
    477C : 11111010;
    477D : 11111011;
    477E : 11111010;
    477F : 11111011;
    4780 : 11111011;
    4781 : 11111011;
    4782 : 11111010;
    4783 : 11111011;
    4784 : 11111011;
    4785 : 11111011;
    4786 : 11111011;
    4787 : 11111010;
    4788 : 11111010;
    4789 : 11111010;
    478A : 11111011;
    478B : 11111011;
    478C : 11111011;
    478D : 11111011;
    478E : 11111011;
    478F : 11111011;
    4790 : 11111011;
    4791 : 11111011;
    4792 : 11111010;
    4793 : 11111011;
    4794 : 11111011;
    4795 : 11111010;
    4796 : 11111011;
    4797 : 11111011;
    4798 : 11111010;
    4799 : 11111011;
    479A : 11111011;
    479B : 11111011;
    479C : 11111010;
    479D : 11111010;
    479E : 11111011;
    479F : 11111011;
    47A0 : 11111010;
    47A1 : 11111011;
    47A2 : 11111011;
    47A3 : 11111010;
    47A4 : 11111010;
    47A5 : 11111011;
    47A6 : 11111010;
    47A7 : 11111010;
    47A8 : 11111011;
    47A9 : 11111011;
    47AA : 11111010;
    47AB : 11111011;
    47AC : 11111010;
    47AD : 11111010;
    47AE : 11111010;
    47AF : 11111011;
    47B0 : 11111011;
    47B1 : 11111011;
    47B2 : 11111010;
    47B3 : 11111011;
    47B4 : 11111011;
    47B5 : 11111011;
    47B6 : 11111010;
    47B7 : 11111011;
    47B8 : 11111010;
    47B9 : 11111011;
    47BA : 11111010;
    47BB : 11111010;
    47BC : 11111011;
    47BD : 11111011;
    47BE : 11111010;
    47BF : 11111010;
    47C0 : 11111010;
    47C1 : 11111010;
    47C2 : 11111011;
    47C3 : 11111010;
    47C4 : 11111011;
    47C5 : 11111011;
    47C6 : 11111011;
    47C7 : 11111011;
    47C8 : 11111011;
    47C9 : 11111011;
    47CA : 11111011;
    47CB : 11111011;
    47CC : 11111011;
    47CD : 11111011;
    47CE : 11111011;
    47CF : 11111010;
    47D0 : 11111010;
    47D1 : 11111011;
    47D2 : 11111010;
    47D3 : 11111011;
    47D4 : 11111011;
    47D5 : 11111011;
    47D6 : 11111011;
    47D7 : 11111011;
    47D8 : 11111011;
    47D9 : 11111011;
    47DA : 11111010;
    47DB : 11111011;
    47DC : 11111010;
    47DD : 11111011;
    47DE : 11111011;
    47DF : 11111011;
    47E0 : 11111011;
    47E1 : 11111011;
    47E2 : 11111010;
    47E3 : 11111011;
    47E4 : 11111010;
    47E5 : 11111011;
    47E6 : 11111011;
    47E7 : 11111011;
    47E8 : 11111010;
    47E9 : 11111011;
    47EA : 11111011;
    47EB : 11111011;
    47EC : 11111010;
    47ED : 11111010;
    47EE : 11111011;
    47EF : 11111011;
    47F0 : 11111011;
    47F1 : 11111010;
    47F2 : 11111010;
    47F3 : 11111011;
    47F4 : 11111011;
    47F5 : 11111011;
    47F6 : 11111011;
    47F7 : 11111011;
    47F8 : 11111011;
    47F9 : 11111011;
    47FA : 11111011;
    47FB : 11111010;
    47FC : 11111011;
    47FD : 11111011;
    47FE : 11111011;
    47FF : 11111011;
    4800 : 11111010;
    4801 : 11111010;
    4802 : 11111011;
    4803 : 11111010;
    4804 : 11111010;
    4805 : 11111010;
    4806 : 11111011;
    4807 : 11111011;
    4808 : 11111010;
    4809 : 11111010;
    480A : 11111011;
    480B : 11111011;
    480C : 11111011;
    480D : 11111011;
    480E : 11111011;
    480F : 11111011;
    4810 : 11111011;
    4811 : 11111010;
    4812 : 11111011;
    4813 : 11111011;
    4814 : 11111011;
    4815 : 11111011;
    4816 : 11111010;
    4817 : 11111010;
    4818 : 11111011;
    4819 : 11111011;
    481A : 11111010;
    481B : 11111011;
    481C : 11111011;
    481D : 11111010;
    481E : 11111010;
    481F : 11111011;
    4820 : 11111011;
    4821 : 11111011;
    4822 : 11111011;
    4823 : 11111011;
    4824 : 11111011;
    4825 : 11111011;
    4826 : 11111011;
    4827 : 11111011;
    4828 : 11111011;
    4829 : 11111011;
    482A : 11111011;
    482B : 11111011;
    482C : 11111011;
    482D : 11111011;
    482E : 11111011;
    482F : 11111010;
    4830 : 11111011;
    4831 : 11111011;
    4832 : 11111011;
    4833 : 11111011;
    4834 : 11111011;
    4835 : 11111010;
    4836 : 11111010;
    4837 : 11111011;
    4838 : 11111011;
    4839 : 11111011;
    483A : 11111011;
    483B : 11111011;
    483C : 11111011;
    483D : 11111010;
    483E : 11111011;
    483F : 11111011;
    4840 : 11111010;
    4841 : 11111011;
    4842 : 11111010;
    4843 : 11111010;
    4844 : 11111010;
    4845 : 11111010;
    4846 : 11111010;
    4847 : 11111010;
    4848 : 11111011;
    4849 : 11111011;
    484A : 11111010;
    484B : 11111010;
    484C : 11111011;
    484D : 11111010;
    484E : 11111010;
    484F : 11111011;
    4850 : 11111011;
    4851 : 11111011;
    4852 : 11111011;
    4853 : 11111011;
    4854 : 11111011;
    4855 : 11111011;
    4856 : 11111010;
    4857 : 11111011;
    4858 : 11111011;
    4859 : 11111010;
    485A : 11111011;
    485B : 11111011;
    485C : 11111010;
    485D : 11111010;
    485E : 11111010;
    485F : 11111011;
    4860 : 11111010;
    4861 : 11111010;
    4862 : 11111011;
    4863 : 11111011;
    4864 : 11111011;
    4865 : 11111011;
    4866 : 11111010;
    4867 : 11111011;
    4868 : 11111011;
    4869 : 11111011;
    486A : 11111011;
    486B : 11111010;
    486C : 11111011;
    486D : 11111011;
    486E : 11111011;
    486F : 11111011;
    4870 : 11111011;
    4871 : 11111011;
    4872 : 11111010;
    4873 : 11111011;
    4874 : 11111011;
    4875 : 11111010;
    4876 : 11111011;
    4877 : 11111011;
    4878 : 11111011;
    4879 : 11111011;
    487A : 11111011;
    487B : 11111010;
    487C : 11111011;
    487D : 11111011;
    487E : 11111011;
    487F : 11111011;
    4880 : 11111011;
    4881 : 11111011;
    4882 : 11111010;
    4883 : 11111010;
    4884 : 11111010;
    4885 : 11111011;
    4886 : 11111011;
    4887 : 11111011;
    4888 : 11111011;
    4889 : 11111011;
    488A : 11111011;
    488B : 11111011;
    488C : 11111011;
    488D : 11111010;
    488E : 11111011;
    488F : 11111011;
    4890 : 11111011;
    4891 : 11111011;
    4892 : 11111011;
    4893 : 11111011;
    4894 : 11111011;
    4895 : 11111011;
    4896 : 11111011;
    4897 : 11111011;
    4898 : 11111011;
    4899 : 11111011;
    489A : 11111011;
    489B : 11111011;
    489C : 11111011;
    489D : 11111011;
    489E : 11111011;
    489F : 11111011;
    48A0 : 11111011;
    48A1 : 11111010;
    48A2 : 11111011;
    48A3 : 11111011;
    48A4 : 11111010;
    48A5 : 11111011;
    48A6 : 11111011;
    48A7 : 11111011;
    48A8 : 11111010;
    48A9 : 11111010;
    48AA : 11111011;
    48AB : 11111011;
    48AC : 11111011;
    48AD : 11111011;
    48AE : 11111011;
    48AF : 11111011;
    48B0 : 11111011;
    48B1 : 11111011;
    48B2 : 11111011;
    48B3 : 11111011;
    48B4 : 11111011;
    48B5 : 11111011;
    48B6 : 11111011;
    48B7 : 11111010;
    48B8 : 11111011;
    48B9 : 11111011;
    48BA : 11111011;
    48BB : 11111011;
    48BC : 11111011;
    48BD : 11111011;
    48BE : 11111011;
    48BF : 11111011;
    48C0 : 11111011;
    48C1 : 11111010;
    48C2 : 11111011;
    48C3 : 11111011;
    48C4 : 11111011;
    48C5 : 11111011;
    48C6 : 11111011;
    48C7 : 11111011;
    48C8 : 11111011;
    48C9 : 11111011;
    48CA : 11111011;
    48CB : 11111010;
    48CC : 11111010;
    48CD : 11111011;
    48CE : 11111011;
    48CF : 11111011;
    48D0 : 11111010;
    48D1 : 11111011;
    48D2 : 11111010;
    48D3 : 11111010;
    48D4 : 11111010;
    48D5 : 11111011;
    48D6 : 11111011;
    48D7 : 11111011;
    48D8 : 11111011;
    48D9 : 11111011;
    48DA : 11111010;
    48DB : 11111011;
    48DC : 11111011;
    48DD : 11111011;
    48DE : 11111010;
    48DF : 11111011;
    48E0 : 11111010;
    48E1 : 11111011;
    48E2 : 11111011;
    48E3 : 11111010;
    48E4 : 11111011;
    48E5 : 11111010;
    48E6 : 11111010;
    48E7 : 11111011;
    48E8 : 11111011;
    48E9 : 11111011;
    48EA : 11111011;
    48EB : 11111011;
    48EC : 11111011;
    48ED : 11111011;
    48EE : 11111011;
    48EF : 11111011;
    48F0 : 11111011;
    48F1 : 11111011;
    48F2 : 11111011;
    48F3 : 11111011;
    48F4 : 11111011;
    48F5 : 11111010;
    48F6 : 11111011;
    48F7 : 11111011;
    48F8 : 11111011;
    48F9 : 11111011;
    48FA : 11111011;
    48FB : 11111011;
    48FC : 11111011;
    48FD : 11111011;
    48FE : 11111011;
    48FF : 11111011;
    4900 : 11111011;
    4901 : 11111011;
    4902 : 11111011;
    4903 : 11111011;
    4904 : 11111010;
    4905 : 11111011;
    4906 : 11111011;
    4907 : 11111011;
    4908 : 11111011;
    4909 : 11111011;
    490A : 11111011;
    490B : 11111011;
    490C : 11111011;
    490D : 11111011;
    490E : 11111011;
    490F : 11111011;
    4910 : 11111011;
    4911 : 11111011;
    4912 : 11111011;
    4913 : 11111011;
    4914 : 11111011;
    4915 : 11111011;
    4916 : 11111011;
    4917 : 11111011;
    4918 : 11111011;
    4919 : 11111010;
    491A : 11111011;
    491B : 11111011;
    491C : 11111011;
    491D : 11111011;
    491E : 11111011;
    491F : 11111011;
    4920 : 11111011;
    4921 : 11111011;
    4922 : 11111011;
    4923 : 11111010;
    4924 : 11111011;
    4925 : 11111011;
    4926 : 11111011;
    4927 : 11111011;
    4928 : 11111011;
    4929 : 11111011;
    492A : 11111011;
    492B : 11111010;
    492C : 11111010;
    492D : 11111011;
    492E : 11111011;
    492F : 11111011;
    4930 : 11111011;
    4931 : 11111011;
    4932 : 11111011;
    4933 : 11111010;
    4934 : 11111011;
    4935 : 11111011;
    4936 : 11111011;
    4937 : 11111011;
    4938 : 11111011;
    4939 : 11111011;
    493A : 11111011;
    493B : 11111011;
    493C : 11111011;
    493D : 11111011;
    493E : 11111011;
    493F : 11111011;
    4940 : 11111011;
    4941 : 11111011;
    4942 : 11111011;
    4943 : 11111011;
    4944 : 11111011;
    4945 : 11111011;
    4946 : 11111011;
    4947 : 11111011;
    4948 : 11111010;
    4949 : 11111011;
    494A : 11111011;
    494B : 11111011;
    494C : 11111011;
    494D : 11111011;
    494E : 11111011;
    494F : 11111011;
    4950 : 11111011;
    4951 : 11111011;
    4952 : 11111011;
    4953 : 11111010;
    4954 : 11111011;
    4955 : 11111011;
    4956 : 11111010;
    4957 : 11111010;
    4958 : 11111011;
    4959 : 11111011;
    495A : 11111011;
    495B : 11111011;
    495C : 11111011;
    495D : 11111011;
    495E : 11111011;
    495F : 11111011;
    4960 : 11111011;
    4961 : 11111011;
    4962 : 11111010;
    4963 : 11111011;
    4964 : 11111011;
    4965 : 11111011;
    4966 : 11111011;
    4967 : 11111011;
    4968 : 11111011;
    4969 : 11111010;
    496A : 11111011;
    496B : 11111010;
    496C : 11111011;
    496D : 11111011;
    496E : 11111011;
    496F : 11111011;
    4970 : 11111011;
    4971 : 11111011;
    4972 : 11111011;
    4973 : 11111011;
    4974 : 11111011;
    4975 : 11111011;
    4976 : 11111011;
    4977 : 11111011;
    4978 : 11111011;
    4979 : 11111011;
    497A : 11111011;
    497B : 11111011;
    497C : 11111011;
    497D : 11111011;
    497E : 11111010;
    497F : 11111010;
    4980 : 11111010;
    4981 : 11111010;
    4982 : 11111010;
    4983 : 11111011;
    4984 : 11111011;
    4985 : 11111010;
    4986 : 11111010;
    4987 : 11111010;
    4988 : 11111010;
    4989 : 11111011;
    498A : 11111011;
    498B : 11111011;
    498C : 11111010;
    498D : 11111011;
    498E : 11111011;
    498F : 11111011;
    4990 : 11111010;
    4991 : 11111011;
    4992 : 11111011;
    4993 : 11111010;
    4994 : 11111011;
    4995 : 11111011;
    4996 : 11111011;
    4997 : 11111011;
    4998 : 11111010;
    4999 : 11111011;
    499A : 11111011;
    499B : 11111011;
    499C : 11111011;
    499D : 11111011;
    499E : 11111011;
    499F : 11111011;
    49A0 : 11111011;
    49A1 : 11111011;
    49A2 : 11111011;
    49A3 : 11111011;
    49A4 : 11111011;
    49A5 : 11111011;
    49A6 : 11111011;
    49A7 : 11111011;
    49A8 : 11111011;
    49A9 : 11111011;
    49AA : 11111011;
    49AB : 11111011;
    49AC : 11111011;
    49AD : 11111011;
    49AE : 11111011;
    49AF : 11111011;
    49B0 : 11111011;
    49B1 : 11111011;
    49B2 : 11111011;
    49B3 : 11111011;
    49B4 : 11111011;
    49B5 : 11111011;
    49B6 : 11111011;
    49B7 : 11111011;
    49B8 : 11111011;
    49B9 : 11111011;
    49BA : 11111010;
    49BB : 11111011;
    49BC : 11111011;
    49BD : 11111011;
    49BE : 11111011;
    49BF : 11111011;
    49C0 : 11111011;
    49C1 : 11111011;
    49C2 : 11111011;
    49C3 : 11111011;
    49C4 : 11111011;
    49C5 : 11111011;
    49C6 : 11111011;
    49C7 : 11111011;
    49C8 : 11111011;
    49C9 : 11111011;
    49CA : 11111011;
    49CB : 11111010;
    49CC : 11111010;
    49CD : 11111011;
    49CE : 11111011;
    49CF : 11111011;
    49D0 : 11111011;
    49D1 : 11111011;
    49D2 : 11111011;
    49D3 : 11111011;
    49D4 : 11111011;
    49D5 : 11111011;
    49D6 : 11111011;
    49D7 : 11111011;
    49D8 : 11111011;
    49D9 : 11111011;
    49DA : 11111011;
    49DB : 11111011;
    49DC : 11111011;
    49DD : 11111010;
    49DE : 11111011;
    49DF : 11111011;
    49E0 : 11111011;
    49E1 : 11111011;
    49E2 : 11111011;
    49E3 : 11111011;
    49E4 : 11111011;
    49E5 : 11111011;
    49E6 : 11111011;
    49E7 : 11111011;
    49E8 : 11111011;
    49E9 : 11111010;
    49EA : 11111011;
    49EB : 11111011;
    49EC : 11111011;
    49ED : 11111011;
    49EE : 11111011;
    49EF : 11111011;
    49F0 : 11111011;
    49F1 : 11111011;
    49F2 : 11111011;
    49F3 : 11111011;
    49F4 : 11111011;
    49F5 : 11111011;
    49F6 : 11111011;
    49F7 : 11111011;
    49F8 : 11111010;
    49F9 : 11111011;
    49FA : 11111011;
    49FB : 11111011;
    49FC : 11111011;
    49FD : 11111011;
    49FE : 11111011;
    49FF : 11111011;
    4A00 : 11111011;
    4A01 : 11111011;
    4A02 : 11111011;
    4A03 : 11111011;
    4A04 : 11111011;
    4A05 : 11111011;
    4A06 : 11111011;
    4A07 : 11111011;
    4A08 : 11111011;
    4A09 : 11111011;
    4A0A : 11111011;
    4A0B : 11111011;
    4A0C : 11111011;
    4A0D : 11111011;
    4A0E : 11111011;
    4A0F : 11111011;
    4A10 : 11111011;
    4A11 : 11111011;
    4A12 : 11111011;
    4A13 : 11111011;
    4A14 : 11111011;
    4A15 : 11111011;
    4A16 : 11111011;
    4A17 : 11111011;
    4A18 : 11111011;
    4A19 : 11111011;
    4A1A : 11111011;
    4A1B : 11111011;
    4A1C : 11111010;
    4A1D : 11111011;
    4A1E : 11111011;
    4A1F : 11111010;
    4A20 : 11111010;
    4A21 : 11111010;
    4A22 : 11111010;
    4A23 : 11111010;
    4A24 : 11111010;
    4A25 : 11111010;
    4A26 : 11111010;
    4A27 : 11111010;
    4A28 : 11111010;
    4A29 : 11111011;
    4A2A : 11111011;
    4A2B : 11111010;
    4A2C : 11111010;
    4A2D : 11111011;
    4A2E : 11111011;
    4A2F : 11111011;
    4A30 : 11111011;
    4A31 : 11111011;
    4A32 : 11111011;
    4A33 : 11111011;
    4A34 : 11111010;
    4A35 : 11111011;
    4A36 : 11111010;
    4A37 : 11111010;
    4A38 : 11111011;
    4A39 : 11111011;
    4A3A : 11111011;
    4A3B : 11111011;
    4A3C : 11111011;
    4A3D : 11111011;
    4A3E : 11111011;
    4A3F : 11111011;
    4A40 : 11111011;
    4A41 : 11111011;
    4A42 : 11111011;
    4A43 : 11111011;
    4A44 : 11111011;
    4A45 : 11111011;
    4A46 : 11111011;
    4A47 : 11111011;
    4A48 : 11111011;
    4A49 : 11111011;
    4A4A : 11111011;
    4A4B : 11111011;
    4A4C : 11111011;
    4A4D : 11111011;
    4A4E : 11111011;
    4A4F : 11111011;
    4A50 : 11111011;
    4A51 : 11111011;
    4A52 : 11111010;
    4A53 : 11111011;
    4A54 : 11111011;
    4A55 : 11111011;
    4A56 : 11111011;
    4A57 : 11111011;
    4A58 : 11111011;
    4A59 : 11111011;
    4A5A : 11111010;
    4A5B : 11111011;
    4A5C : 11111011;
    4A5D : 11111011;
    4A5E : 11111011;
    4A5F : 11111011;
    4A60 : 11111011;
    4A61 : 11111010;
    4A62 : 11111010;
    4A63 : 11111011;
    4A64 : 11111011;
    4A65 : 11111011;
    4A66 : 11111011;
    4A67 : 11111011;
    4A68 : 11111011;
    4A69 : 11111011;
    4A6A : 11111011;
    4A6B : 11111011;
    4A6C : 11111011;
    4A6D : 11111011;
    4A6E : 11111011;
    4A6F : 11111011;
    4A70 : 11111011;
    4A71 : 11111011;
    4A72 : 11111011;
    4A73 : 11111011;
    4A74 : 11111011;
    4A75 : 11111011;
    4A76 : 11111011;
    4A77 : 11111011;
    4A78 : 11111011;
    4A79 : 11111011;
    4A7A : 11111011;
    4A7B : 11111011;
    4A7C : 11111010;
    4A7D : 11111011;
    4A7E : 11111011;
    4A7F : 11111011;
    4A80 : 11111011;
    4A81 : 11111011;
    4A82 : 11111011;
    4A83 : 11111011;
    4A84 : 11111011;
    4A85 : 11111011;
    4A86 : 11111011;
    4A87 : 11111011;
    4A88 : 11111010;
    4A89 : 11111011;
    4A8A : 11111011;
    4A8B : 11111011;
    4A8C : 11111011;
    4A8D : 11111011;
    4A8E : 11111011;
    4A8F : 11111011;
    4A90 : 11111011;
    4A91 : 11111011;
    4A92 : 11111011;
    4A93 : 11111011;
    4A94 : 11111010;
    4A95 : 11111010;
    4A96 : 11111010;
    4A97 : 11111011;
    4A98 : 11111011;
    4A99 : 11111011;
    4A9A : 11111011;
    4A9B : 11111011;
    4A9C : 11111011;
    4A9D : 11111011;
    4A9E : 11111011;
    4A9F : 11111011;
    4AA0 : 11111011;
    4AA1 : 11111011;
    4AA2 : 11111011;
    4AA3 : 11111011;
    4AA4 : 11111011;
    4AA5 : 11111011;
    4AA6 : 11111011;
    4AA7 : 11111011;
    4AA8 : 11111011;
    4AA9 : 11111011;
    4AAA : 11111011;
    4AAB : 11111011;
    4AAC : 11111011;
    4AAD : 11111011;
    4AAE : 11111011;
    4AAF : 11111011;
    4AB0 : 11111011;
    4AB1 : 11111011;
    4AB2 : 11111011;
    4AB3 : 11111011;
    4AB4 : 11111010;
    4AB5 : 11111011;
    4AB6 : 11111011;
    4AB7 : 11111011;
    4AB8 : 11111011;
    4AB9 : 11111011;
    4ABA : 11111011;
    4ABB : 11111011;
    4ABC : 11111011;
    4ABD : 11111011;
    4ABE : 11111011;
    4ABF : 11111011;
    4AC0 : 11111011;
    4AC1 : 11111011;
    4AC2 : 11111010;
    4AC3 : 11111011;
    4AC4 : 11111011;
    4AC5 : 11111010;
    4AC6 : 11111010;
    4AC7 : 11111011;
    4AC8 : 11111011;
    4AC9 : 11111010;
    4ACA : 11111011;
    4ACB : 11111010;
    4ACC : 11111011;
    4ACD : 11111011;
    4ACE : 11111010;
    4ACF : 11111011;
    4AD0 : 11111011;
    4AD1 : 11111011;
    4AD2 : 11111011;
    4AD3 : 11111011;
    4AD4 : 11111011;
    4AD5 : 11111011;
    4AD6 : 11111010;
    4AD7 : 11111010;
    4AD8 : 11111011;
    4AD9 : 11111011;
    4ADA : 11111011;
    4ADB : 11111011;
    4ADC : 11111011;
    4ADD : 11111011;
    4ADE : 11111011;
    4ADF : 11111011;
    4AE0 : 11111011;
    4AE1 : 11111011;
    4AE2 : 11111011;
    4AE3 : 11111011;
    4AE4 : 11111011;
    4AE5 : 11111011;
    4AE6 : 11111011;
    4AE7 : 11111011;
    4AE8 : 11111011;
    4AE9 : 11111011;
    4AEA : 11111011;
    4AEB : 11111011;
    4AEC : 11111011;
    4AED : 11111011;
    4AEE : 11111011;
    4AEF : 11111011;
    4AF0 : 11111011;
    4AF1 : 11111011;
    4AF2 : 11111011;
    4AF3 : 11111011;
    4AF4 : 11111011;
    4AF5 : 11111011;
    4AF6 : 11111011;
    4AF7 : 11111011;
    4AF8 : 11111011;
    4AF9 : 11111011;
    4AFA : 11111010;
    4AFB : 11111011;
    4AFC : 11111011;
    4AFD : 11111011;
    4AFE : 11111011;
    4AFF : 11111011;
END;
