WIDTH=8;
DEPTH=25600;
ADDRESS_RADIX=HEX;
DATA_RADIX=BIN;
CONTENT BEGIN
    0 : 11111111;
    1 : 11111111;
    2 : 11111111;
    3 : 11111111;
    4 : 11111111;
    5 : 11111111;
    6 : 11111111;
    7 : 11111111;
    8 : 11111111;
    9 : 11111111;
    A : 11111111;
    B : 11111111;
    C : 11111111;
    D : 11111111;
    E : 11111111;
    F : 11111111;
    10 : 11111111;
    11 : 11111111;
    12 : 11111111;
    13 : 11111111;
    14 : 11111111;
    15 : 11111111;
    16 : 11111111;
    17 : 11111111;
    18 : 11111111;
    19 : 11111111;
    1A : 11111111;
    1B : 11111111;
    1C : 11111111;
    1D : 11111111;
    1E : 11111111;
    1F : 11111111;
    20 : 11111111;
    21 : 11111111;
    22 : 11111111;
    23 : 11111111;
    24 : 11111111;
    25 : 11111111;
    26 : 11111111;
    27 : 11111111;
    28 : 11111110;
    29 : 11111110;
    2A : 11111111;
    2B : 11111111;
    2C : 11111111;
    2D : 11111111;
    2E : 11111111;
    2F : 11111111;
    30 : 11111111;
    31 : 11111111;
    32 : 11111111;
    33 : 11111111;
    34 : 11111111;
    35 : 11111111;
    36 : 11111111;
    37 : 11111111;
    38 : 11111111;
    39 : 11111111;
    3A : 11111111;
    3B : 11111111;
    3C : 11111111;
    3D : 11111111;
    3E : 11111111;
    3F : 11111111;
    40 : 11111111;
    41 : 11111111;
    42 : 11111111;
    43 : 11111111;
    44 : 11111111;
    45 : 11111111;
    46 : 11111111;
    47 : 11111111;
    48 : 11111111;
    49 : 11111111;
    4A : 11111111;
    4B : 11111110;
    4C : 11111110;
    4D : 11111111;
    4E : 11111111;
    4F : 11111111;
    50 : 11111111;
    51 : 11111111;
    52 : 11111111;
    53 : 11111111;
    54 : 11111111;
    55 : 11111111;
    56 : 11111111;
    57 : 11111111;
    58 : 11111111;
    59 : 11111111;
    5A : 11111111;
    5B : 11111111;
    5C : 11111111;
    5D : 11111111;
    5E : 11111111;
    5F : 11111111;
    60 : 11111111;
    61 : 11111111;
    62 : 11111111;
    63 : 11111111;
    64 : 11111111;
    65 : 11111111;
    66 : 11111111;
    67 : 11111111;
    68 : 11111111;
    69 : 11111111;
    6A : 11111111;
    6B : 11111111;
    6C : 11111111;
    6D : 11111111;
    6E : 11111111;
    6F : 11111110;
    70 : 11111111;
    71 : 11111111;
    72 : 11111111;
    73 : 11111111;
    74 : 11111111;
    75 : 11111111;
    76 : 11111111;
    77 : 11111111;
    78 : 11111111;
    79 : 11111111;
    7A : 11111111;
    7B : 11111111;
    7C : 11111111;
    7D : 11111111;
    7E : 11111111;
    7F : 11111111;
    80 : 11111111;
    81 : 11111111;
    82 : 11111111;
    83 : 11111111;
    84 : 11111111;
    85 : 11111111;
    86 : 11111111;
    87 : 11111111;
    88 : 11111111;
    89 : 11111111;
    8A : 11111111;
    8B : 11111111;
    8C : 11111111;
    8D : 11111111;
    8E : 11111111;
    8F : 11111111;
    90 : 11111111;
    91 : 11111111;
    92 : 11111111;
    93 : 11111111;
    94 : 11111111;
    95 : 11111111;
    96 : 11111111;
    97 : 11111111;
    98 : 11111111;
    99 : 11111111;
    9A : 11111111;
    9B : 11111111;
    9C : 11111111;
    9D : 11111111;
    9E : 11111111;
    9F : 11111111;
    A0 : 11111111;
    A1 : 11111111;
    A2 : 11111111;
    A3 : 11111111;
    A4 : 11111111;
    A5 : 11111111;
    A6 : 11111111;
    A7 : 11111111;
    A8 : 11111111;
    A9 : 11111111;
    AA : 11111111;
    AB : 11111111;
    AC : 11111111;
    AD : 11111111;
    AE : 11111111;
    AF : 11111111;
    B0 : 11111111;
    B1 : 11111111;
    B2 : 11111111;
    B3 : 11111111;
    B4 : 11111111;
    B5 : 11111111;
    B6 : 11111111;
    B7 : 11111111;
    B8 : 11111110;
    B9 : 11111110;
    BA : 11111111;
    BB : 11111111;
    BC : 11111111;
    BD : 11111111;
    BE : 11111110;
    BF : 11111110;
    C0 : 11111111;
    C1 : 11111111;
    C2 : 11111111;
    C3 : 11111111;
    C4 : 11111111;
    C5 : 11111111;
    C6 : 11111111;
    C7 : 11111111;
    C8 : 11111111;
    C9 : 11111111;
    CA : 11111111;
    CB : 11111111;
    CC : 11111111;
    CD : 11111111;
    CE : 11111111;
    CF : 11111111;
    D0 : 11111111;
    D1 : 11111111;
    D2 : 11111111;
    D3 : 11111111;
    D4 : 11111111;
    D5 : 11111111;
    D6 : 11111111;
    D7 : 11111111;
    D8 : 11111111;
    D9 : 11111111;
    DA : 11111111;
    DB : 11111111;
    DC : 11111111;
    DD : 11111111;
    DE : 11111111;
    DF : 11111111;
    E0 : 11111111;
    E1 : 11111111;
    E2 : 11111111;
    E3 : 11111111;
    E4 : 11111111;
    E5 : 11111111;
    E6 : 11111111;
    E7 : 11111111;
    E8 : 11111111;
    E9 : 11111111;
    EA : 11111111;
    EB : 11111111;
    EC : 11111111;
    ED : 11111111;
    EE : 11111111;
    EF : 11111111;
    F0 : 11111111;
    F1 : 11111111;
    F2 : 11111111;
    F3 : 11111111;
    F4 : 11111111;
    F5 : 11111111;
    F6 : 11111111;
    F7 : 11111111;
    F8 : 11111111;
    F9 : 11111111;
    FA : 11111111;
    FB : 11111111;
    FC : 11111111;
    FD : 11111111;
    FE : 11111111;
    FF : 11111111;
    100 : 11111111;
    101 : 11111111;
    102 : 11111111;
    103 : 11111111;
    104 : 11111111;
    105 : 11111111;
    106 : 11111111;
    107 : 11111111;
    108 : 11111111;
    109 : 11111111;
    10A : 11111111;
    10B : 11111111;
    10C : 11111111;
    10D : 11111111;
    10E : 11111111;
    10F : 11111111;
    110 : 11111111;
    111 : 11111111;
    112 : 11111111;
    113 : 11111111;
    114 : 11111111;
    115 : 11111111;
    116 : 11111111;
    117 : 11111111;
    118 : 11111111;
    119 : 11111111;
    11A : 11111111;
    11B : 11111111;
    11C : 11111111;
    11D : 11111111;
    11E : 11111111;
    11F : 11111111;
    120 : 11111111;
    121 : 11111111;
    122 : 11111111;
    123 : 11111111;
    124 : 11111111;
    125 : 11111111;
    126 : 11111111;
    127 : 11111111;
    128 : 11111111;
    129 : 11111111;
    12A : 11111111;
    12B : 11111111;
    12C : 11111111;
    12D : 11111111;
    12E : 11111111;
    12F : 11111111;
    130 : 11111111;
    131 : 11111111;
    132 : 11111111;
    133 : 11111111;
    134 : 11111111;
    135 : 11111111;
    136 : 11111111;
    137 : 11111111;
    138 : 11111111;
    139 : 11111111;
    13A : 11111111;
    13B : 11111111;
    13C : 11111111;
    13D : 11111111;
    13E : 11111111;
    13F : 11111111;
    140 : 11111111;
    141 : 11111111;
    142 : 11111111;
    143 : 11111111;
    144 : 11111111;
    145 : 11111111;
    146 : 11111111;
    147 : 11111111;
    148 : 11111111;
    149 : 11111111;
    14A : 11111111;
    14B : 11111111;
    14C : 11111111;
    14D : 11111111;
    14E : 11111111;
    14F : 11111111;
    150 : 11111111;
    151 : 11111111;
    152 : 11111111;
    153 : 11111111;
    154 : 11111111;
    155 : 11111111;
    156 : 11111111;
    157 : 11111111;
    158 : 11111111;
    159 : 11111111;
    15A : 11111111;
    15B : 11111111;
    15C : 11111111;
    15D : 11111111;
    15E : 11111111;
    15F : 11111111;
    160 : 11111111;
    161 : 11111111;
    162 : 11111111;
    163 : 11111111;
    164 : 11111111;
    165 : 11111111;
    166 : 11111111;
    167 : 11111111;
    168 : 11111111;
    169 : 11111111;
    16A : 11111111;
    16B : 11111111;
    16C : 11111111;
    16D : 11111111;
    16E : 11111111;
    16F : 11111111;
    170 : 11111111;
    171 : 11111111;
    172 : 11111111;
    173 : 11111111;
    174 : 11111111;
    175 : 11111111;
    176 : 11111111;
    177 : 11111111;
    178 : 11111111;
    179 : 11111111;
    17A : 11111111;
    17B : 11111111;
    17C : 11111111;
    17D : 11111111;
    17E : 11111111;
    17F : 11111111;
    180 : 11111111;
    181 : 11111111;
    182 : 11111111;
    183 : 11111111;
    184 : 11111111;
    185 : 11111111;
    186 : 11111111;
    187 : 11111111;
    188 : 11111111;
    189 : 11111111;
    18A : 11111111;
    18B : 11111111;
    18C : 11111111;
    18D : 11111111;
    18E : 11111111;
    18F : 11111111;
    190 : 11111111;
    191 : 11111111;
    192 : 11111111;
    193 : 11111111;
    194 : 11111111;
    195 : 11111111;
    196 : 11111111;
    197 : 11111111;
    198 : 11111111;
    199 : 11111111;
    19A : 11111111;
    19B : 11111111;
    19C : 11111111;
    19D : 11111111;
    19E : 11111111;
    19F : 11111111;
    1A0 : 11111111;
    1A1 : 11111111;
    1A2 : 11111111;
    1A3 : 11111111;
    1A4 : 11111111;
    1A5 : 11111111;
    1A6 : 11111111;
    1A7 : 11111111;
    1A8 : 11111110;
    1A9 : 11111111;
    1AA : 11111111;
    1AB : 11111111;
    1AC : 11111111;
    1AD : 11111111;
    1AE : 11111111;
    1AF : 11111111;
    1B0 : 11111110;
    1B1 : 11111110;
    1B2 : 11111110;
    1B3 : 11111111;
    1B4 : 11111111;
    1B5 : 11111111;
    1B6 : 11111111;
    1B7 : 11111111;
    1B8 : 11111111;
    1B9 : 11111111;
    1BA : 11111111;
    1BB : 11111111;
    1BC : 11111111;
    1BD : 11111111;
    1BE : 11111111;
    1BF : 11111111;
    1C0 : 11111111;
    1C1 : 11111111;
    1C2 : 11111111;
    1C3 : 11111111;
    1C4 : 11111111;
    1C5 : 11111111;
    1C6 : 11111111;
    1C7 : 11111111;
    1C8 : 11111111;
    1C9 : 11111111;
    1CA : 11111111;
    1CB : 11111111;
    1CC : 11111111;
    1CD : 11111111;
    1CE : 11111111;
    1CF : 11111111;
    1D0 : 11111111;
    1D1 : 11111111;
    1D2 : 11111111;
    1D3 : 11111111;
    1D4 : 11111111;
    1D5 : 11111111;
    1D6 : 11111111;
    1D7 : 11111111;
    1D8 : 11111111;
    1D9 : 11111111;
    1DA : 11111111;
    1DB : 11111111;
    1DC : 11111111;
    1DD : 11111111;
    1DE : 11111111;
    1DF : 11111111;
    1E0 : 11111111;
    1E1 : 11111111;
    1E2 : 11111111;
    1E3 : 11111111;
    1E4 : 11111111;
    1E5 : 11111111;
    1E6 : 11111111;
    1E7 : 11111111;
    1E8 : 11111111;
    1E9 : 11111111;
    1EA : 11111111;
    1EB : 11111111;
    1EC : 11111111;
    1ED : 11111111;
    1EE : 11111111;
    1EF : 11111111;
    1F0 : 11111111;
    1F1 : 11111111;
    1F2 : 11111111;
    1F3 : 11111111;
    1F4 : 11111111;
    1F5 : 11111111;
    1F6 : 11111111;
    1F7 : 11111111;
    1F8 : 11111111;
    1F9 : 11111111;
    1FA : 11111111;
    1FB : 11111111;
    1FC : 11111111;
    1FD : 11111111;
    1FE : 11111111;
    1FF : 11111111;
    200 : 11111111;
    201 : 11111111;
    202 : 11111111;
    203 : 11111111;
    204 : 11111111;
    205 : 11111111;
    206 : 11111111;
    207 : 11111111;
    208 : 11111111;
    209 : 11111111;
    20A : 11111111;
    20B : 11111111;
    20C : 11111111;
    20D : 11111110;
    20E : 11111110;
    20F : 11111110;
    210 : 11111110;
    211 : 11111110;
    212 : 11111110;
    213 : 11111111;
    214 : 11111111;
    215 : 11111111;
    216 : 11111111;
    217 : 11111111;
    218 : 11111111;
    219 : 11111111;
    21A : 11111111;
    21B : 11111111;
    21C : 11111111;
    21D : 11111111;
    21E : 11111111;
    21F : 11111111;
    220 : 11111111;
    221 : 11111111;
    222 : 11111111;
    223 : 11111111;
    224 : 11111111;
    225 : 11111111;
    226 : 11111111;
    227 : 11111111;
    228 : 11111111;
    229 : 11111111;
    22A : 11111111;
    22B : 11111110;
    22C : 11111110;
    22D : 11111111;
    22E : 11111111;
    22F : 11111111;
    230 : 11111111;
    231 : 11111111;
    232 : 11111111;
    233 : 11111111;
    234 : 11111111;
    235 : 11111111;
    236 : 11111111;
    237 : 11111111;
    238 : 11111111;
    239 : 11111111;
    23A : 11111111;
    23B : 11111111;
    23C : 11111111;
    23D : 11111111;
    23E : 11111111;
    23F : 11111111;
    240 : 11111111;
    241 : 11111111;
    242 : 11111111;
    243 : 11111111;
    244 : 11111111;
    245 : 11111111;
    246 : 11111111;
    247 : 11111111;
    248 : 11111111;
    249 : 11111111;
    24A : 11111111;
    24B : 11111111;
    24C : 11111111;
    24D : 11111111;
    24E : 11111111;
    24F : 11111111;
    250 : 11111111;
    251 : 11111111;
    252 : 11111111;
    253 : 11111111;
    254 : 11111111;
    255 : 11111111;
    256 : 11111111;
    257 : 11111111;
    258 : 11111111;
    259 : 11111111;
    25A : 11111111;
    25B : 11111111;
    25C : 11111111;
    25D : 11111111;
    25E : 11111111;
    25F : 11111111;
    260 : 11111111;
    261 : 11111111;
    262 : 11111111;
    263 : 11111111;
    264 : 11111111;
    265 : 11111111;
    266 : 11111111;
    267 : 11111111;
    268 : 11111111;
    269 : 11111111;
    26A : 11111111;
    26B : 11111111;
    26C : 11111111;
    26D : 11111111;
    26E : 11111111;
    26F : 11111111;
    270 : 11111111;
    271 : 11111111;
    272 : 11111111;
    273 : 11111111;
    274 : 11111111;
    275 : 11111111;
    276 : 11111111;
    277 : 11111111;
    278 : 11111111;
    279 : 11111111;
    27A : 11111111;
    27B : 11111111;
    27C : 11111111;
    27D : 11111111;
    27E : 11111111;
    27F : 11111111;
    280 : 11111111;
    281 : 11111111;
    282 : 11111111;
    283 : 11111111;
    284 : 11111111;
    285 : 11111111;
    286 : 11111111;
    287 : 11111111;
    288 : 11111111;
    289 : 11111111;
    28A : 11111111;
    28B : 11111111;
    28C : 11111111;
    28D : 11111111;
    28E : 11111111;
    28F : 11111111;
    290 : 11111111;
    291 : 11111111;
    292 : 11111111;
    293 : 11111111;
    294 : 11111111;
    295 : 11111111;
    296 : 11111111;
    297 : 11111111;
    298 : 11111111;
    299 : 11111111;
    29A : 11111111;
    29B : 11111111;
    29C : 11111111;
    29D : 11111111;
    29E : 11111111;
    29F : 11111111;
    2A0 : 11111111;
    2A1 : 11111111;
    2A2 : 11111111;
    2A3 : 11111111;
    2A4 : 11111111;
    2A5 : 11111111;
    2A6 : 11111111;
    2A7 : 11111111;
    2A8 : 11111110;
    2A9 : 11111110;
    2AA : 11111111;
    2AB : 11111111;
    2AC : 11111111;
    2AD : 11111111;
    2AE : 11111111;
    2AF : 11111111;
    2B0 : 11111110;
    2B1 : 11111110;
    2B2 : 11111111;
    2B3 : 11111111;
    2B4 : 11111111;
    2B5 : 11111111;
    2B6 : 11111111;
    2B7 : 11111111;
    2B8 : 11111111;
    2B9 : 11111111;
    2BA : 11111111;
    2BB : 11111111;
    2BC : 11111111;
    2BD : 11111111;
    2BE : 11111111;
    2BF : 11111111;
    2C0 : 11111111;
    2C1 : 11111111;
    2C2 : 11111111;
    2C3 : 11111111;
    2C4 : 11111111;
    2C5 : 11111111;
    2C6 : 11111111;
    2C7 : 11111111;
    2C8 : 11111111;
    2C9 : 11111111;
    2CA : 11111111;
    2CB : 11111111;
    2CC : 11111111;
    2CD : 11111111;
    2CE : 11111111;
    2CF : 11111111;
    2D0 : 11111111;
    2D1 : 11111111;
    2D2 : 11111111;
    2D3 : 11111111;
    2D4 : 11111111;
    2D5 : 11111111;
    2D6 : 11111111;
    2D7 : 11111111;
    2D8 : 11111111;
    2D9 : 11111111;
    2DA : 11111111;
    2DB : 11111111;
    2DC : 11111111;
    2DD : 11111111;
    2DE : 11111111;
    2DF : 11111111;
    2E0 : 11111111;
    2E1 : 11111111;
    2E2 : 11111111;
    2E3 : 11111111;
    2E4 : 11111111;
    2E5 : 11111111;
    2E6 : 11111111;
    2E7 : 11111111;
    2E8 : 11111111;
    2E9 : 11111111;
    2EA : 11111111;
    2EB : 11111111;
    2EC : 11111111;
    2ED : 11111111;
    2EE : 11111111;
    2EF : 11111110;
    2F0 : 11111111;
    2F1 : 11111111;
    2F2 : 11111111;
    2F3 : 11111111;
    2F4 : 11111111;
    2F5 : 11111111;
    2F6 : 11111111;
    2F7 : 11111111;
    2F8 : 11111111;
    2F9 : 11111111;
    2FA : 11111111;
    2FB : 11111111;
    2FC : 11111111;
    2FD : 11111111;
    2FE : 11111111;
    2FF : 11111111;
    300 : 11111111;
    301 : 11111111;
    302 : 11111111;
    303 : 11111111;
    304 : 11111111;
    305 : 11111111;
    306 : 11111111;
    307 : 11111111;
    308 : 11111111;
    309 : 11111111;
    30A : 11111111;
    30B : 11111111;
    30C : 11111111;
    30D : 11111111;
    30E : 11111111;
    30F : 11111111;
    310 : 11111111;
    311 : 11111111;
    312 : 11111111;
    313 : 11111111;
    314 : 11111111;
    315 : 11111111;
    316 : 11111111;
    317 : 11111111;
    318 : 11111111;
    319 : 11111111;
    31A : 11111111;
    31B : 11111111;
    31C : 11111111;
    31D : 11111111;
    31E : 11111111;
    31F : 11111111;
    320 : 11111111;
    321 : 11111111;
    322 : 11111111;
    323 : 11111111;
    324 : 11111111;
    325 : 11111111;
    326 : 11111111;
    327 : 11111111;
    328 : 11111111;
    329 : 11111111;
    32A : 11111111;
    32B : 11111111;
    32C : 11111111;
    32D : 11111111;
    32E : 11111111;
    32F : 11111111;
    330 : 11111111;
    331 : 11111111;
    332 : 11111111;
    333 : 11111111;
    334 : 11111111;
    335 : 11111111;
    336 : 11111111;
    337 : 11111111;
    338 : 11111111;
    339 : 11111111;
    33A : 11111111;
    33B : 11111111;
    33C : 11111111;
    33D : 11111111;
    33E : 11111111;
    33F : 11111111;
    340 : 11111111;
    341 : 11111111;
    342 : 11111111;
    343 : 11111111;
    344 : 11111111;
    345 : 11111111;
    346 : 11111111;
    347 : 11111111;
    348 : 11111111;
    349 : 11111111;
    34A : 11111111;
    34B : 11111111;
    34C : 11111111;
    34D : 11111111;
    34E : 11111111;
    34F : 11111111;
    350 : 11111111;
    351 : 11111111;
    352 : 11111111;
    353 : 11111111;
    354 : 11111111;
    355 : 11111111;
    356 : 11111111;
    357 : 11111111;
    358 : 11111111;
    359 : 11111111;
    35A : 11111111;
    35B : 11111111;
    35C : 11111111;
    35D : 11111111;
    35E : 11111111;
    35F : 11111111;
    360 : 11111111;
    361 : 11111111;
    362 : 11111111;
    363 : 11111111;
    364 : 11111111;
    365 : 11111111;
    366 : 11111111;
    367 : 11111111;
    368 : 11111111;
    369 : 11111111;
    36A : 11111111;
    36B : 11111111;
    36C : 11111111;
    36D : 11111111;
    36E : 11111111;
    36F : 11111111;
    370 : 11111111;
    371 : 11111111;
    372 : 11111111;
    373 : 11111111;
    374 : 11111111;
    375 : 11111111;
    376 : 11111111;
    377 : 11111111;
    378 : 11111111;
    379 : 11111111;
    37A : 11111111;
    37B : 11111111;
    37C : 11111111;
    37D : 11111111;
    37E : 11111111;
    37F : 11111111;
    380 : 11111111;
    381 : 11111111;
    382 : 11111111;
    383 : 11111111;
    384 : 11111111;
    385 : 11111111;
    386 : 11111111;
    387 : 11111111;
    388 : 11111111;
    389 : 11111111;
    38A : 11111111;
    38B : 11111111;
    38C : 11111111;
    38D : 11111111;
    38E : 11111110;
    38F : 11111110;
    390 : 11111111;
    391 : 11111111;
    392 : 11111111;
    393 : 11111111;
    394 : 11111111;
    395 : 11111111;
    396 : 11111111;
    397 : 11111111;
    398 : 11111111;
    399 : 11111111;
    39A : 11111111;
    39B : 11111111;
    39C : 11111111;
    39D : 11111111;
    39E : 11111111;
    39F : 11111111;
    3A0 : 11111111;
    3A1 : 11111111;
    3A2 : 11111111;
    3A3 : 11111111;
    3A4 : 11111111;
    3A5 : 11111111;
    3A6 : 11111111;
    3A7 : 11111111;
    3A8 : 11111111;
    3A9 : 11111111;
    3AA : 11111111;
    3AB : 11111111;
    3AC : 11111111;
    3AD : 11111111;
    3AE : 11111111;
    3AF : 11111111;
    3B0 : 11111111;
    3B1 : 11111111;
    3B2 : 11111111;
    3B3 : 11111111;
    3B4 : 11111111;
    3B5 : 11111111;
    3B6 : 11111111;
    3B7 : 11111111;
    3B8 : 11111111;
    3B9 : 11111111;
    3BA : 11111111;
    3BB : 11111111;
    3BC : 11111111;
    3BD : 11111111;
    3BE : 11111111;
    3BF : 11111111;
    3C0 : 11111111;
    3C1 : 11111111;
    3C2 : 11111111;
    3C3 : 11111111;
    3C4 : 11111111;
    3C5 : 11111111;
    3C6 : 11111111;
    3C7 : 11111111;
    3C8 : 11111111;
    3C9 : 11111111;
    3CA : 11111111;
    3CB : 11111111;
    3CC : 11111111;
    3CD : 11111111;
    3CE : 11111111;
    3CF : 11111111;
    3D0 : 11111111;
    3D1 : 11111111;
    3D2 : 11111111;
    3D3 : 11111111;
    3D4 : 11111111;
    3D5 : 11111111;
    3D6 : 11111111;
    3D7 : 11111111;
    3D8 : 11111111;
    3D9 : 11111111;
    3DA : 11111111;
    3DB : 11111111;
    3DC : 11111111;
    3DD : 11111111;
    3DE : 11111111;
    3DF : 11111111;
    3E0 : 11111111;
    3E1 : 11111111;
    3E2 : 11111111;
    3E3 : 11111111;
    3E4 : 11111111;
    3E5 : 11111111;
    3E6 : 11111111;
    3E7 : 11111111;
    3E8 : 11111111;
    3E9 : 11111111;
    3EA : 11111111;
    3EB : 11111111;
    3EC : 11111111;
    3ED : 11111110;
    3EE : 11111110;
    3EF : 11111110;
    3F0 : 11111111;
    3F1 : 11111111;
    3F2 : 11111111;
    3F3 : 11111111;
    3F4 : 11111111;
    3F5 : 11111111;
    3F6 : 11111110;
    3F7 : 11111101;
    3F8 : 11111111;
    3F9 : 11111111;
    3FA : 11111111;
    3FB : 11111111;
    3FC : 11111111;
    3FD : 11111111;
    3FE : 11111111;
    3FF : 11111111;
    400 : 11111111;
    401 : 11111111;
    402 : 11111111;
    403 : 11111111;
    404 : 11111111;
    405 : 11111111;
    406 : 11111111;
    407 : 11111111;
    408 : 11111110;
    409 : 11111111;
    40A : 11111111;
    40B : 11111111;
    40C : 11111111;
    40D : 11111111;
    40E : 11111111;
    40F : 11111110;
    410 : 11111111;
    411 : 11111111;
    412 : 11111111;
    413 : 11111111;
    414 : 11111111;
    415 : 11111111;
    416 : 11111111;
    417 : 11111111;
    418 : 11111111;
    419 : 11111111;
    41A : 11111111;
    41B : 11111111;
    41C : 11111111;
    41D : 11111111;
    41E : 11111111;
    41F : 11111111;
    420 : 11111111;
    421 : 11111111;
    422 : 11111111;
    423 : 11111111;
    424 : 11111111;
    425 : 11111111;
    426 : 11111111;
    427 : 11111111;
    428 : 11111110;
    429 : 11111110;
    42A : 11111110;
    42B : 11111110;
    42C : 11111110;
    42D : 11111111;
    42E : 11111111;
    42F : 11111111;
    430 : 11111110;
    431 : 11111110;
    432 : 11111110;
    433 : 11111110;
    434 : 11111111;
    435 : 11111111;
    436 : 11111111;
    437 : 11111111;
    438 : 11111111;
    439 : 11111111;
    43A : 11111111;
    43B : 11111111;
    43C : 11111111;
    43D : 11111111;
    43E : 11111111;
    43F : 11111111;
    440 : 11111111;
    441 : 11111111;
    442 : 11111111;
    443 : 11111111;
    444 : 11111111;
    445 : 11111111;
    446 : 11111111;
    447 : 11111111;
    448 : 11111111;
    449 : 11111111;
    44A : 11111111;
    44B : 11111111;
    44C : 11111111;
    44D : 11111111;
    44E : 11111111;
    44F : 11111111;
    450 : 11111111;
    451 : 11111111;
    452 : 11111111;
    453 : 11111111;
    454 : 11111111;
    455 : 11111111;
    456 : 11111111;
    457 : 11111111;
    458 : 11111111;
    459 : 11111111;
    45A : 11111111;
    45B : 11111111;
    45C : 11111111;
    45D : 11111111;
    45E : 11111111;
    45F : 11111111;
    460 : 11111111;
    461 : 11111111;
    462 : 11111111;
    463 : 11111111;
    464 : 11111111;
    465 : 11111111;
    466 : 11111111;
    467 : 11111111;
    468 : 11111111;
    469 : 11111111;
    46A : 11111111;
    46B : 11111111;
    46C : 11111111;
    46D : 11111111;
    46E : 11111111;
    46F : 11111111;
    470 : 11111111;
    471 : 11111111;
    472 : 11111111;
    473 : 11111111;
    474 : 11111111;
    475 : 11111111;
    476 : 11111111;
    477 : 11111111;
    478 : 11111101;
    479 : 11111100;
    47A : 11111100;
    47B : 11111100;
    47C : 11111100;
    47D : 11111100;
    47E : 11111100;
    47F : 11111101;
    480 : 11111111;
    481 : 11111111;
    482 : 11111111;
    483 : 11111111;
    484 : 11111111;
    485 : 11111111;
    486 : 11111111;
    487 : 11111111;
    488 : 11111111;
    489 : 11111111;
    48A : 11111110;
    48B : 11111110;
    48C : 11111101;
    48D : 11111100;
    48E : 11111100;
    48F : 11111011;
    490 : 11111110;
    491 : 11111110;
    492 : 11111110;
    493 : 11111110;
    494 : 11111110;
    495 : 11111101;
    496 : 11111100;
    497 : 11111100;
    498 : 11111100;
    499 : 11111100;
    49A : 11111100;
    49B : 11111100;
    49C : 11111100;
    49D : 11111100;
    49E : 11111100;
    49F : 11111100;
    4A0 : 11111100;
    4A1 : 11111100;
    4A2 : 11111100;
    4A3 : 11111100;
    4A4 : 11111100;
    4A5 : 11111100;
    4A6 : 11111100;
    4A7 : 11111100;
    4A8 : 11111101;
    4A9 : 11111101;
    4AA : 11111110;
    4AB : 11111110;
    4AC : 11111110;
    4AD : 11111110;
    4AE : 11111101;
    4AF : 11111101;
    4B0 : 11111100;
    4B1 : 11111100;
    4B2 : 11111100;
    4B3 : 11111100;
    4B4 : 11111100;
    4B5 : 11111100;
    4B6 : 11111100;
    4B7 : 11111100;
    4B8 : 11111100;
    4B9 : 11111100;
    4BA : 11111100;
    4BB : 11111100;
    4BC : 11111100;
    4BD : 11111100;
    4BE : 11111100;
    4BF : 11111100;
    4C0 : 11111111;
    4C1 : 11111111;
    4C2 : 11111111;
    4C3 : 11111111;
    4C4 : 11111111;
    4C5 : 11111111;
    4C6 : 11111111;
    4C7 : 11111111;
    4C8 : 11111100;
    4C9 : 11111100;
    4CA : 11111101;
    4CB : 11111101;
    4CC : 11111110;
    4CD : 11111111;
    4CE : 11111111;
    4CF : 11111111;
    4D0 : 11111100;
    4D1 : 11111100;
    4D2 : 11111101;
    4D3 : 11111101;
    4D4 : 11111110;
    4D5 : 11111111;
    4D6 : 11111111;
    4D7 : 11111111;
    4D8 : 11111111;
    4D9 : 11111111;
    4DA : 11111111;
    4DB : 11111111;
    4DC : 11111111;
    4DD : 11111111;
    4DE : 11111111;
    4DF : 11111111;
    4E0 : 11111111;
    4E1 : 11111111;
    4E2 : 11111111;
    4E3 : 11111111;
    4E4 : 11111111;
    4E5 : 11111111;
    4E6 : 11111111;
    4E7 : 11111111;
    4E8 : 11111111;
    4E9 : 11111111;
    4EA : 11111111;
    4EB : 11111111;
    4EC : 11111111;
    4ED : 11111111;
    4EE : 11111111;
    4EF : 11111111;
    4F0 : 11111111;
    4F1 : 11111111;
    4F2 : 11111111;
    4F3 : 11111111;
    4F4 : 11111111;
    4F5 : 11111111;
    4F6 : 11111111;
    4F7 : 11111111;
    4F8 : 11111111;
    4F9 : 11111111;
    4FA : 11111111;
    4FB : 11111111;
    4FC : 11111111;
    4FD : 11111111;
    4FE : 11111111;
    4FF : 11111111;
    500 : 11111111;
    501 : 11111111;
    502 : 11111111;
    503 : 11111111;
    504 : 11111111;
    505 : 11111111;
    506 : 11111111;
    507 : 11111111;
    508 : 11111111;
    509 : 11111111;
    50A : 11111111;
    50B : 11111111;
    50C : 11111111;
    50D : 11111111;
    50E : 11111111;
    50F : 11111111;
    510 : 11111111;
    511 : 11111111;
    512 : 11111111;
    513 : 11111110;
    514 : 11111111;
    515 : 11111111;
    516 : 11111111;
    517 : 11111110;
    518 : 11111011;
    519 : 11111111;
    51A : 11111110;
    51B : 11111111;
    51C : 11111100;
    51D : 11111111;
    51E : 11111110;
    51F : 11111111;
    520 : 11111111;
    521 : 11111100;
    522 : 11111110;
    523 : 11111111;
    524 : 11111111;
    525 : 11111111;
    526 : 11111111;
    527 : 11111111;
    528 : 11111100;
    529 : 11111111;
    52A : 11110111;
    52B : 11111111;
    52C : 11111111;
    52D : 11111111;
    52E : 11111100;
    52F : 11111111;
    530 : 11111111;
    531 : 11111011;
    532 : 11111111;
    533 : 11111111;
    534 : 11111100;
    535 : 11111111;
    536 : 11111010;
    537 : 11111111;
    538 : 11111111;
    539 : 11111101;
    53A : 11111111;
    53B : 11111111;
    53C : 11111111;
    53D : 11111101;
    53E : 11111111;
    53F : 11111101;
    540 : 11111111;
    541 : 11111111;
    542 : 11111111;
    543 : 11111111;
    544 : 11111111;
    545 : 11111111;
    546 : 11111111;
    547 : 11111111;
    548 : 11111011;
    549 : 11111111;
    54A : 11111111;
    54B : 11111000;
    54C : 11111111;
    54D : 11111110;
    54E : 11111101;
    54F : 11111111;
    550 : 11111111;
    551 : 11111001;
    552 : 11111111;
    553 : 11111101;
    554 : 11111111;
    555 : 11111101;
    556 : 11111111;
    557 : 11111110;
    558 : 11111111;
    559 : 11111110;
    55A : 11111111;
    55B : 11111111;
    55C : 11111110;
    55D : 11111111;
    55E : 11111111;
    55F : 11111101;
    560 : 11111111;
    561 : 11111011;
    562 : 11111111;
    563 : 11111111;
    564 : 11111110;
    565 : 11111111;
    566 : 11111011;
    567 : 11111111;
    568 : 11111111;
    569 : 11111110;
    56A : 11111111;
    56B : 11111010;
    56C : 11111010;
    56D : 11110011;
    56E : 11110110;
    56F : 11111010;
    570 : 11111101;
    571 : 11111111;
    572 : 11111101;
    573 : 11111111;
    574 : 11111010;
    575 : 11111110;
    576 : 11111111;
    577 : 11111101;
    578 : 11111111;
    579 : 11111110;
    57A : 11111111;
    57B : 11111101;
    57C : 11111110;
    57D : 11111111;
    57E : 11111101;
    57F : 11111111;
    580 : 11111111;
    581 : 11111111;
    582 : 11111111;
    583 : 11111111;
    584 : 11111111;
    585 : 11111111;
    586 : 11111111;
    587 : 11111111;
    588 : 11111111;
    589 : 11111111;
    58A : 11111111;
    58B : 11111111;
    58C : 11111111;
    58D : 11111111;
    58E : 11111111;
    58F : 11111111;
    590 : 11111111;
    591 : 11111111;
    592 : 11111111;
    593 : 11111111;
    594 : 11111111;
    595 : 11111111;
    596 : 11111111;
    597 : 11111111;
    598 : 11111111;
    599 : 11111111;
    59A : 11111111;
    59B : 11111111;
    59C : 11111111;
    59D : 11111111;
    59E : 11111111;
    59F : 11111111;
    5A0 : 11111111;
    5A1 : 11111111;
    5A2 : 11111111;
    5A3 : 11111111;
    5A4 : 11111111;
    5A5 : 11111111;
    5A6 : 11111111;
    5A7 : 11111111;
    5A8 : 11111111;
    5A9 : 11111111;
    5AA : 11111111;
    5AB : 11111111;
    5AC : 11111111;
    5AD : 11111111;
    5AE : 11111111;
    5AF : 11111111;
    5B0 : 11111111;
    5B1 : 11111111;
    5B2 : 11111111;
    5B3 : 11111111;
    5B4 : 11111111;
    5B5 : 11111111;
    5B6 : 11111111;
    5B7 : 11111110;
    5B8 : 11111111;
    5B9 : 11010101;
    5BA : 01011110;
    5BB : 01010101;
    5BC : 01011000;
    5BD : 01010101;
    5BE : 01011111;
    5BF : 11101101;
    5C0 : 11111111;
    5C1 : 11111100;
    5C2 : 11111110;
    5C3 : 11111111;
    5C4 : 11111111;
    5C5 : 11111111;
    5C6 : 11111111;
    5C7 : 11111111;
    5C8 : 11111111;
    5C9 : 11111110;
    5CA : 11111111;
    5CB : 01111110;
    5CC : 01001101;
    5CD : 01010100;
    5CE : 01011111;
    5CF : 01001100;
    5D0 : 10101010;
    5D1 : 11111111;
    5D2 : 11111100;
    5D3 : 11111010;
    5D4 : 11111111;
    5D5 : 10000000;
    5D6 : 01010001;
    5D7 : 01010110;
    5D8 : 01010100;
    5D9 : 01010101;
    5DA : 01010111;
    5DB : 01010011;
    5DC : 01010111;
    5DD : 01010111;
    5DE : 01011001;
    5DF : 01011000;
    5E0 : 01010101;
    5E1 : 01010101;
    5E2 : 01010101;
    5E3 : 01010101;
    5E4 : 01010101;
    5E5 : 01010101;
    5E6 : 01010101;
    5E7 : 01010101;
    5E8 : 01100011;
    5E9 : 11101000;
    5EA : 11111100;
    5EB : 11111111;
    5EC : 11010000;
    5ED : 01010101;
    5EE : 01010110;
    5EF : 01010110;
    5F0 : 01001101;
    5F1 : 01011101;
    5F2 : 01010000;
    5F3 : 01010110;
    5F4 : 01010101;
    5F5 : 01010101;
    5F6 : 01001110;
    5F7 : 01011010;
    5F8 : 01010101;
    5F9 : 01010100;
    5FA : 01010101;
    5FB : 01010101;
    5FC : 01010100;
    5FD : 01010110;
    5FE : 01010110;
    5FF : 01010011;
    600 : 10111110;
    601 : 11111111;
    602 : 11111111;
    603 : 11111100;
    604 : 11111011;
    605 : 11111111;
    606 : 11111111;
    607 : 11110110;
    608 : 10111100;
    609 : 01110011;
    60A : 01000101;
    60B : 00101001;
    60C : 00011001;
    60D : 00011000;
    60E : 00011110;
    60F : 00101101;
    610 : 01001000;
    611 : 01110101;
    612 : 10111100;
    613 : 11111111;
    614 : 11111111;
    615 : 11110111;
    616 : 11111011;
    617 : 11111111;
    618 : 11111100;
    619 : 11111111;
    61A : 11111100;
    61B : 11111111;
    61C : 11111111;
    61D : 11111111;
    61E : 11111100;
    61F : 11111111;
    620 : 11111111;
    621 : 11111111;
    622 : 11111111;
    623 : 11111111;
    624 : 11111111;
    625 : 11111111;
    626 : 11111111;
    627 : 11111111;
    628 : 11111111;
    629 : 11111111;
    62A : 11111111;
    62B : 11111111;
    62C : 11111111;
    62D : 11111111;
    62E : 11111111;
    62F : 11111111;
    630 : 11111111;
    631 : 11111111;
    632 : 11111111;
    633 : 11111111;
    634 : 11111111;
    635 : 11111111;
    636 : 11111111;
    637 : 11111111;
    638 : 11111111;
    639 : 11111111;
    63A : 11111111;
    63B : 11111111;
    63C : 11111111;
    63D : 11111111;
    63E : 11111111;
    63F : 11111111;
    640 : 11111111;
    641 : 11111111;
    642 : 11111111;
    643 : 11111111;
    644 : 11111111;
    645 : 11111111;
    646 : 11111111;
    647 : 11111111;
    648 : 11111111;
    649 : 11111111;
    64A : 11111111;
    64B : 11111111;
    64C : 11111111;
    64D : 11111111;
    64E : 11111111;
    64F : 11111111;
    650 : 11111111;
    651 : 11111111;
    652 : 11111111;
    653 : 11111111;
    654 : 11111111;
    655 : 11111111;
    656 : 11111111;
    657 : 11111101;
    658 : 11111111;
    659 : 10100110;
    65A : 00000000;
    65B : 00000000;
    65C : 00000000;
    65D : 00000000;
    65E : 00000000;
    65F : 11001001;
    660 : 11111111;
    661 : 11111100;
    662 : 11111110;
    663 : 11111111;
    664 : 11111111;
    665 : 11111111;
    666 : 11111111;
    667 : 11111111;
    668 : 11111001;
    669 : 11111111;
    66A : 11111110;
    66B : 00011101;
    66C : 00000000;
    66D : 00000000;
    66E : 00000000;
    66F : 00000000;
    670 : 01001100;
    671 : 11111101;
    672 : 11111011;
    673 : 11111111;
    674 : 11110110;
    675 : 00001110;
    676 : 00000000;
    677 : 00000001;
    678 : 00000001;
    679 : 00000000;
    67A : 00000000;
    67B : 00000000;
    67C : 00000011;
    67D : 00000000;
    67E : 00000000;
    67F : 00000000;
    680 : 00000000;
    681 : 00000000;
    682 : 00000000;
    683 : 00000000;
    684 : 00000000;
    685 : 00000000;
    686 : 00000000;
    687 : 00000000;
    688 : 00000010;
    689 : 11000111;
    68A : 11111011;
    68B : 11111110;
    68C : 10011110;
    68D : 00000000;
    68E : 00000011;
    68F : 00000000;
    690 : 00000001;
    691 : 00000010;
    692 : 00000000;
    693 : 00000000;
    694 : 00000011;
    695 : 00000110;
    696 : 00000000;
    697 : 00000001;
    698 : 00000000;
    699 : 00000000;
    69A : 00000000;
    69B : 00000000;
    69C : 00000000;
    69D : 00000001;
    69E : 00000001;
    69F : 00000000;
    6A0 : 01111011;
    6A1 : 11111111;
    6A2 : 11111100;
    6A3 : 11111111;
    6A4 : 11111111;
    6A5 : 11111110;
    6A6 : 10100101;
    6A7 : 00101101;
    6A8 : 00000011;
    6A9 : 00000000;
    6AA : 00000001;
    6AB : 00000100;
    6AC : 00000010;
    6AD : 00000000;
    6AE : 00000000;
    6AF : 00000001;
    6B0 : 00000000;
    6B1 : 00000010;
    6B2 : 00000000;
    6B3 : 00101100;
    6B4 : 10100100;
    6B5 : 11111111;
    6B6 : 11111101;
    6B7 : 11111111;
    6B8 : 11111101;
    6B9 : 11111111;
    6BA : 11111010;
    6BB : 11111111;
    6BC : 11111111;
    6BD : 11111111;
    6BE : 11111110;
    6BF : 11111111;
    6C0 : 11111111;
    6C1 : 11111111;
    6C2 : 11111111;
    6C3 : 11111111;
    6C4 : 11111111;
    6C5 : 11111111;
    6C6 : 11111111;
    6C7 : 11111111;
    6C8 : 11111111;
    6C9 : 11111111;
    6CA : 11111111;
    6CB : 11111111;
    6CC : 11111111;
    6CD : 11111111;
    6CE : 11111111;
    6CF : 11111111;
    6D0 : 11111111;
    6D1 : 11111111;
    6D2 : 11111111;
    6D3 : 11111111;
    6D4 : 11111111;
    6D5 : 11111111;
    6D6 : 11111111;
    6D7 : 11111111;
    6D8 : 11111111;
    6D9 : 11111111;
    6DA : 11111111;
    6DB : 11111111;
    6DC : 11111111;
    6DD : 11111111;
    6DE : 11111111;
    6DF : 11111111;
    6E0 : 11111111;
    6E1 : 11111111;
    6E2 : 11111111;
    6E3 : 11111111;
    6E4 : 11111111;
    6E5 : 11111111;
    6E6 : 11111111;
    6E7 : 11111111;
    6E8 : 11111111;
    6E9 : 11111111;
    6EA : 11111111;
    6EB : 11111111;
    6EC : 11111111;
    6ED : 11111111;
    6EE : 11111111;
    6EF : 11111111;
    6F0 : 11111111;
    6F1 : 11111111;
    6F2 : 11111111;
    6F3 : 11111111;
    6F4 : 11111111;
    6F5 : 11111111;
    6F6 : 11111110;
    6F7 : 11111100;
    6F8 : 11111111;
    6F9 : 10011111;
    6FA : 00000001;
    6FB : 00001000;
    6FC : 00000111;
    6FD : 00000111;
    6FE : 00000101;
    6FF : 11000110;
    700 : 11111111;
    701 : 11111100;
    702 : 11111110;
    703 : 11111111;
    704 : 11111111;
    705 : 11111111;
    706 : 11111111;
    707 : 11111111;
    708 : 11111111;
    709 : 11110111;
    70A : 11111011;
    70B : 00101011;
    70C : 00000000;
    70D : 00000001;
    70E : 00001110;
    70F : 00000000;
    710 : 01011001;
    711 : 11111100;
    712 : 11111101;
    713 : 11111101;
    714 : 11110111;
    715 : 00100011;
    716 : 00000011;
    717 : 00000100;
    718 : 00000001;
    719 : 00000101;
    71A : 00000110;
    71B : 00000101;
    71C : 00001100;
    71D : 00001000;
    71E : 00000111;
    71F : 00001001;
    720 : 00000111;
    721 : 00000111;
    722 : 00000111;
    723 : 00000111;
    724 : 00000111;
    725 : 00000111;
    726 : 00000111;
    727 : 00000111;
    728 : 00000100;
    729 : 11000110;
    72A : 11111111;
    72B : 11111111;
    72C : 10100000;
    72D : 00000000;
    72E : 00000110;
    72F : 00001000;
    730 : 00000010;
    731 : 00000010;
    732 : 00000011;
    733 : 00000110;
    734 : 00000101;
    735 : 00000010;
    736 : 00001011;
    737 : 00000101;
    738 : 00000111;
    739 : 00000110;
    73A : 00000111;
    73B : 00000111;
    73C : 00000110;
    73D : 00000111;
    73E : 00001000;
    73F : 00000100;
    740 : 01111111;
    741 : 11111111;
    742 : 11101101;
    743 : 11111011;
    744 : 11111001;
    745 : 01001111;
    746 : 00000000;
    747 : 00000000;
    748 : 00000001;
    749 : 00001011;
    74A : 00000101;
    74B : 00000011;
    74C : 00001000;
    74D : 00000001;
    74E : 00000101;
    74F : 00000110;
    750 : 00000111;
    751 : 00000010;
    752 : 00000101;
    753 : 00000001;
    754 : 00000000;
    755 : 01010010;
    756 : 11101011;
    757 : 11111111;
    758 : 11111110;
    759 : 11111111;
    75A : 11111110;
    75B : 11111111;
    75C : 11111101;
    75D : 11111111;
    75E : 11111111;
    75F : 11111111;
    760 : 11111111;
    761 : 11111111;
    762 : 11111111;
    763 : 11111111;
    764 : 11111111;
    765 : 11111111;
    766 : 11111111;
    767 : 11111111;
    768 : 11111111;
    769 : 11111111;
    76A : 11111111;
    76B : 11111111;
    76C : 11111111;
    76D : 11111111;
    76E : 11111111;
    76F : 11111111;
    770 : 11111111;
    771 : 11111111;
    772 : 11111111;
    773 : 11111111;
    774 : 11111111;
    775 : 11111111;
    776 : 11111111;
    777 : 11111111;
    778 : 11111111;
    779 : 11111111;
    77A : 11111111;
    77B : 11111111;
    77C : 11111111;
    77D : 11111111;
    77E : 11111111;
    77F : 11111111;
    780 : 11111111;
    781 : 11111111;
    782 : 11111111;
    783 : 11111111;
    784 : 11111111;
    785 : 11111111;
    786 : 11111111;
    787 : 11111111;
    788 : 11111111;
    789 : 11111111;
    78A : 11111111;
    78B : 11111111;
    78C : 11111111;
    78D : 11111111;
    78E : 11111111;
    78F : 11111111;
    790 : 11111111;
    791 : 11111111;
    792 : 11111111;
    793 : 11111111;
    794 : 11111111;
    795 : 11111111;
    796 : 11111110;
    797 : 11111100;
    798 : 11111111;
    799 : 10100000;
    79A : 00000010;
    79B : 00000010;
    79C : 00000000;
    79D : 00000000;
    79E : 00000000;
    79F : 11001011;
    7A0 : 11111111;
    7A1 : 11111100;
    7A2 : 11111110;
    7A3 : 11111111;
    7A4 : 11111111;
    7A5 : 11111111;
    7A6 : 11111111;
    7A7 : 11111111;
    7A8 : 11111100;
    7A9 : 11111111;
    7AA : 11111011;
    7AB : 00101001;
    7AC : 00000100;
    7AD : 00000010;
    7AE : 00000001;
    7AF : 00000000;
    7B0 : 01010010;
    7B1 : 11111111;
    7B2 : 11111010;
    7B3 : 11111011;
    7B4 : 11110100;
    7B5 : 00011001;
    7B6 : 00000001;
    7B7 : 00000011;
    7B8 : 00000000;
    7B9 : 00000000;
    7BA : 00000011;
    7BB : 00000001;
    7BC : 00000000;
    7BD : 00000000;
    7BE : 00000011;
    7BF : 00000000;
    7C0 : 00000001;
    7C1 : 00000001;
    7C2 : 00000001;
    7C3 : 00000001;
    7C4 : 00000001;
    7C5 : 00000001;
    7C6 : 00000001;
    7C7 : 00000001;
    7C8 : 00000000;
    7C9 : 11001110;
    7CA : 11111100;
    7CB : 11111010;
    7CC : 10100011;
    7CD : 00000000;
    7CE : 00000010;
    7CF : 00000000;
    7D0 : 00000000;
    7D1 : 00000110;
    7D2 : 00000000;
    7D3 : 00000110;
    7D4 : 00000000;
    7D5 : 00000000;
    7D6 : 00000011;
    7D7 : 00000001;
    7D8 : 00000001;
    7D9 : 00000000;
    7DA : 00000001;
    7DB : 00000001;
    7DC : 00000000;
    7DD : 00000001;
    7DE : 00000010;
    7DF : 00000000;
    7E0 : 01111110;
    7E1 : 11111111;
    7E2 : 11111111;
    7E3 : 11111011;
    7E4 : 01000010;
    7E5 : 00000000;
    7E6 : 00000101;
    7E7 : 00000000;
    7E8 : 00000011;
    7E9 : 00000000;
    7EA : 00000000;
    7EB : 00000000;
    7EC : 00000010;
    7ED : 00000000;
    7EE : 00000101;
    7EF : 00000000;
    7F0 : 00000000;
    7F1 : 00000010;
    7F2 : 00000001;
    7F3 : 00000000;
    7F4 : 00000111;
    7F5 : 00000010;
    7F6 : 00111001;
    7F7 : 11110100;
    7F8 : 11111111;
    7F9 : 11111010;
    7FA : 11111111;
    7FB : 11111111;
    7FC : 11111111;
    7FD : 11111111;
    7FE : 11111111;
    7FF : 11111100;
    800 : 11111111;
    801 : 11111111;
    802 : 11111111;
    803 : 11111111;
    804 : 11111111;
    805 : 11111111;
    806 : 11111111;
    807 : 11111111;
    808 : 11111111;
    809 : 11111111;
    80A : 11111111;
    80B : 11111111;
    80C : 11111111;
    80D : 11111111;
    80E : 11111111;
    80F : 11111111;
    810 : 11111111;
    811 : 11111111;
    812 : 11111111;
    813 : 11111111;
    814 : 11111111;
    815 : 11111111;
    816 : 11111111;
    817 : 11111111;
    818 : 11111111;
    819 : 11111111;
    81A : 11111111;
    81B : 11111111;
    81C : 11111111;
    81D : 11111111;
    81E : 11111111;
    81F : 11111111;
    820 : 11111111;
    821 : 11111111;
    822 : 11111111;
    823 : 11111111;
    824 : 11111111;
    825 : 11111111;
    826 : 11111111;
    827 : 11111111;
    828 : 11111111;
    829 : 11111111;
    82A : 11111111;
    82B : 11111111;
    82C : 11111111;
    82D : 11111111;
    82E : 11111111;
    82F : 11111111;
    830 : 11111111;
    831 : 11111111;
    832 : 11111111;
    833 : 11111111;
    834 : 11111111;
    835 : 11111111;
    836 : 11111110;
    837 : 11111100;
    838 : 11111111;
    839 : 10100101;
    83A : 00000001;
    83B : 00000110;
    83C : 00000000;
    83D : 00000010;
    83E : 00000000;
    83F : 11001011;
    840 : 11111111;
    841 : 11111100;
    842 : 11111110;
    843 : 11111111;
    844 : 11111111;
    845 : 11111111;
    846 : 11111111;
    847 : 11111111;
    848 : 11111100;
    849 : 11111111;
    84A : 11111111;
    84B : 00100101;
    84C : 00000000;
    84D : 00000010;
    84E : 00000000;
    84F : 00000000;
    850 : 01010110;
    851 : 11111100;
    852 : 11111111;
    853 : 11111101;
    854 : 11111010;
    855 : 00011111;
    856 : 00000000;
    857 : 00000011;
    858 : 00000100;
    859 : 00000000;
    85A : 00101100;
    85B : 01101001;
    85C : 01100011;
    85D : 01100010;
    85E : 01100101;
    85F : 01100011;
    860 : 01100010;
    861 : 01100010;
    862 : 01100010;
    863 : 01100010;
    864 : 01100010;
    865 : 01100010;
    866 : 01100010;
    867 : 01100010;
    868 : 01110000;
    869 : 11101100;
    86A : 11111101;
    86B : 11111100;
    86C : 10100011;
    86D : 00000001;
    86E : 00001010;
    86F : 00000000;
    870 : 00000001;
    871 : 00000000;
    872 : 01010110;
    873 : 01100110;
    874 : 01100010;
    875 : 01100111;
    876 : 01100001;
    877 : 01100010;
    878 : 01100010;
    879 : 01100001;
    87A : 01100010;
    87B : 01100010;
    87C : 01100001;
    87D : 01100010;
    87E : 01100011;
    87F : 01011111;
    880 : 11000111;
    881 : 11111011;
    882 : 11111101;
    883 : 10000000;
    884 : 00000000;
    885 : 00000110;
    886 : 00000110;
    887 : 00000110;
    888 : 00000011;
    889 : 00000000;
    88A : 01001001;
    88B : 10001110;
    88C : 10100001;
    88D : 10101010;
    88E : 10100111;
    88F : 10001000;
    890 : 01000011;
    891 : 00000001;
    892 : 00000101;
    893 : 00000000;
    894 : 00000000;
    895 : 00000001;
    896 : 00000010;
    897 : 01101100;
    898 : 11111110;
    899 : 11111111;
    89A : 11111101;
    89B : 11111111;
    89C : 11111111;
    89D : 11111101;
    89E : 11111111;
    89F : 11111110;
    8A0 : 11111111;
    8A1 : 11111111;
    8A2 : 11111111;
    8A3 : 11111111;
    8A4 : 11111111;
    8A5 : 11111111;
    8A6 : 11111111;
    8A7 : 11111111;
    8A8 : 11111111;
    8A9 : 11111111;
    8AA : 11111111;
    8AB : 11111111;
    8AC : 11111111;
    8AD : 11111111;
    8AE : 11111111;
    8AF : 11111111;
    8B0 : 11111111;
    8B1 : 11111111;
    8B2 : 11111111;
    8B3 : 11111111;
    8B4 : 11111111;
    8B5 : 11111111;
    8B6 : 11111111;
    8B7 : 11111111;
    8B8 : 11111111;
    8B9 : 11111111;
    8BA : 11111111;
    8BB : 11111111;
    8BC : 11111111;
    8BD : 11111111;
    8BE : 11111111;
    8BF : 11111111;
    8C0 : 11111111;
    8C1 : 11111111;
    8C2 : 11111111;
    8C3 : 11111111;
    8C4 : 11111111;
    8C5 : 11111111;
    8C6 : 11111111;
    8C7 : 11111111;
    8C8 : 11111111;
    8C9 : 11111111;
    8CA : 11111111;
    8CB : 11111111;
    8CC : 11111111;
    8CD : 11111111;
    8CE : 11111111;
    8CF : 11111111;
    8D0 : 11111110;
    8D1 : 11111111;
    8D2 : 11111111;
    8D3 : 11111111;
    8D4 : 11111111;
    8D5 : 11111111;
    8D6 : 11111110;
    8D7 : 11111100;
    8D8 : 11111111;
    8D9 : 10100011;
    8DA : 00000000;
    8DB : 00000100;
    8DC : 00000000;
    8DD : 00000101;
    8DE : 00000011;
    8DF : 11000101;
    8E0 : 11111111;
    8E1 : 11111100;
    8E2 : 11111110;
    8E3 : 11111111;
    8E4 : 11111111;
    8E5 : 11111111;
    8E6 : 11111111;
    8E7 : 11111111;
    8E8 : 11111111;
    8E9 : 11111001;
    8EA : 11111111;
    8EB : 00101011;
    8EC : 00000000;
    8ED : 00000100;
    8EE : 00000101;
    8EF : 00000001;
    8F0 : 01010111;
    8F1 : 11111011;
    8F2 : 11111000;
    8F3 : 11111111;
    8F4 : 11110110;
    8F5 : 00010110;
    8F6 : 00000110;
    8F7 : 00000000;
    8F8 : 00000010;
    8F9 : 00000011;
    8FA : 01101100;
    8FB : 11111101;
    8FC : 11111111;
    8FD : 11111110;
    8FE : 11111111;
    8FF : 11111111;
    900 : 11111111;
    901 : 11111111;
    902 : 11111111;
    903 : 11111111;
    904 : 11111111;
    905 : 11111111;
    906 : 11111111;
    907 : 11111111;
    908 : 11111111;
    909 : 11111111;
    90A : 11111010;
    90B : 11111111;
    90C : 10100000;
    90D : 00000000;
    90E : 00000000;
    90F : 00000010;
    910 : 00000011;
    911 : 00000011;
    912 : 11011111;
    913 : 11111111;
    914 : 11111011;
    915 : 11111111;
    916 : 11111101;
    917 : 11111111;
    918 : 11111111;
    919 : 11111111;
    91A : 11111111;
    91B : 11111111;
    91C : 11111111;
    91D : 11111111;
    91E : 11111111;
    91F : 11111110;
    920 : 11111111;
    921 : 11111110;
    922 : 11110010;
    923 : 00010111;
    924 : 00000000;
    925 : 00000111;
    926 : 00000000;
    927 : 00000000;
    928 : 00001110;
    929 : 10110001;
    92A : 11111110;
    92B : 11111110;
    92C : 11111111;
    92D : 11111111;
    92E : 11111000;
    92F : 11111111;
    930 : 11111111;
    931 : 10111011;
    932 : 00010010;
    933 : 00000110;
    934 : 00000000;
    935 : 00000110;
    936 : 00000001;
    937 : 00000000;
    938 : 11001011;
    939 : 11111111;
    93A : 11111011;
    93B : 11111111;
    93C : 11111101;
    93D : 11111100;
    93E : 11111111;
    93F : 11111111;
    940 : 11111111;
    941 : 11111111;
    942 : 11111111;
    943 : 11111111;
    944 : 11111111;
    945 : 11111111;
    946 : 11111111;
    947 : 11111111;
    948 : 11111111;
    949 : 11111111;
    94A : 11111111;
    94B : 11111111;
    94C : 11111111;
    94D : 11111111;
    94E : 11111111;
    94F : 11111111;
    950 : 11111111;
    951 : 11111111;
    952 : 11111111;
    953 : 11111111;
    954 : 11111111;
    955 : 11111111;
    956 : 11111111;
    957 : 11111111;
    958 : 11111111;
    959 : 11111111;
    95A : 11111111;
    95B : 11111111;
    95C : 11111111;
    95D : 11111111;
    95E : 11111111;
    95F : 11111111;
    960 : 11111111;
    961 : 11111111;
    962 : 11111111;
    963 : 11111111;
    964 : 11111111;
    965 : 11111111;
    966 : 11111111;
    967 : 11111111;
    968 : 11111111;
    969 : 11111111;
    96A : 11111111;
    96B : 11111111;
    96C : 11111111;
    96D : 11111111;
    96E : 11111111;
    96F : 11111111;
    970 : 11111110;
    971 : 11111111;
    972 : 11111111;
    973 : 11111111;
    974 : 11111111;
    975 : 11111111;
    976 : 11111110;
    977 : 11111100;
    978 : 11111100;
    979 : 10101000;
    97A : 00000001;
    97B : 00000010;
    97C : 00000110;
    97D : 00000000;
    97E : 00000000;
    97F : 11001010;
    980 : 11111111;
    981 : 11111100;
    982 : 11111110;
    983 : 11111111;
    984 : 11111111;
    985 : 11111111;
    986 : 11111111;
    987 : 11111111;
    988 : 11111110;
    989 : 11111111;
    98A : 11111011;
    98B : 00101011;
    98C : 00000000;
    98D : 00000010;
    98E : 00000101;
    98F : 00000000;
    990 : 01010111;
    991 : 11111110;
    992 : 11111101;
    993 : 11111111;
    994 : 11110010;
    995 : 00100010;
    996 : 00000000;
    997 : 00000011;
    998 : 00000011;
    999 : 00000000;
    99A : 01101011;
    99B : 11111111;
    99C : 11110111;
    99D : 11111011;
    99E : 11111111;
    99F : 11111011;
    9A0 : 11111100;
    9A1 : 11111100;
    9A2 : 11111100;
    9A3 : 11111100;
    9A4 : 11111100;
    9A5 : 11111100;
    9A6 : 11111100;
    9A7 : 11111100;
    9A8 : 11111011;
    9A9 : 11111111;
    9AA : 11111011;
    9AB : 11111100;
    9AC : 10011110;
    9AD : 00000010;
    9AE : 00000010;
    9AF : 00000011;
    9B0 : 00000000;
    9B1 : 00000100;
    9B2 : 11001111;
    9B3 : 11111111;
    9B4 : 11111011;
    9B5 : 11111100;
    9B6 : 11111110;
    9B7 : 11111011;
    9B8 : 11111100;
    9B9 : 11111011;
    9BA : 11111100;
    9BB : 11111100;
    9BC : 11111011;
    9BD : 11111100;
    9BE : 11111101;
    9BF : 11111001;
    9C0 : 11111001;
    9C1 : 11111111;
    9C2 : 11000000;
    9C3 : 00000010;
    9C4 : 00000010;
    9C5 : 00000000;
    9C6 : 00001001;
    9C7 : 00000000;
    9C8 : 10000011;
    9C9 : 11111111;
    9CA : 11111001;
    9CB : 11111010;
    9CC : 11111101;
    9CD : 11111011;
    9CE : 11111101;
    9CF : 11111011;
    9D0 : 11111010;
    9D1 : 11111111;
    9D2 : 10111000;
    9D3 : 00000000;
    9D4 : 00000101;
    9D5 : 00000000;
    9D6 : 00000001;
    9D7 : 00000011;
    9D8 : 10000101;
    9D9 : 11111101;
    9DA : 11111010;
    9DB : 11111111;
    9DC : 11111100;
    9DD : 11111111;
    9DE : 11111111;
    9DF : 11111101;
    9E0 : 11111111;
    9E1 : 11111111;
    9E2 : 11111111;
    9E3 : 11111111;
    9E4 : 11111111;
    9E5 : 11111111;
    9E6 : 11111111;
    9E7 : 11111111;
    9E8 : 11111111;
    9E9 : 11111111;
    9EA : 11111111;
    9EB : 11111111;
    9EC : 11111111;
    9ED : 11111111;
    9EE : 11111111;
    9EF : 11111111;
    9F0 : 11111111;
    9F1 : 11111111;
    9F2 : 11111111;
    9F3 : 11111111;
    9F4 : 11111111;
    9F5 : 11111111;
    9F6 : 11111111;
    9F7 : 11111111;
    9F8 : 11111111;
    9F9 : 11111111;
    9FA : 11111111;
    9FB : 11111111;
    9FC : 11111111;
    9FD : 11111111;
    9FE : 11111111;
    9FF : 11111111;
    A00 : 11111111;
    A01 : 11111111;
    A02 : 11111111;
    A03 : 11111111;
    A04 : 11111111;
    A05 : 11111111;
    A06 : 11111111;
    A07 : 11111111;
    A08 : 11111111;
    A09 : 11111111;
    A0A : 11111111;
    A0B : 11111111;
    A0C : 11111111;
    A0D : 11111111;
    A0E : 11111111;
    A0F : 11111111;
    A10 : 11111111;
    A11 : 11111110;
    A12 : 11111111;
    A13 : 11111111;
    A14 : 11111110;
    A15 : 11111111;
    A16 : 11111111;
    A17 : 11111010;
    A18 : 11111111;
    A19 : 10100100;
    A1A : 00000000;
    A1B : 00000100;
    A1C : 00000000;
    A1D : 00000001;
    A1E : 00000000;
    A1F : 11001001;
    A20 : 11111111;
    A21 : 11111011;
    A22 : 11111111;
    A23 : 11111111;
    A24 : 11111110;
    A25 : 11111111;
    A26 : 11111110;
    A27 : 11111111;
    A28 : 11111110;
    A29 : 11111111;
    A2A : 11111101;
    A2B : 00101001;
    A2C : 00000000;
    A2D : 00000010;
    A2E : 00000011;
    A2F : 00000000;
    A30 : 01010101;
    A31 : 11111111;
    A32 : 11111011;
    A33 : 11111111;
    A34 : 11110110;
    A35 : 00011101;
    A36 : 00000000;
    A37 : 00000010;
    A38 : 00000100;
    A39 : 00000000;
    A3A : 01101100;
    A3B : 11111100;
    A3C : 11111100;
    A3D : 11111100;
    A3E : 11111111;
    A3F : 11111100;
    A40 : 11111111;
    A41 : 11111110;
    A42 : 11111101;
    A43 : 11111111;
    A44 : 11111111;
    A45 : 11111110;
    A46 : 11111111;
    A47 : 11111111;
    A48 : 11111111;
    A49 : 11111101;
    A4A : 11111011;
    A4B : 11111111;
    A4C : 10100000;
    A4D : 00000000;
    A4E : 00000101;
    A4F : 00000001;
    A50 : 00000000;
    A51 : 00000000;
    A52 : 11010101;
    A53 : 11111110;
    A54 : 11111011;
    A55 : 11111111;
    A56 : 11111111;
    A57 : 11111101;
    A58 : 11111110;
    A59 : 11111111;
    A5A : 11111111;
    A5B : 11111101;
    A5C : 11111111;
    A5D : 11111010;
    A5E : 11111111;
    A5F : 11111111;
    A60 : 11111010;
    A61 : 11111111;
    A62 : 10110001;
    A63 : 00000010;
    A64 : 00000000;
    A65 : 00000001;
    A66 : 00000101;
    A67 : 00000000;
    A68 : 10101101;
    A69 : 11111111;
    A6A : 11110011;
    A6B : 11111111;
    A6C : 11111111;
    A6D : 11111111;
    A6E : 11111110;
    A6F : 11111111;
    A70 : 11111100;
    A71 : 11111110;
    A72 : 11110110;
    A73 : 00011010;
    A74 : 00000001;
    A75 : 00000010;
    A76 : 00000010;
    A77 : 00000010;
    A78 : 01001110;
    A79 : 11111111;
    A7A : 11110111;
    A7B : 11111111;
    A7C : 11111111;
    A7D : 11111110;
    A7E : 11111101;
    A7F : 11111111;
    A80 : 11111111;
    A81 : 11111111;
    A82 : 11111111;
    A83 : 11111111;
    A84 : 11111111;
    A85 : 11111111;
    A86 : 11111111;
    A87 : 11111111;
    A88 : 11111111;
    A89 : 11111111;
    A8A : 11111111;
    A8B : 11111111;
    A8C : 11111111;
    A8D : 11111111;
    A8E : 11111111;
    A8F : 11111111;
    A90 : 11111111;
    A91 : 11111111;
    A92 : 11111111;
    A93 : 11111111;
    A94 : 11111111;
    A95 : 11111111;
    A96 : 11111111;
    A97 : 11111111;
    A98 : 11111111;
    A99 : 11111111;
    A9A : 11111111;
    A9B : 11111111;
    A9C : 11111111;
    A9D : 11111111;
    A9E : 11111111;
    A9F : 11111111;
    AA0 : 11111111;
    AA1 : 11111111;
    AA2 : 11111111;
    AA3 : 11111111;
    AA4 : 11111111;
    AA5 : 11111111;
    AA6 : 11111111;
    AA7 : 11111111;
    AA8 : 11111111;
    AA9 : 11111111;
    AAA : 11111111;
    AAB : 11111111;
    AAC : 11111111;
    AAD : 11111111;
    AAE : 11111111;
    AAF : 11111111;
    AB0 : 11111111;
    AB1 : 11111110;
    AB2 : 11111111;
    AB3 : 11111111;
    AB4 : 11111110;
    AB5 : 11111111;
    AB6 : 11111111;
    AB7 : 11111010;
    AB8 : 11111111;
    AB9 : 10100100;
    ABA : 00000000;
    ABB : 00000100;
    ABC : 00000000;
    ABD : 00000001;
    ABE : 00000000;
    ABF : 11001001;
    AC0 : 11111111;
    AC1 : 11111011;
    AC2 : 11111111;
    AC3 : 11111111;
    AC4 : 11111110;
    AC5 : 11111111;
    AC6 : 11111110;
    AC7 : 11111111;
    AC8 : 11111110;
    AC9 : 11111111;
    ACA : 11111101;
    ACB : 00101001;
    ACC : 00000000;
    ACD : 00000010;
    ACE : 00000011;
    ACF : 00000000;
    AD0 : 01010101;
    AD1 : 11111111;
    AD2 : 11111011;
    AD3 : 11111111;
    AD4 : 11110110;
    AD5 : 00011101;
    AD6 : 00000000;
    AD7 : 00000010;
    AD8 : 00000100;
    AD9 : 00000001;
    ADA : 01101011;
    ADB : 11111111;
    ADC : 11111110;
    ADD : 11111100;
    ADE : 11111110;
    ADF : 11111111;
    AE0 : 11111010;
    AE1 : 11111100;
    AE2 : 11111111;
    AE3 : 11111010;
    AE4 : 11111111;
    AE5 : 11111111;
    AE6 : 11111110;
    AE7 : 11111100;
    AE8 : 11111111;
    AE9 : 11111101;
    AEA : 11111011;
    AEB : 11111111;
    AEC : 10100000;
    AED : 00000000;
    AEE : 00000100;
    AEF : 00000001;
    AF0 : 00000000;
    AF1 : 00001010;
    AF2 : 11001100;
    AF3 : 11111111;
    AF4 : 11111111;
    AF5 : 11111111;
    AF6 : 11111111;
    AF7 : 11111110;
    AF8 : 11111110;
    AF9 : 11111100;
    AFA : 11111100;
    AFB : 11111111;
    AFC : 11111101;
    AFD : 11111111;
    AFE : 11111010;
    AFF : 11111111;
    B00 : 11111011;
    B01 : 11111111;
    B02 : 11000011;
    B03 : 00000100;
    B04 : 00000111;
    B05 : 00000000;
    B06 : 00000010;
    B07 : 00000000;
    B08 : 01010111;
    B09 : 11111111;
    B0A : 11111111;
    B0B : 11111111;
    B0C : 11110011;
    B0D : 11111111;
    B0E : 11111101;
    B0F : 11111110;
    B10 : 11111111;
    B11 : 11111001;
    B12 : 11111111;
    B13 : 01010011;
    B14 : 00000010;
    B15 : 00000111;
    B16 : 00000111;
    B17 : 00000000;
    B18 : 01100100;
    B19 : 11110110;
    B1A : 11111111;
    B1B : 11111101;
    B1C : 11111010;
    B1D : 11111110;
    B1E : 11111111;
    B1F : 11111111;
    B20 : 11111111;
    B21 : 11111111;
    B22 : 11111111;
    B23 : 11111111;
    B24 : 11111111;
    B25 : 11111111;
    B26 : 11111111;
    B27 : 11111111;
    B28 : 11111111;
    B29 : 11111111;
    B2A : 11111111;
    B2B : 11111111;
    B2C : 11111111;
    B2D : 11111111;
    B2E : 11111111;
    B2F : 11111111;
    B30 : 11111111;
    B31 : 11111111;
    B32 : 11111111;
    B33 : 11111111;
    B34 : 11111111;
    B35 : 11111111;
    B36 : 11111111;
    B37 : 11111111;
    B38 : 11111111;
    B39 : 11111111;
    B3A : 11111111;
    B3B : 11111111;
    B3C : 11111111;
    B3D : 11111111;
    B3E : 11111111;
    B3F : 11111111;
    B40 : 11111111;
    B41 : 11111111;
    B42 : 11111111;
    B43 : 11111111;
    B44 : 11111111;
    B45 : 11111111;
    B46 : 11111111;
    B47 : 11111111;
    B48 : 11111111;
    B49 : 11111111;
    B4A : 11111111;
    B4B : 11111111;
    B4C : 11111111;
    B4D : 11111111;
    B4E : 11111111;
    B4F : 11111111;
    B50 : 11111111;
    B51 : 11111110;
    B52 : 11111111;
    B53 : 11111111;
    B54 : 11111110;
    B55 : 11111111;
    B56 : 11111111;
    B57 : 11111010;
    B58 : 11111111;
    B59 : 10100100;
    B5A : 00000000;
    B5B : 00000100;
    B5C : 00000000;
    B5D : 00000001;
    B5E : 00000000;
    B5F : 11001001;
    B60 : 11111111;
    B61 : 11111011;
    B62 : 11111111;
    B63 : 11111111;
    B64 : 11111110;
    B65 : 11111111;
    B66 : 11111110;
    B67 : 11111111;
    B68 : 11111110;
    B69 : 11111111;
    B6A : 11111101;
    B6B : 00101001;
    B6C : 00000000;
    B6D : 00000010;
    B6E : 00000011;
    B6F : 00000000;
    B70 : 01010101;
    B71 : 11111111;
    B72 : 11111011;
    B73 : 11111111;
    B74 : 11110110;
    B75 : 00011101;
    B76 : 00000000;
    B77 : 00000010;
    B78 : 00000100;
    B79 : 00000110;
    B7A : 01101011;
    B7B : 11111100;
    B7C : 11111010;
    B7D : 11111101;
    B7E : 11111110;
    B7F : 11111111;
    B80 : 11111111;
    B81 : 11111111;
    B82 : 11111111;
    B83 : 11111011;
    B84 : 11111111;
    B85 : 11111100;
    B86 : 11111001;
    B87 : 11111111;
    B88 : 11111111;
    B89 : 11111101;
    B8A : 11111011;
    B8B : 11111111;
    B8C : 10100000;
    B8D : 00000000;
    B8E : 00000100;
    B8F : 00000000;
    B90 : 00000000;
    B91 : 00000000;
    B92 : 11011000;
    B93 : 11111101;
    B94 : 11111001;
    B95 : 11111000;
    B96 : 11111110;
    B97 : 11111110;
    B98 : 11111011;
    B99 : 11111111;
    B9A : 11111111;
    B9B : 11111100;
    B9C : 11111101;
    B9D : 11110110;
    B9E : 11111111;
    B9F : 11111100;
    BA0 : 11111111;
    BA1 : 11111100;
    BA2 : 11111000;
    BA3 : 00100001;
    BA4 : 00000000;
    BA5 : 00000010;
    BA6 : 00000001;
    BA7 : 00000001;
    BA8 : 00000000;
    BA9 : 01001100;
    BAA : 11010110;
    BAB : 11111100;
    BAC : 11111111;
    BAD : 11111101;
    BAE : 11111111;
    BAF : 11111011;
    BB0 : 11110100;
    BB1 : 11111111;
    BB2 : 11111100;
    BB3 : 11111000;
    BB4 : 11011010;
    BB5 : 11011110;
    BB6 : 11011010;
    BB7 : 11100001;
    BB8 : 11110011;
    BB9 : 11111111;
    BBA : 11111110;
    BBB : 11111100;
    BBC : 11111111;
    BBD : 11111111;
    BBE : 11111100;
    BBF : 11111111;
    BC0 : 11111111;
    BC1 : 11111111;
    BC2 : 11111111;
    BC3 : 11111111;
    BC4 : 11111111;
    BC5 : 11111111;
    BC6 : 11111111;
    BC7 : 11111111;
    BC8 : 11111111;
    BC9 : 11111111;
    BCA : 11111111;
    BCB : 11111111;
    BCC : 11111111;
    BCD : 11111111;
    BCE : 11111111;
    BCF : 11111111;
    BD0 : 11111111;
    BD1 : 11111111;
    BD2 : 11111111;
    BD3 : 11111111;
    BD4 : 11111111;
    BD5 : 11111111;
    BD6 : 11111111;
    BD7 : 11111111;
    BD8 : 11111111;
    BD9 : 11111111;
    BDA : 11111111;
    BDB : 11111111;
    BDC : 11111111;
    BDD : 11111111;
    BDE : 11111111;
    BDF : 11111111;
    BE0 : 11111111;
    BE1 : 11111111;
    BE2 : 11111111;
    BE3 : 11111111;
    BE4 : 11111111;
    BE5 : 11111111;
    BE6 : 11111111;
    BE7 : 11111111;
    BE8 : 11111111;
    BE9 : 11111111;
    BEA : 11111111;
    BEB : 11111111;
    BEC : 11111111;
    BED : 11111111;
    BEE : 11111111;
    BEF : 11111111;
    BF0 : 11111111;
    BF1 : 11111110;
    BF2 : 11111111;
    BF3 : 11111111;
    BF4 : 11111110;
    BF5 : 11111111;
    BF6 : 11111111;
    BF7 : 11111010;
    BF8 : 11111111;
    BF9 : 10100100;
    BFA : 00000000;
    BFB : 00000100;
    BFC : 00000000;
    BFD : 00000001;
    BFE : 00000000;
    BFF : 11001001;
    C00 : 11111111;
    C01 : 11111011;
    C02 : 11111111;
    C03 : 11111111;
    C04 : 11111110;
    C05 : 11111111;
    C06 : 11111110;
    C07 : 11111111;
    C08 : 11111110;
    C09 : 11111111;
    C0A : 11111101;
    C0B : 00101001;
    C0C : 00000000;
    C0D : 00000010;
    C0E : 00000011;
    C0F : 00000000;
    C10 : 01010101;
    C11 : 11111111;
    C12 : 11111011;
    C13 : 11111111;
    C14 : 11110110;
    C15 : 00011101;
    C16 : 00000000;
    C17 : 00000010;
    C18 : 00000111;
    C19 : 00000000;
    C1A : 01011001;
    C1B : 11011110;
    C1C : 11010100;
    C1D : 11001101;
    C1E : 11010010;
    C1F : 11001100;
    C20 : 11010000;
    C21 : 11010001;
    C22 : 11001001;
    C23 : 11010101;
    C24 : 11001101;
    C25 : 11001101;
    C26 : 11011111;
    C27 : 11110101;
    C28 : 11111111;
    C29 : 11111101;
    C2A : 11111011;
    C2B : 11111111;
    C2C : 10100001;
    C2D : 00000000;
    C2E : 00000100;
    C2F : 00000000;
    C30 : 00000011;
    C31 : 00000110;
    C32 : 11011001;
    C33 : 11111110;
    C34 : 11111111;
    C35 : 11111110;
    C36 : 11111111;
    C37 : 11111011;
    C38 : 11111111;
    C39 : 11111101;
    C3A : 11111001;
    C3B : 11111111;
    C3C : 11111110;
    C3D : 11111111;
    C3E : 11111110;
    C3F : 11111110;
    C40 : 11111001;
    C41 : 11111010;
    C42 : 11111111;
    C43 : 10001011;
    C44 : 00000000;
    C45 : 00000111;
    C46 : 00000000;
    C47 : 00000101;
    C48 : 00000010;
    C49 : 00000100;
    C4A : 00000000;
    C4B : 01000100;
    C4C : 10001111;
    C4D : 11010100;
    C4E : 11111000;
    C4F : 11111111;
    C50 : 11111111;
    C51 : 11111101;
    C52 : 11111100;
    C53 : 11110111;
    C54 : 11111110;
    C55 : 11111111;
    C56 : 11111111;
    C57 : 11111010;
    C58 : 11111010;
    C59 : 11111001;
    C5A : 11111111;
    C5B : 11111111;
    C5C : 11111111;
    C5D : 11111100;
    C5E : 11111100;
    C5F : 11111111;
    C60 : 11111111;
    C61 : 11111111;
    C62 : 11111111;
    C63 : 11111111;
    C64 : 11111111;
    C65 : 11111111;
    C66 : 11111111;
    C67 : 11111111;
    C68 : 11111111;
    C69 : 11111111;
    C6A : 11111111;
    C6B : 11111111;
    C6C : 11111111;
    C6D : 11111111;
    C6E : 11111111;
    C6F : 11111111;
    C70 : 11111111;
    C71 : 11111111;
    C72 : 11111111;
    C73 : 11111111;
    C74 : 11111111;
    C75 : 11111111;
    C76 : 11111111;
    C77 : 11111111;
    C78 : 11111111;
    C79 : 11111111;
    C7A : 11111111;
    C7B : 11111111;
    C7C : 11111111;
    C7D : 11111111;
    C7E : 11111111;
    C7F : 11111111;
    C80 : 11111111;
    C81 : 11111111;
    C82 : 11111111;
    C83 : 11111111;
    C84 : 11111111;
    C85 : 11111111;
    C86 : 11111111;
    C87 : 11111111;
    C88 : 11111111;
    C89 : 11111111;
    C8A : 11111111;
    C8B : 11111111;
    C8C : 11111111;
    C8D : 11111111;
    C8E : 11111111;
    C8F : 11111111;
    C90 : 11111111;
    C91 : 11111110;
    C92 : 11111111;
    C93 : 11111111;
    C94 : 11111110;
    C95 : 11111111;
    C96 : 11111111;
    C97 : 11111010;
    C98 : 11111111;
    C99 : 10100100;
    C9A : 00000000;
    C9B : 00000100;
    C9C : 00000000;
    C9D : 00000001;
    C9E : 00000000;
    C9F : 11001001;
    CA0 : 11111111;
    CA1 : 11111011;
    CA2 : 11111111;
    CA3 : 11111111;
    CA4 : 11111110;
    CA5 : 11111111;
    CA6 : 11111110;
    CA7 : 11111111;
    CA8 : 11111110;
    CA9 : 11111111;
    CAA : 11111101;
    CAB : 00101001;
    CAC : 00000000;
    CAD : 00000010;
    CAE : 00000011;
    CAF : 00000000;
    CB0 : 01010101;
    CB1 : 11111111;
    CB2 : 11111011;
    CB3 : 11111111;
    CB4 : 11110110;
    CB5 : 00011101;
    CB6 : 00000000;
    CB7 : 00000010;
    CB8 : 00000000;
    CB9 : 00000011;
    CBA : 00000000;
    CBB : 00000000;
    CBC : 00000000;
    CBD : 00000000;
    CBE : 00000000;
    CBF : 00000010;
    CC0 : 00000000;
    CC1 : 00000000;
    CC2 : 00000001;
    CC3 : 00000000;
    CC4 : 00000001;
    CC5 : 00000001;
    CC6 : 00000001;
    CC7 : 11000000;
    CC8 : 11111111;
    CC9 : 11111101;
    CCA : 11111011;
    CCB : 11111111;
    CCC : 10100001;
    CCD : 00000000;
    CCE : 00000100;
    CCF : 00000000;
    CD0 : 00000000;
    CD1 : 00000101;
    CD2 : 01000111;
    CD3 : 01010111;
    CD4 : 01010100;
    CD5 : 01010110;
    CD6 : 01010110;
    CD7 : 01010111;
    CD8 : 01010000;
    CD9 : 01011010;
    CDA : 01010111;
    CDB : 01010001;
    CDC : 01011000;
    CDD : 01001011;
    CDE : 11000000;
    CDF : 11111111;
    CE0 : 11111111;
    CE1 : 11111111;
    CE2 : 11111011;
    CE3 : 11111111;
    CE4 : 01010101;
    CE5 : 00000000;
    CE6 : 00000110;
    CE7 : 00000010;
    CE8 : 00000111;
    CE9 : 00000000;
    CEA : 00000001;
    CEB : 00000000;
    CEC : 00000010;
    CED : 00000001;
    CEE : 00100110;
    CEF : 01010111;
    CF0 : 10100001;
    CF1 : 11011100;
    CF2 : 11111111;
    CF3 : 11111111;
    CF4 : 11111000;
    CF5 : 11111111;
    CF6 : 11111100;
    CF7 : 11111111;
    CF8 : 11111111;
    CF9 : 11111111;
    CFA : 11111111;
    CFB : 11111010;
    CFC : 11111011;
    CFD : 11111111;
    CFE : 11111111;
    CFF : 11111110;
    D00 : 11111111;
    D01 : 11111111;
    D02 : 11111111;
    D03 : 11111111;
    D04 : 11111111;
    D05 : 11111111;
    D06 : 11111111;
    D07 : 11111111;
    D08 : 11111111;
    D09 : 11111111;
    D0A : 11111111;
    D0B : 11111111;
    D0C : 11111111;
    D0D : 11111111;
    D0E : 11111111;
    D0F : 11111111;
    D10 : 11111111;
    D11 : 11111111;
    D12 : 11111111;
    D13 : 11111111;
    D14 : 11111111;
    D15 : 11111111;
    D16 : 11111111;
    D17 : 11111111;
    D18 : 11111111;
    D19 : 11111111;
    D1A : 11111111;
    D1B : 11111111;
    D1C : 11111111;
    D1D : 11111111;
    D1E : 11111111;
    D1F : 11111111;
    D20 : 11111111;
    D21 : 11111111;
    D22 : 11111111;
    D23 : 11111111;
    D24 : 11111111;
    D25 : 11111111;
    D26 : 11111111;
    D27 : 11111111;
    D28 : 11111111;
    D29 : 11111111;
    D2A : 11111111;
    D2B : 11111111;
    D2C : 11111111;
    D2D : 11111111;
    D2E : 11111111;
    D2F : 11111111;
    D30 : 11111111;
    D31 : 11111110;
    D32 : 11111111;
    D33 : 11111111;
    D34 : 11111110;
    D35 : 11111111;
    D36 : 11111111;
    D37 : 11111010;
    D38 : 11111111;
    D39 : 10100100;
    D3A : 00000000;
    D3B : 00000100;
    D3C : 00000000;
    D3D : 00000001;
    D3E : 00000000;
    D3F : 11001001;
    D40 : 11111111;
    D41 : 11111011;
    D42 : 11111111;
    D43 : 11111111;
    D44 : 11111110;
    D45 : 11111111;
    D46 : 11111110;
    D47 : 11111111;
    D48 : 11111110;
    D49 : 11111111;
    D4A : 11111101;
    D4B : 00101001;
    D4C : 00000000;
    D4D : 00000010;
    D4E : 00000011;
    D4F : 00000000;
    D50 : 01010101;
    D51 : 11111111;
    D52 : 11111011;
    D53 : 11111111;
    D54 : 11110110;
    D55 : 00011101;
    D56 : 00000000;
    D57 : 00000010;
    D58 : 00000011;
    D59 : 00000000;
    D5A : 00000001;
    D5B : 00000001;
    D5C : 00000001;
    D5D : 00000000;
    D5E : 00000100;
    D5F : 00000000;
    D60 : 00000010;
    D61 : 00000101;
    D62 : 00000000;
    D63 : 00000100;
    D64 : 00000000;
    D65 : 00000001;
    D66 : 00000001;
    D67 : 10101010;
    D68 : 11111111;
    D69 : 11111100;
    D6A : 11111011;
    D6B : 11111111;
    D6C : 10100001;
    D6D : 00000000;
    D6E : 00000100;
    D6F : 00000000;
    D70 : 00000011;
    D71 : 00000000;
    D72 : 00000010;
    D73 : 00000000;
    D74 : 00000000;
    D75 : 00000010;
    D76 : 00000000;
    D77 : 00000000;
    D78 : 00000000;
    D79 : 00000000;
    D7A : 00000000;
    D7B : 00000010;
    D7C : 00000000;
    D7D : 00000000;
    D7E : 01111111;
    D7F : 11111111;
    D80 : 11111001;
    D81 : 11110110;
    D82 : 11111111;
    D83 : 11111111;
    D84 : 11111101;
    D85 : 01110011;
    D86 : 00000000;
    D87 : 00000000;
    D88 : 00000000;
    D89 : 00000110;
    D8A : 00000011;
    D8B : 00000001;
    D8C : 00000001;
    D8D : 00000000;
    D8E : 00000000;
    D8F : 00000010;
    D90 : 00000000;
    D91 : 00001110;
    D92 : 01000010;
    D93 : 10101010;
    D94 : 11111111;
    D95 : 11111011;
    D96 : 11111101;
    D97 : 11111110;
    D98 : 11111100;
    D99 : 11111111;
    D9A : 11111110;
    D9B : 11111111;
    D9C : 11111111;
    D9D : 11111101;
    D9E : 11111101;
    D9F : 11111111;
    DA0 : 11111111;
    DA1 : 11111111;
    DA2 : 11111111;
    DA3 : 11111111;
    DA4 : 11111111;
    DA5 : 11111111;
    DA6 : 11111111;
    DA7 : 11111111;
    DA8 : 11111111;
    DA9 : 11111111;
    DAA : 11111111;
    DAB : 11111111;
    DAC : 11111111;
    DAD : 11111111;
    DAE : 11111111;
    DAF : 11111111;
    DB0 : 11111111;
    DB1 : 11111111;
    DB2 : 11111111;
    DB3 : 11111111;
    DB4 : 11111111;
    DB5 : 11111111;
    DB6 : 11111111;
    DB7 : 11111111;
    DB8 : 11111111;
    DB9 : 11111111;
    DBA : 11111111;
    DBB : 11111111;
    DBC : 11111111;
    DBD : 11111111;
    DBE : 11111111;
    DBF : 11111111;
    DC0 : 11111111;
    DC1 : 11111111;
    DC2 : 11111111;
    DC3 : 11111111;
    DC4 : 11111111;
    DC5 : 11111111;
    DC6 : 11111111;
    DC7 : 11111111;
    DC8 : 11111111;
    DC9 : 11111111;
    DCA : 11111111;
    DCB : 11111111;
    DCC : 11111111;
    DCD : 11111111;
    DCE : 11111111;
    DCF : 11111111;
    DD0 : 11111111;
    DD1 : 11111110;
    DD2 : 11111111;
    DD3 : 11111111;
    DD4 : 11111110;
    DD5 : 11111111;
    DD6 : 11111111;
    DD7 : 11111010;
    DD8 : 11111111;
    DD9 : 10100100;
    DDA : 00000000;
    DDB : 00000100;
    DDC : 00000000;
    DDD : 00000001;
    DDE : 00000000;
    DDF : 11001001;
    DE0 : 11111111;
    DE1 : 11111011;
    DE2 : 11111111;
    DE3 : 11111111;
    DE4 : 11111110;
    DE5 : 11111111;
    DE6 : 11111110;
    DE7 : 11111111;
    DE8 : 11111110;
    DE9 : 11111111;
    DEA : 11111101;
    DEB : 00101001;
    DEC : 00000000;
    DED : 00000010;
    DEE : 00000011;
    DEF : 00000000;
    DF0 : 01010101;
    DF1 : 11111111;
    DF2 : 11111011;
    DF3 : 11111111;
    DF4 : 11110110;
    DF5 : 00011101;
    DF6 : 00000000;
    DF7 : 00000010;
    DF8 : 00000000;
    DF9 : 00000001;
    DFA : 00000011;
    DFB : 00000000;
    DFC : 00000000;
    DFD : 00000001;
    DFE : 00000010;
    DFF : 00000000;
    E00 : 00000000;
    E01 : 00000011;
    E02 : 00000000;
    E03 : 00000100;
    E04 : 00000000;
    E05 : 00000010;
    E06 : 00000000;
    E07 : 10101110;
    E08 : 11111110;
    E09 : 11111100;
    E0A : 11111011;
    E0B : 11111111;
    E0C : 10100001;
    E0D : 00000000;
    E0E : 00000100;
    E0F : 00000000;
    E10 : 00000100;
    E11 : 00000000;
    E12 : 00001001;
    E13 : 00000110;
    E14 : 00000110;
    E15 : 00001010;
    E16 : 00001011;
    E17 : 00000111;
    E18 : 00001010;
    E19 : 00000011;
    E1A : 00000101;
    E1B : 00000110;
    E1C : 00010001;
    E1D : 00000000;
    E1E : 10000000;
    E1F : 11111101;
    E20 : 11111111;
    E21 : 11111111;
    E22 : 11111111;
    E23 : 11111010;
    E24 : 11111101;
    E25 : 11111111;
    E26 : 11000111;
    E27 : 01000101;
    E28 : 00000011;
    E29 : 00000011;
    E2A : 00000000;
    E2B : 00000100;
    E2C : 00000100;
    E2D : 00000100;
    E2E : 00000111;
    E2F : 00000010;
    E30 : 00000010;
    E31 : 00000010;
    E32 : 00000001;
    E33 : 00000000;
    E34 : 00110000;
    E35 : 10111010;
    E36 : 11111111;
    E37 : 11111100;
    E38 : 11111101;
    E39 : 11111111;
    E3A : 11111111;
    E3B : 11111101;
    E3C : 11111111;
    E3D : 11111111;
    E3E : 11111111;
    E3F : 11111110;
    E40 : 11111111;
    E41 : 11111111;
    E42 : 11111111;
    E43 : 11111111;
    E44 : 11111111;
    E45 : 11111111;
    E46 : 11111111;
    E47 : 11111111;
    E48 : 11111111;
    E49 : 11111111;
    E4A : 11111111;
    E4B : 11111111;
    E4C : 11111111;
    E4D : 11111111;
    E4E : 11111111;
    E4F : 11111111;
    E50 : 11111111;
    E51 : 11111111;
    E52 : 11111111;
    E53 : 11111111;
    E54 : 11111111;
    E55 : 11111111;
    E56 : 11111111;
    E57 : 11111111;
    E58 : 11111111;
    E59 : 11111111;
    E5A : 11111111;
    E5B : 11111111;
    E5C : 11111111;
    E5D : 11111111;
    E5E : 11111111;
    E5F : 11111111;
    E60 : 11111111;
    E61 : 11111111;
    E62 : 11111111;
    E63 : 11111111;
    E64 : 11111111;
    E65 : 11111111;
    E66 : 11111111;
    E67 : 11111111;
    E68 : 11111111;
    E69 : 11111111;
    E6A : 11111111;
    E6B : 11111111;
    E6C : 11111111;
    E6D : 11111111;
    E6E : 11111111;
    E6F : 11111111;
    E70 : 11111111;
    E71 : 11111110;
    E72 : 11111111;
    E73 : 11111111;
    E74 : 11111110;
    E75 : 11111111;
    E76 : 11111111;
    E77 : 11111010;
    E78 : 11111111;
    E79 : 10100100;
    E7A : 00000000;
    E7B : 00000100;
    E7C : 00000000;
    E7D : 00000001;
    E7E : 00000000;
    E7F : 11001001;
    E80 : 11111111;
    E81 : 11111011;
    E82 : 11111111;
    E83 : 11111111;
    E84 : 11111110;
    E85 : 11111111;
    E86 : 11111110;
    E87 : 11111111;
    E88 : 11111110;
    E89 : 11111111;
    E8A : 11111101;
    E8B : 00101001;
    E8C : 00000000;
    E8D : 00000010;
    E8E : 00000011;
    E8F : 00000000;
    E90 : 01010101;
    E91 : 11111111;
    E92 : 11111011;
    E93 : 11111111;
    E94 : 11110110;
    E95 : 00011101;
    E96 : 00000000;
    E97 : 00000010;
    E98 : 00000000;
    E99 : 00000010;
    E9A : 00000000;
    E9B : 00000001;
    E9C : 00000000;
    E9D : 00000000;
    E9E : 00000000;
    E9F : 00000010;
    EA0 : 00000000;
    EA1 : 00000010;
    EA2 : 00000000;
    EA3 : 00000001;
    EA4 : 00000001;
    EA5 : 00000001;
    EA6 : 00000000;
    EA7 : 10111100;
    EA8 : 11111110;
    EA9 : 11111100;
    EAA : 11111011;
    EAB : 11111111;
    EAC : 10100001;
    EAD : 00000000;
    EAE : 00000100;
    EAF : 00000000;
    EB0 : 00000000;
    EB1 : 00001001;
    EB2 : 00000000;
    EB3 : 00000100;
    EB4 : 00000001;
    EB5 : 00000000;
    EB6 : 00000000;
    EB7 : 00000001;
    EB8 : 00000000;
    EB9 : 00000000;
    EBA : 00000110;
    EBB : 00000000;
    EBC : 00000000;
    EBD : 00000010;
    EBE : 01110100;
    EBF : 11111111;
    EC0 : 11110111;
    EC1 : 11111111;
    EC2 : 11111101;
    EC3 : 11111111;
    EC4 : 11111111;
    EC5 : 11111001;
    EC6 : 11111110;
    EC7 : 11111111;
    EC8 : 11001001;
    EC9 : 01110100;
    ECA : 00101011;
    ECB : 00000000;
    ECC : 00000001;
    ECD : 00000000;
    ECE : 00000000;
    ECF : 00000011;
    ED0 : 00000111;
    ED1 : 00000000;
    ED2 : 00000000;
    ED3 : 00001011;
    ED4 : 00000000;
    ED5 : 00000000;
    ED6 : 10000000;
    ED7 : 11111111;
    ED8 : 11111111;
    ED9 : 11111011;
    EDA : 11111111;
    EDB : 11111101;
    EDC : 11111111;
    EDD : 11111101;
    EDE : 11111111;
    EDF : 11111110;
    EE0 : 11111111;
    EE1 : 11111111;
    EE2 : 11111111;
    EE3 : 11111111;
    EE4 : 11111111;
    EE5 : 11111111;
    EE6 : 11111111;
    EE7 : 11111111;
    EE8 : 11111111;
    EE9 : 11111111;
    EEA : 11111111;
    EEB : 11111111;
    EEC : 11111111;
    EED : 11111111;
    EEE : 11111111;
    EEF : 11111111;
    EF0 : 11111111;
    EF1 : 11111111;
    EF2 : 11111111;
    EF3 : 11111111;
    EF4 : 11111111;
    EF5 : 11111111;
    EF6 : 11111111;
    EF7 : 11111111;
    EF8 : 11111111;
    EF9 : 11111111;
    EFA : 11111111;
    EFB : 11111111;
    EFC : 11111111;
    EFD : 11111111;
    EFE : 11111111;
    EFF : 11111111;
    F00 : 11111111;
    F01 : 11111111;
    F02 : 11111111;
    F03 : 11111111;
    F04 : 11111111;
    F05 : 11111111;
    F06 : 11111111;
    F07 : 11111111;
    F08 : 11111111;
    F09 : 11111111;
    F0A : 11111111;
    F0B : 11111111;
    F0C : 11111111;
    F0D : 11111111;
    F0E : 11111111;
    F0F : 11111111;
    F10 : 11111111;
    F11 : 11111111;
    F12 : 11111111;
    F13 : 11111110;
    F14 : 11111111;
    F15 : 11111111;
    F16 : 11111110;
    F17 : 11111011;
    F18 : 11111110;
    F19 : 10100110;
    F1A : 00000000;
    F1B : 00000101;
    F1C : 00000010;
    F1D : 00000001;
    F1E : 00000000;
    F1F : 11001000;
    F20 : 11111111;
    F21 : 11111001;
    F22 : 11111111;
    F23 : 11111100;
    F24 : 11111011;
    F25 : 11111111;
    F26 : 11111100;
    F27 : 11111111;
    F28 : 11111111;
    F29 : 11111011;
    F2A : 11111111;
    F2B : 00101100;
    F2C : 00000000;
    F2D : 00000011;
    F2E : 00000101;
    F2F : 00000001;
    F30 : 01010011;
    F31 : 11111111;
    F32 : 11111101;
    F33 : 11111100;
    F34 : 11110110;
    F35 : 00011101;
    F36 : 00000010;
    F37 : 00000010;
    F38 : 00000011;
    F39 : 00000000;
    F3A : 01010100;
    F3B : 11010001;
    F3C : 11000011;
    F3D : 11001000;
    F3E : 11001001;
    F3F : 11000111;
    F40 : 11000101;
    F41 : 11001001;
    F42 : 11000111;
    F43 : 11001001;
    F44 : 11001010;
    F45 : 11000001;
    F46 : 11010000;
    F47 : 11111000;
    F48 : 11111110;
    F49 : 11111111;
    F4A : 11111001;
    F4B : 11111101;
    F4C : 10100001;
    F4D : 00000010;
    F4E : 00000000;
    F4F : 00000000;
    F50 : 00000000;
    F51 : 00000100;
    F52 : 01000010;
    F53 : 01010011;
    F54 : 01001110;
    F55 : 01010001;
    F56 : 01001100;
    F57 : 01010011;
    F58 : 01010001;
    F59 : 01010001;
    F5A : 01001111;
    F5B : 01001100;
    F5C : 01010011;
    F5D : 01001100;
    F5E : 11000110;
    F5F : 11111110;
    F60 : 11111101;
    F61 : 11111111;
    F62 : 11111010;
    F63 : 11111000;
    F64 : 11111111;
    F65 : 11111101;
    F66 : 11110110;
    F67 : 11111110;
    F68 : 11111111;
    F69 : 11111101;
    F6A : 11111011;
    F6B : 11001010;
    F6C : 10010011;
    F6D : 01001010;
    F6E : 00011011;
    F6F : 00000001;
    F70 : 00000010;
    F71 : 00000000;
    F72 : 00000011;
    F73 : 00000000;
    F74 : 00000101;
    F75 : 00000001;
    F76 : 00000001;
    F77 : 10001010;
    F78 : 11111111;
    F79 : 11111001;
    F7A : 11111111;
    F7B : 11111111;
    F7C : 11111111;
    F7D : 11111101;
    F7E : 11111111;
    F7F : 11111111;
    F80 : 11111111;
    F81 : 11111111;
    F82 : 11111111;
    F83 : 11111111;
    F84 : 11111111;
    F85 : 11111111;
    F86 : 11111111;
    F87 : 11111111;
    F88 : 11111111;
    F89 : 11111111;
    F8A : 11111111;
    F8B : 11111111;
    F8C : 11111111;
    F8D : 11111111;
    F8E : 11111111;
    F8F : 11111111;
    F90 : 11111111;
    F91 : 11111111;
    F92 : 11111111;
    F93 : 11111111;
    F94 : 11111111;
    F95 : 11111111;
    F96 : 11111111;
    F97 : 11111111;
    F98 : 11111111;
    F99 : 11111111;
    F9A : 11111111;
    F9B : 11111111;
    F9C : 11111111;
    F9D : 11111111;
    F9E : 11111111;
    F9F : 11111111;
    FA0 : 11111111;
    FA1 : 11111111;
    FA2 : 11111111;
    FA3 : 11111111;
    FA4 : 11111111;
    FA5 : 11111111;
    FA6 : 11111111;
    FA7 : 11111111;
    FA8 : 11111111;
    FA9 : 11111111;
    FAA : 11111111;
    FAB : 11111111;
    FAC : 11111111;
    FAD : 11111111;
    FAE : 11111111;
    FAF : 11111111;
    FB0 : 11111111;
    FB1 : 11111111;
    FB2 : 11111111;
    FB3 : 11111110;
    FB4 : 11111111;
    FB5 : 11111111;
    FB6 : 11111110;
    FB7 : 11111011;
    FB8 : 11111111;
    FB9 : 10100010;
    FBA : 00000000;
    FBB : 00000010;
    FBC : 00000000;
    FBD : 00000000;
    FBE : 00000001;
    FBF : 11001110;
    FC0 : 11111100;
    FC1 : 11111110;
    FC2 : 11111101;
    FC3 : 11111111;
    FC4 : 11111111;
    FC5 : 11111101;
    FC6 : 11111010;
    FC7 : 11111111;
    FC8 : 11111101;
    FC9 : 11111111;
    FCA : 11111100;
    FCB : 00100011;
    FCC : 00000011;
    FCD : 00000010;
    FCE : 00000001;
    FCF : 00000000;
    FD0 : 01010101;
    FD1 : 11111111;
    FD2 : 11111010;
    FD3 : 11111111;
    FD4 : 11111001;
    FD5 : 00011101;
    FD6 : 00000000;
    FD7 : 00000011;
    FD8 : 00001000;
    FD9 : 00000000;
    FDA : 01101100;
    FDB : 11111111;
    FDC : 11111101;
    FDD : 11111100;
    FDE : 11111111;
    FDF : 11111111;
    FE0 : 11111111;
    FE1 : 11111111;
    FE2 : 11111101;
    FE3 : 11111011;
    FE4 : 11111111;
    FE5 : 11111110;
    FE6 : 11111011;
    FE7 : 11111111;
    FE8 : 11111111;
    FE9 : 11111001;
    FEA : 11111000;
    FEB : 11111111;
    FEC : 10011110;
    FED : 00000000;
    FEE : 00000010;
    FEF : 00000110;
    FF0 : 00000000;
    FF1 : 00000000;
    FF2 : 11100100;
    FF3 : 11111101;
    FF4 : 11111100;
    FF5 : 11111111;
    FF6 : 11111011;
    FF7 : 11111101;
    FF8 : 11111111;
    FF9 : 11111010;
    FFA : 11111111;
    FFB : 11111111;
    FFC : 11111111;
    FFD : 11111001;
    FFE : 11111111;
    FFF : 11111100;
    1000 : 11111010;
    1001 : 11111101;
    1002 : 11111111;
    1003 : 11111111;
    1004 : 11111011;
    1005 : 11111111;
    1006 : 11111110;
    1007 : 11111100;
    1008 : 11111101;
    1009 : 11111111;
    100A : 11111101;
    100B : 11111101;
    100C : 11111111;
    100D : 11111111;
    100E : 11101101;
    100F : 10110101;
    1010 : 01100100;
    1011 : 00001111;
    1012 : 00000000;
    1013 : 00000100;
    1014 : 00000011;
    1015 : 00000010;
    1016 : 00000000;
    1017 : 00000010;
    1018 : 11010010;
    1019 : 11111111;
    101A : 11111111;
    101B : 11111101;
    101C : 11111111;
    101D : 11111111;
    101E : 11111111;
    101F : 11111100;
    1020 : 11111111;
    1021 : 11111111;
    1022 : 11111111;
    1023 : 11111111;
    1024 : 11111111;
    1025 : 11111111;
    1026 : 11111111;
    1027 : 11111111;
    1028 : 11111111;
    1029 : 11111111;
    102A : 11111111;
    102B : 11111111;
    102C : 11111111;
    102D : 11111111;
    102E : 11111111;
    102F : 11111111;
    1030 : 11111111;
    1031 : 11111111;
    1032 : 11111111;
    1033 : 11111111;
    1034 : 11111111;
    1035 : 11111111;
    1036 : 11111111;
    1037 : 11111111;
    1038 : 11111111;
    1039 : 11111111;
    103A : 11111111;
    103B : 11111111;
    103C : 11111111;
    103D : 11111111;
    103E : 11111111;
    103F : 11111111;
    1040 : 11111111;
    1041 : 11111111;
    1042 : 11111111;
    1043 : 11111111;
    1044 : 11111111;
    1045 : 11111111;
    1046 : 11111111;
    1047 : 11111111;
    1048 : 11111111;
    1049 : 11111111;
    104A : 11111111;
    104B : 11111111;
    104C : 11111111;
    104D : 11111111;
    104E : 11111111;
    104F : 11111111;
    1050 : 11111111;
    1051 : 11111111;
    1052 : 11111111;
    1053 : 11111110;
    1054 : 11111111;
    1055 : 11111111;
    1056 : 11111110;
    1057 : 11111100;
    1058 : 11111111;
    1059 : 10100010;
    105A : 00000011;
    105B : 00000101;
    105C : 00000010;
    105D : 00000001;
    105E : 00000000;
    105F : 11000100;
    1060 : 11111111;
    1061 : 11111100;
    1062 : 11111100;
    1063 : 11111111;
    1064 : 11111011;
    1065 : 11111111;
    1066 : 11111111;
    1067 : 11111011;
    1068 : 11111111;
    1069 : 11111111;
    106A : 11111110;
    106B : 00100110;
    106C : 00000010;
    106D : 00000001;
    106E : 00001001;
    106F : 00000000;
    1070 : 01011000;
    1071 : 11111111;
    1072 : 11111011;
    1073 : 11111111;
    1074 : 11110110;
    1075 : 00011100;
    1076 : 00000000;
    1077 : 00000101;
    1078 : 00000000;
    1079 : 00000000;
    107A : 01101101;
    107B : 11111111;
    107C : 11111100;
    107D : 11111100;
    107E : 11111111;
    107F : 11111000;
    1080 : 11111001;
    1081 : 11111110;
    1082 : 11111100;
    1083 : 11111001;
    1084 : 11111101;
    1085 : 11111111;
    1086 : 11111110;
    1087 : 11111100;
    1088 : 11111111;
    1089 : 11111111;
    108A : 11111111;
    108B : 11111111;
    108C : 10011101;
    108D : 00000101;
    108E : 00000011;
    108F : 00000000;
    1090 : 00000010;
    1091 : 00000000;
    1092 : 11010011;
    1093 : 11111010;
    1094 : 11111000;
    1095 : 11111001;
    1096 : 11111111;
    1097 : 11111011;
    1098 : 11111110;
    1099 : 11111001;
    109A : 11111111;
    109B : 11111100;
    109C : 11110100;
    109D : 11111111;
    109E : 11111101;
    109F : 11111111;
    10A0 : 11111111;
    10A1 : 11111001;
    10A2 : 10111011;
    10A3 : 10100111;
    10A4 : 10110100;
    10A5 : 10101110;
    10A6 : 10111101;
    10A7 : 11110101;
    10A8 : 11110110;
    10A9 : 11111111;
    10AA : 11111101;
    10AB : 11111101;
    10AC : 11111010;
    10AD : 11111000;
    10AE : 11111111;
    10AF : 11111111;
    10B0 : 11111101;
    10B1 : 11100000;
    10B2 : 01001011;
    10B3 : 00000000;
    10B4 : 00000000;
    10B5 : 00000101;
    10B6 : 00001011;
    10B7 : 00000000;
    10B8 : 01111101;
    10B9 : 11111111;
    10BA : 11111101;
    10BB : 11111110;
    10BC : 11111111;
    10BD : 11111110;
    10BE : 11111111;
    10BF : 11111101;
    10C0 : 11111111;
    10C1 : 11111111;
    10C2 : 11111111;
    10C3 : 11111111;
    10C4 : 11111111;
    10C5 : 11111111;
    10C6 : 11111111;
    10C7 : 11111111;
    10C8 : 11111111;
    10C9 : 11111111;
    10CA : 11111111;
    10CB : 11111111;
    10CC : 11111111;
    10CD : 11111111;
    10CE : 11111111;
    10CF : 11111111;
    10D0 : 11111111;
    10D1 : 11111111;
    10D2 : 11111111;
    10D3 : 11111111;
    10D4 : 11111111;
    10D5 : 11111111;
    10D6 : 11111111;
    10D7 : 11111111;
    10D8 : 11111111;
    10D9 : 11111111;
    10DA : 11111111;
    10DB : 11111111;
    10DC : 11111111;
    10DD : 11111111;
    10DE : 11111111;
    10DF : 11111111;
    10E0 : 11111111;
    10E1 : 11111111;
    10E2 : 11111111;
    10E3 : 11111111;
    10E4 : 11111111;
    10E5 : 11111111;
    10E6 : 11111111;
    10E7 : 11111111;
    10E8 : 11111111;
    10E9 : 11111111;
    10EA : 11111111;
    10EB : 11111111;
    10EC : 11111111;
    10ED : 11111111;
    10EE : 11111111;
    10EF : 11111111;
    10F0 : 11111111;
    10F1 : 11111111;
    10F2 : 11111111;
    10F3 : 11111110;
    10F4 : 11111111;
    10F5 : 11111111;
    10F6 : 11111110;
    10F7 : 11111100;
    10F8 : 11111110;
    10F9 : 10110101;
    10FA : 00000000;
    10FB : 00000000;
    10FC : 00000000;
    10FD : 00000101;
    10FE : 00000100;
    10FF : 10111010;
    1100 : 11111111;
    1101 : 11111011;
    1102 : 11111111;
    1103 : 11111111;
    1104 : 11111111;
    1105 : 11111111;
    1106 : 11111000;
    1107 : 11111111;
    1108 : 11111101;
    1109 : 11111110;
    110A : 11110010;
    110B : 00011111;
    110C : 00000011;
    110D : 00000000;
    110E : 00000000;
    110F : 00000100;
    1110 : 01011101;
    1111 : 11111110;
    1112 : 11111111;
    1113 : 11111110;
    1114 : 11110010;
    1115 : 00011101;
    1116 : 00000000;
    1117 : 00000011;
    1118 : 00000111;
    1119 : 00000011;
    111A : 01101000;
    111B : 11111100;
    111C : 11111100;
    111D : 11111011;
    111E : 11111101;
    111F : 11111111;
    1120 : 11111111;
    1121 : 11111111;
    1122 : 11111111;
    1123 : 11111111;
    1124 : 11111101;
    1125 : 11111011;
    1126 : 11111111;
    1127 : 11111111;
    1128 : 11111010;
    1129 : 11111101;
    112A : 11111110;
    112B : 11111111;
    112C : 10011111;
    112D : 00000001;
    112E : 00000000;
    112F : 00000101;
    1130 : 00000000;
    1131 : 00001000;
    1132 : 11001011;
    1133 : 11111111;
    1134 : 11111110;
    1135 : 11111111;
    1136 : 11111011;
    1137 : 11111101;
    1138 : 11111101;
    1139 : 11111101;
    113A : 11111111;
    113B : 11111111;
    113C : 11111111;
    113D : 11111100;
    113E : 11111110;
    113F : 11111011;
    1140 : 11111111;
    1141 : 11000111;
    1142 : 00000101;
    1143 : 00000011;
    1144 : 00000000;
    1145 : 00000000;
    1146 : 00000001;
    1147 : 10110010;
    1148 : 11111111;
    1149 : 11111110;
    114A : 11111110;
    114B : 11111111;
    114C : 11111101;
    114D : 11111111;
    114E : 11111100;
    114F : 11111100;
    1150 : 11111001;
    1151 : 11111111;
    1152 : 11110111;
    1153 : 00001111;
    1154 : 00000100;
    1155 : 00000000;
    1156 : 00000000;
    1157 : 00000111;
    1158 : 01000011;
    1159 : 11111111;
    115A : 11111010;
    115B : 11111111;
    115C : 11111111;
    115D : 11111011;
    115E : 11111111;
    115F : 11111111;
    1160 : 11111111;
    1161 : 11111111;
    1162 : 11111111;
    1163 : 11111111;
    1164 : 11111111;
    1165 : 11111111;
    1166 : 11111111;
    1167 : 11111111;
    1168 : 11111111;
    1169 : 11111111;
    116A : 11111111;
    116B : 11111111;
    116C : 11111111;
    116D : 11111111;
    116E : 11111111;
    116F : 11111111;
    1170 : 11111111;
    1171 : 11111111;
    1172 : 11111111;
    1173 : 11111111;
    1174 : 11111111;
    1175 : 11111111;
    1176 : 11111111;
    1177 : 11111111;
    1178 : 11111111;
    1179 : 11111111;
    117A : 11111111;
    117B : 11111111;
    117C : 11111111;
    117D : 11111111;
    117E : 11111111;
    117F : 11111111;
    1180 : 11111111;
    1181 : 11111111;
    1182 : 11111111;
    1183 : 11111111;
    1184 : 11111111;
    1185 : 11111111;
    1186 : 11111111;
    1187 : 11111111;
    1188 : 11111111;
    1189 : 11111111;
    118A : 11111111;
    118B : 11111111;
    118C : 11111111;
    118D : 11111111;
    118E : 11111111;
    118F : 11111111;
    1190 : 11111111;
    1191 : 11111111;
    1192 : 11111111;
    1193 : 11111110;
    1194 : 11111111;
    1195 : 11111111;
    1196 : 11111111;
    1197 : 11111101;
    1198 : 11111111;
    1199 : 11011100;
    119A : 00000101;
    119B : 00000001;
    119C : 00000000;
    119D : 00000000;
    119E : 00000100;
    119F : 01111001;
    11A0 : 11111101;
    11A1 : 11110111;
    11A2 : 11111101;
    11A3 : 11111100;
    11A4 : 11111100;
    11A5 : 11111111;
    11A6 : 11111111;
    11A7 : 11111111;
    11A8 : 11111011;
    11A9 : 11111111;
    11AA : 11001010;
    11AB : 00000000;
    11AC : 00000101;
    11AD : 00000111;
    11AE : 00000011;
    11AF : 00000000;
    11B0 : 01111110;
    11B1 : 11111010;
    11B2 : 11111101;
    11B3 : 11111111;
    11B4 : 11110101;
    11B5 : 00100000;
    11B6 : 00000000;
    11B7 : 00000001;
    11B8 : 00000001;
    11B9 : 00000001;
    11BA : 01101001;
    11BB : 11111111;
    11BC : 11111011;
    11BD : 11111111;
    11BE : 11111111;
    11BF : 11111100;
    11C0 : 11111111;
    11C1 : 11111011;
    11C2 : 11111110;
    11C3 : 11111111;
    11C4 : 11111111;
    11C5 : 11111100;
    11C6 : 11111100;
    11C7 : 11111101;
    11C8 : 11111111;
    11C9 : 11111111;
    11CA : 11111001;
    11CB : 11111100;
    11CC : 10011110;
    11CD : 00000110;
    11CE : 00000011;
    11CF : 00000010;
    11D0 : 00000010;
    11D1 : 00000000;
    11D2 : 11010111;
    11D3 : 11111111;
    11D4 : 11111110;
    11D5 : 11111111;
    11D6 : 11111111;
    11D7 : 11111111;
    11D8 : 11111111;
    11D9 : 11111111;
    11DA : 11111011;
    11DB : 11111100;
    11DC : 11111111;
    11DD : 11111100;
    11DE : 11111111;
    11DF : 11111100;
    11E0 : 11111110;
    11E1 : 11001001;
    11E2 : 00000001;
    11E3 : 00000000;
    11E4 : 00000101;
    11E5 : 00001001;
    11E6 : 00000000;
    11E7 : 10001000;
    11E8 : 11111111;
    11E9 : 11110101;
    11EA : 11111000;
    11EB : 11111111;
    11EC : 11111010;
    11ED : 11111111;
    11EE : 11111110;
    11EF : 11111110;
    11F0 : 11111100;
    11F1 : 11110111;
    11F2 : 11111011;
    11F3 : 01000100;
    11F4 : 00000000;
    11F5 : 00001000;
    11F6 : 00000010;
    11F7 : 00000000;
    11F8 : 00111001;
    11F9 : 11111111;
    11FA : 11111011;
    11FB : 11111101;
    11FC : 11111111;
    11FD : 11111110;
    11FE : 11111111;
    11FF : 11111100;
    1200 : 11111111;
    1201 : 11111111;
    1202 : 11111111;
    1203 : 11111111;
    1204 : 11111111;
    1205 : 11111111;
    1206 : 11111111;
    1207 : 11111111;
    1208 : 11111111;
    1209 : 11111111;
    120A : 11111111;
    120B : 11111111;
    120C : 11111111;
    120D : 11111111;
    120E : 11111111;
    120F : 11111111;
    1210 : 11111111;
    1211 : 11111111;
    1212 : 11111111;
    1213 : 11111111;
    1214 : 11111111;
    1215 : 11111111;
    1216 : 11111111;
    1217 : 11111111;
    1218 : 11111111;
    1219 : 11111111;
    121A : 11111111;
    121B : 11111111;
    121C : 11111111;
    121D : 11111111;
    121E : 11111111;
    121F : 11111111;
    1220 : 11111111;
    1221 : 11111111;
    1222 : 11111111;
    1223 : 11111111;
    1224 : 11111111;
    1225 : 11111111;
    1226 : 11111111;
    1227 : 11111111;
    1228 : 11111111;
    1229 : 11111111;
    122A : 11111111;
    122B : 11111111;
    122C : 11111111;
    122D : 11111111;
    122E : 11111111;
    122F : 11111111;
    1230 : 11111111;
    1231 : 11111111;
    1232 : 11111111;
    1233 : 11111111;
    1234 : 11111111;
    1235 : 11111111;
    1236 : 11111111;
    1237 : 11111110;
    1238 : 11111111;
    1239 : 11110101;
    123A : 00100111;
    123B : 00000000;
    123C : 00000111;
    123D : 00000000;
    123E : 00000000;
    123F : 00011011;
    1240 : 11101001;
    1241 : 11111111;
    1242 : 11111110;
    1243 : 11111101;
    1244 : 11111110;
    1245 : 11110111;
    1246 : 11111101;
    1247 : 11111100;
    1248 : 11111101;
    1249 : 11111110;
    124A : 01010000;
    124B : 00000011;
    124C : 00000000;
    124D : 00000000;
    124E : 00000001;
    124F : 00000100;
    1250 : 11000110;
    1251 : 11111111;
    1252 : 11111010;
    1253 : 11111110;
    1254 : 11110110;
    1255 : 00011110;
    1256 : 00000000;
    1257 : 00000011;
    1258 : 00000111;
    1259 : 00000000;
    125A : 01101001;
    125B : 11111111;
    125C : 11111001;
    125D : 11111111;
    125E : 11111111;
    125F : 11111111;
    1260 : 11111111;
    1261 : 11111110;
    1262 : 11111111;
    1263 : 11111111;
    1264 : 11111111;
    1265 : 11111111;
    1266 : 11111111;
    1267 : 11111111;
    1268 : 11111110;
    1269 : 11111100;
    126A : 11111100;
    126B : 11111111;
    126C : 10011110;
    126D : 00000000;
    126E : 00000101;
    126F : 00000000;
    1270 : 00000011;
    1271 : 00000000;
    1272 : 11010000;
    1273 : 11111111;
    1274 : 11111111;
    1275 : 11111011;
    1276 : 11111111;
    1277 : 11111011;
    1278 : 11111100;
    1279 : 11111111;
    127A : 11111111;
    127B : 11111110;
    127C : 11111011;
    127D : 11111101;
    127E : 11111101;
    127F : 11111111;
    1280 : 11111111;
    1281 : 11110111;
    1282 : 00100011;
    1283 : 00000010;
    1284 : 00000000;
    1285 : 00000101;
    1286 : 00000000;
    1287 : 00010101;
    1288 : 11011001;
    1289 : 11111111;
    128A : 11111111;
    128B : 11111011;
    128C : 11111010;
    128D : 11111011;
    128E : 11111011;
    128F : 11111010;
    1290 : 11111011;
    1291 : 11111111;
    1292 : 11100001;
    1293 : 00010101;
    1294 : 00000000;
    1295 : 00000000;
    1296 : 00000011;
    1297 : 00000001;
    1298 : 01001011;
    1299 : 11111011;
    129A : 11111111;
    129B : 11111111;
    129C : 11111101;
    129D : 11111111;
    129E : 11111111;
    129F : 11111100;
    12A0 : 11111111;
    12A1 : 11111111;
    12A2 : 11111111;
    12A3 : 11111111;
    12A4 : 11111111;
    12A5 : 11111111;
    12A6 : 11111111;
    12A7 : 11111111;
    12A8 : 11111111;
    12A9 : 11111111;
    12AA : 11111111;
    12AB : 11111111;
    12AC : 11111111;
    12AD : 11111111;
    12AE : 11111111;
    12AF : 11111111;
    12B0 : 11111111;
    12B1 : 11111111;
    12B2 : 11111111;
    12B3 : 11111111;
    12B4 : 11111111;
    12B5 : 11111111;
    12B6 : 11111111;
    12B7 : 11111111;
    12B8 : 11111111;
    12B9 : 11111111;
    12BA : 11111111;
    12BB : 11111111;
    12BC : 11111111;
    12BD : 11111111;
    12BE : 11111111;
    12BF : 11111111;
    12C0 : 11111111;
    12C1 : 11111111;
    12C2 : 11111111;
    12C3 : 11111111;
    12C4 : 11111111;
    12C5 : 11111111;
    12C6 : 11111111;
    12C7 : 11111111;
    12C8 : 11111111;
    12C9 : 11111111;
    12CA : 11111111;
    12CB : 11111111;
    12CC : 11111111;
    12CD : 11111111;
    12CE : 11111111;
    12CF : 11111111;
    12D0 : 11111111;
    12D1 : 11111111;
    12D2 : 11111111;
    12D3 : 11111111;
    12D4 : 11111110;
    12D5 : 11111111;
    12D6 : 11111111;
    12D7 : 11111110;
    12D8 : 11111111;
    12D9 : 11111000;
    12DA : 10000001;
    12DB : 00000010;
    12DC : 00000001;
    12DD : 00000100;
    12DE : 00000010;
    12DF : 00000000;
    12E0 : 00100011;
    12E1 : 10111010;
    12E2 : 11111110;
    12E3 : 11111011;
    12E4 : 11111111;
    12E5 : 11111111;
    12E6 : 11111111;
    12E7 : 11111110;
    12E8 : 11011111;
    12E9 : 01010100;
    12EA : 00000001;
    12EB : 00000000;
    12EC : 00000101;
    12ED : 00000100;
    12EE : 00000000;
    12EF : 00110010;
    12F0 : 11111100;
    12F1 : 11111111;
    12F2 : 11111100;
    12F3 : 11111101;
    12F4 : 11110101;
    12F5 : 00011100;
    12F6 : 00000000;
    12F7 : 00000101;
    12F8 : 00000110;
    12F9 : 00000001;
    12FA : 01101010;
    12FB : 11111011;
    12FC : 11111111;
    12FD : 11111010;
    12FE : 11111100;
    12FF : 11111111;
    1300 : 11111111;
    1301 : 11111111;
    1302 : 11111111;
    1303 : 11111101;
    1304 : 11111011;
    1305 : 11111100;
    1306 : 11111110;
    1307 : 11111111;
    1308 : 11111101;
    1309 : 11111111;
    130A : 11110101;
    130B : 11111110;
    130C : 10100100;
    130D : 00000000;
    130E : 00000001;
    130F : 00000011;
    1310 : 00000000;
    1311 : 00000100;
    1312 : 11010101;
    1313 : 11111111;
    1314 : 11111000;
    1315 : 11111110;
    1316 : 11111001;
    1317 : 11111111;
    1318 : 11111111;
    1319 : 11111111;
    131A : 11111111;
    131B : 11111111;
    131C : 11111111;
    131D : 11111111;
    131E : 11111101;
    131F : 11111110;
    1320 : 11111100;
    1321 : 11111010;
    1322 : 01110111;
    1323 : 00000001;
    1324 : 00001100;
    1325 : 00000000;
    1326 : 00001011;
    1327 : 00000000;
    1328 : 00011101;
    1329 : 10101000;
    132A : 11110110;
    132B : 11111111;
    132C : 11111111;
    132D : 11111110;
    132E : 11111111;
    132F : 11111111;
    1330 : 11111110;
    1331 : 11010101;
    1332 : 00111010;
    1333 : 00000000;
    1334 : 00000011;
    1335 : 00000001;
    1336 : 00000111;
    1337 : 00000000;
    1338 : 10001101;
    1339 : 11111000;
    133A : 11111111;
    133B : 11111111;
    133C : 11111101;
    133D : 11111111;
    133E : 11111111;
    133F : 11111111;
    1340 : 11111111;
    1341 : 11111111;
    1342 : 11111111;
    1343 : 11111111;
    1344 : 11111111;
    1345 : 11111111;
    1346 : 11111111;
    1347 : 11111111;
    1348 : 11111111;
    1349 : 11111111;
    134A : 11111111;
    134B : 11111111;
    134C : 11111111;
    134D : 11111111;
    134E : 11111111;
    134F : 11111111;
    1350 : 11111111;
    1351 : 11111111;
    1352 : 11111111;
    1353 : 11111111;
    1354 : 11111111;
    1355 : 11111111;
    1356 : 11111111;
    1357 : 11111111;
    1358 : 11111111;
    1359 : 11111111;
    135A : 11111111;
    135B : 11111111;
    135C : 11111111;
    135D : 11111111;
    135E : 11111111;
    135F : 11111111;
    1360 : 11111111;
    1361 : 11111111;
    1362 : 11111111;
    1363 : 11111111;
    1364 : 11111111;
    1365 : 11111111;
    1366 : 11111111;
    1367 : 11111111;
    1368 : 11111111;
    1369 : 11111111;
    136A : 11111111;
    136B : 11111111;
    136C : 11111111;
    136D : 11111111;
    136E : 11111111;
    136F : 11111111;
    1370 : 11111111;
    1371 : 11111111;
    1372 : 11111111;
    1373 : 11111111;
    1374 : 11111110;
    1375 : 11111111;
    1376 : 11111111;
    1377 : 11111111;
    1378 : 11111111;
    1379 : 11111101;
    137A : 11110001;
    137B : 00011101;
    137C : 00000000;
    137D : 00000111;
    137E : 00000000;
    137F : 00000011;
    1380 : 00000000;
    1381 : 00000011;
    1382 : 00101110;
    1383 : 01100100;
    1384 : 10000011;
    1385 : 10001101;
    1386 : 01110000;
    1387 : 00111111;
    1388 : 00001100;
    1389 : 00000001;
    138A : 00000100;
    138B : 00000000;
    138C : 00000000;
    138D : 00000001;
    138E : 00000000;
    138F : 11000111;
    1390 : 11111111;
    1391 : 11111000;
    1392 : 11111111;
    1393 : 11111111;
    1394 : 11110111;
    1395 : 00011110;
    1396 : 00000000;
    1397 : 00000010;
    1398 : 00000000;
    1399 : 00000001;
    139A : 00011011;
    139B : 00110101;
    139C : 00110100;
    139D : 00110101;
    139E : 00111000;
    139F : 00110101;
    13A0 : 00110110;
    13A1 : 00110100;
    13A2 : 00110011;
    13A3 : 00110101;
    13A4 : 00111000;
    13A5 : 00110110;
    13A6 : 00110100;
    13A7 : 00110110;
    13A8 : 00110001;
    13A9 : 11001001;
    13AA : 11111111;
    13AB : 11111011;
    13AC : 10100010;
    13AD : 00000010;
    13AE : 00000001;
    13AF : 00000001;
    13B0 : 00000000;
    13B1 : 00000000;
    13B2 : 11010010;
    13B3 : 11111110;
    13B4 : 11111111;
    13B5 : 11111111;
    13B6 : 11111111;
    13B7 : 11111100;
    13B8 : 11111110;
    13B9 : 11111110;
    13BA : 11111100;
    13BB : 11111101;
    13BC : 11111111;
    13BD : 11111011;
    13BE : 11111111;
    13BF : 11111111;
    13C0 : 11111110;
    13C1 : 11111110;
    13C2 : 11111001;
    13C3 : 00100011;
    13C4 : 00000000;
    13C5 : 00000111;
    13C6 : 00000010;
    13C7 : 00000010;
    13C8 : 00000011;
    13C9 : 00000000;
    13CA : 00100001;
    13CB : 01010000;
    13CC : 01110101;
    13CD : 10001111;
    13CE : 10000100;
    13CF : 01100101;
    13D0 : 00110110;
    13D1 : 00000011;
    13D2 : 00000000;
    13D3 : 00000100;
    13D4 : 00000000;
    13D5 : 00000110;
    13D6 : 00000001;
    13D7 : 00010001;
    13D8 : 11100110;
    13D9 : 11111111;
    13DA : 11111011;
    13DB : 11111111;
    13DC : 11111111;
    13DD : 11111111;
    13DE : 11111100;
    13DF : 11111111;
    13E0 : 11111111;
    13E1 : 11111111;
    13E2 : 11111111;
    13E3 : 11111111;
    13E4 : 11111111;
    13E5 : 11111111;
    13E6 : 11111111;
    13E7 : 11111111;
    13E8 : 11111111;
    13E9 : 11111111;
    13EA : 11111111;
    13EB : 11111111;
    13EC : 11111111;
    13ED : 11111111;
    13EE : 11111111;
    13EF : 11111111;
    13F0 : 11111111;
    13F1 : 11111111;
    13F2 : 11111111;
    13F3 : 11111111;
    13F4 : 11111111;
    13F5 : 11111111;
    13F6 : 11111111;
    13F7 : 11111111;
    13F8 : 11111111;
    13F9 : 11111111;
    13FA : 11111111;
    13FB : 11111111;
    13FC : 11111111;
    13FD : 11111111;
    13FE : 11111111;
    13FF : 11111111;
    1400 : 11111111;
    1401 : 11111111;
    1402 : 11111111;
    1403 : 11111111;
    1404 : 11111111;
    1405 : 11111111;
    1406 : 11111111;
    1407 : 11111111;
    1408 : 11111111;
    1409 : 11111111;
    140A : 11111111;
    140B : 11111111;
    140C : 11111111;
    140D : 11111111;
    140E : 11111111;
    140F : 11111111;
    1410 : 11111111;
    1411 : 11111111;
    1412 : 11111111;
    1413 : 11111111;
    1414 : 11111111;
    1415 : 11111111;
    1416 : 11111111;
    1417 : 11111111;
    1418 : 11111101;
    1419 : 11111100;
    141A : 11111111;
    141B : 11001001;
    141C : 00001111;
    141D : 00000000;
    141E : 00000001;
    141F : 00000100;
    1420 : 00000100;
    1421 : 00000011;
    1422 : 00000001;
    1423 : 00000000;
    1424 : 00000000;
    1425 : 00000000;
    1426 : 00000000;
    1427 : 00000000;
    1428 : 00000000;
    1429 : 00000110;
    142A : 00000000;
    142B : 00001001;
    142C : 00000001;
    142D : 00000000;
    142E : 10100011;
    142F : 11111001;
    1430 : 11111010;
    1431 : 11111001;
    1432 : 11111110;
    1433 : 11111111;
    1434 : 11110011;
    1435 : 00011111;
    1436 : 00000010;
    1437 : 00000010;
    1438 : 00000001;
    1439 : 00000001;
    143A : 00000000;
    143B : 00000001;
    143C : 00000001;
    143D : 00000001;
    143E : 00000001;
    143F : 00000001;
    1440 : 00000001;
    1441 : 00000000;
    1442 : 00000000;
    1443 : 00000000;
    1444 : 00000000;
    1445 : 00000001;
    1446 : 00000001;
    1447 : 00000001;
    1448 : 00000001;
    1449 : 10011110;
    144A : 11111101;
    144B : 11111101;
    144C : 10011111;
    144D : 00000001;
    144E : 00000011;
    144F : 00000001;
    1450 : 00000001;
    1451 : 00000100;
    1452 : 11010000;
    1453 : 11111110;
    1454 : 11111110;
    1455 : 11111101;
    1456 : 11111110;
    1457 : 11111110;
    1458 : 11111110;
    1459 : 11111110;
    145A : 11111110;
    145B : 11111110;
    145C : 11111110;
    145D : 11111111;
    145E : 11111111;
    145F : 11111110;
    1460 : 11111111;
    1461 : 11111011;
    1462 : 11111111;
    1463 : 11011100;
    1464 : 00100010;
    1465 : 00000000;
    1466 : 00000110;
    1467 : 00000100;
    1468 : 00000100;
    1469 : 00000010;
    146A : 00000000;
    146B : 00000000;
    146C : 00000000;
    146D : 00000000;
    146E : 00000000;
    146F : 00000000;
    1470 : 00000000;
    1471 : 00000000;
    1472 : 00000101;
    1473 : 00000001;
    1474 : 00000110;
    1475 : 00000000;
    1476 : 00000010;
    1477 : 10110100;
    1478 : 11111101;
    1479 : 11111101;
    147A : 11111110;
    147B : 11111111;
    147C : 11111111;
    147D : 11111111;
    147E : 11111111;
    147F : 11111111;
    1480 : 11111111;
    1481 : 11111111;
    1482 : 11111111;
    1483 : 11111111;
    1484 : 11111111;
    1485 : 11111111;
    1486 : 11111111;
    1487 : 11111111;
    1488 : 11111111;
    1489 : 11111111;
    148A : 11111111;
    148B : 11111111;
    148C : 11111111;
    148D : 11111111;
    148E : 11111111;
    148F : 11111111;
    1490 : 11111111;
    1491 : 11111111;
    1492 : 11111111;
    1493 : 11111111;
    1494 : 11111111;
    1495 : 11111111;
    1496 : 11111111;
    1497 : 11111111;
    1498 : 11111111;
    1499 : 11111111;
    149A : 11111111;
    149B : 11111111;
    149C : 11111111;
    149D : 11111111;
    149E : 11111111;
    149F : 11111111;
    14A0 : 11111111;
    14A1 : 11111111;
    14A2 : 11111111;
    14A3 : 11111111;
    14A4 : 11111111;
    14A5 : 11111111;
    14A6 : 11111111;
    14A7 : 11111111;
    14A8 : 11111111;
    14A9 : 11111111;
    14AA : 11111111;
    14AB : 11111111;
    14AC : 11111111;
    14AD : 11111111;
    14AE : 11111111;
    14AF : 11111111;
    14B0 : 11111111;
    14B1 : 11111111;
    14B2 : 11111111;
    14B3 : 11111111;
    14B4 : 11111111;
    14B5 : 11111111;
    14B6 : 11111111;
    14B7 : 11111111;
    14B8 : 11111111;
    14B9 : 11111111;
    14BA : 11110111;
    14BB : 11111111;
    14BC : 11010110;
    14BD : 00110011;
    14BE : 00000010;
    14BF : 00000000;
    14C0 : 00000000;
    14C1 : 00000101;
    14C2 : 00001000;
    14C3 : 00000111;
    14C4 : 00000110;
    14C5 : 00001001;
    14C6 : 00001001;
    14C7 : 00000111;
    14C8 : 00000111;
    14C9 : 00000000;
    14CA : 00000000;
    14CB : 00000000;
    14CC : 00010010;
    14CD : 10111000;
    14CE : 11111110;
    14CF : 11111111;
    14D0 : 11111110;
    14D1 : 11111110;
    14D2 : 11110111;
    14D3 : 11111110;
    14D4 : 11110101;
    14D5 : 00011110;
    14D6 : 00000001;
    14D7 : 00000010;
    14D8 : 00000110;
    14D9 : 00000110;
    14DA : 00000110;
    14DB : 00000110;
    14DC : 00000110;
    14DD : 00000110;
    14DE : 00000110;
    14DF : 00000110;
    14E0 : 00000110;
    14E1 : 00000110;
    14E2 : 00000110;
    14E3 : 00000110;
    14E4 : 00000110;
    14E5 : 00000111;
    14E6 : 00000111;
    14E7 : 00000111;
    14E8 : 00000001;
    14E9 : 10100010;
    14EA : 11111110;
    14EB : 11111110;
    14EC : 10100000;
    14ED : 00000001;
    14EE : 00001010;
    14EF : 00001000;
    14F0 : 00000110;
    14F1 : 00000001;
    14F2 : 11010101;
    14F3 : 11111110;
    14F4 : 11111010;
    14F5 : 11111100;
    14F6 : 11111110;
    14F7 : 11111110;
    14F8 : 11111110;
    14F9 : 11111110;
    14FA : 11111110;
    14FB : 11111110;
    14FC : 11111110;
    14FD : 11111111;
    14FE : 11111110;
    14FF : 11111110;
    1500 : 11111111;
    1501 : 11111100;
    1502 : 11111011;
    1503 : 11111111;
    1504 : 11101010;
    1505 : 01011000;
    1506 : 00000000;
    1507 : 00000010;
    1508 : 00000011;
    1509 : 00000010;
    150A : 00000100;
    150B : 00000110;
    150C : 00000110;
    150D : 00000110;
    150E : 00000111;
    150F : 00001010;
    1510 : 00000110;
    1511 : 00000000;
    1512 : 00000100;
    1513 : 00000000;
    1514 : 00000000;
    1515 : 00011110;
    1516 : 10111011;
    1517 : 11111100;
    1518 : 11111101;
    1519 : 11111110;
    151A : 11111110;
    151B : 11111111;
    151C : 11111111;
    151D : 11111111;
    151E : 11111111;
    151F : 11111111;
    1520 : 11111111;
    1521 : 11111111;
    1522 : 11111111;
    1523 : 11111111;
    1524 : 11111111;
    1525 : 11111111;
    1526 : 11111111;
    1527 : 11111111;
    1528 : 11111111;
    1529 : 11111111;
    152A : 11111111;
    152B : 11111111;
    152C : 11111111;
    152D : 11111111;
    152E : 11111111;
    152F : 11111111;
    1530 : 11111111;
    1531 : 11111111;
    1532 : 11111111;
    1533 : 11111111;
    1534 : 11111111;
    1535 : 11111111;
    1536 : 11111111;
    1537 : 11111111;
    1538 : 11111111;
    1539 : 11111111;
    153A : 11111111;
    153B : 11111111;
    153C : 11111111;
    153D : 11111111;
    153E : 11111111;
    153F : 11111111;
    1540 : 11111111;
    1541 : 11111111;
    1542 : 11111111;
    1543 : 11111111;
    1544 : 11111111;
    1545 : 11111111;
    1546 : 11111111;
    1547 : 11111111;
    1548 : 11111111;
    1549 : 11111111;
    154A : 11111111;
    154B : 11111111;
    154C : 11111111;
    154D : 11111111;
    154E : 11111111;
    154F : 11111111;
    1550 : 11111111;
    1551 : 11111111;
    1552 : 11111111;
    1553 : 11111111;
    1554 : 11111111;
    1555 : 11111111;
    1556 : 11111111;
    1557 : 11111111;
    1558 : 11111110;
    1559 : 11111101;
    155A : 11111111;
    155B : 11111001;
    155C : 11111010;
    155D : 11111111;
    155E : 10010000;
    155F : 00110000;
    1560 : 00000000;
    1561 : 00000000;
    1562 : 00000001;
    1563 : 00000000;
    1564 : 00000000;
    1565 : 00000000;
    1566 : 00000000;
    1567 : 00000000;
    1568 : 00000000;
    1569 : 00000011;
    156A : 00011011;
    156B : 01111110;
    156C : 11101110;
    156D : 11111111;
    156E : 11110001;
    156F : 11111101;
    1570 : 11111010;
    1571 : 11111110;
    1572 : 11111111;
    1573 : 11111111;
    1574 : 11111000;
    1575 : 00001110;
    1576 : 00000001;
    1577 : 00000101;
    1578 : 00000000;
    1579 : 00000000;
    157A : 00000000;
    157B : 00000000;
    157C : 00000000;
    157D : 00000000;
    157E : 00000001;
    157F : 00000000;
    1580 : 00000000;
    1581 : 00000000;
    1582 : 00000000;
    1583 : 00000000;
    1584 : 00000000;
    1585 : 00000000;
    1586 : 00000001;
    1587 : 00000000;
    1588 : 00000000;
    1589 : 10100100;
    158A : 11111101;
    158B : 11111110;
    158C : 10011111;
    158D : 00000000;
    158E : 00000001;
    158F : 00000001;
    1590 : 00000000;
    1591 : 00000110;
    1592 : 11010010;
    1593 : 11111110;
    1594 : 11111100;
    1595 : 11111110;
    1596 : 11111110;
    1597 : 11111111;
    1598 : 11111110;
    1599 : 11111110;
    159A : 11111110;
    159B : 11111110;
    159C : 11111110;
    159D : 11111111;
    159E : 11111111;
    159F : 11111110;
    15A0 : 11111110;
    15A1 : 11111101;
    15A2 : 11111111;
    15A3 : 11111111;
    15A4 : 11111001;
    15A5 : 11111111;
    15A6 : 11000000;
    15A7 : 01010101;
    15A8 : 00001000;
    15A9 : 00000000;
    15AA : 00000000;
    15AB : 00000000;
    15AC : 00000100;
    15AD : 00000011;
    15AE : 00000000;
    15AF : 00000000;
    15B0 : 00000000;
    15B1 : 00000011;
    15B2 : 00000000;
    15B3 : 00100000;
    15B4 : 10000111;
    15B5 : 11101111;
    15B6 : 11111100;
    15B7 : 11111100;
    15B8 : 11111110;
    15B9 : 11111110;
    15BA : 11111110;
    15BB : 11111111;
    15BC : 11111111;
    15BD : 11111111;
    15BE : 11111111;
    15BF : 11111111;
    15C0 : 11111111;
    15C1 : 11111111;
    15C2 : 11111111;
    15C3 : 11111111;
    15C4 : 11111111;
    15C5 : 11111111;
    15C6 : 11111111;
    15C7 : 11111111;
    15C8 : 11111111;
    15C9 : 11111111;
    15CA : 11111111;
    15CB : 11111111;
    15CC : 11111111;
    15CD : 11111111;
    15CE : 11111111;
    15CF : 11111111;
    15D0 : 11111111;
    15D1 : 11111111;
    15D2 : 11111111;
    15D3 : 11111111;
    15D4 : 11111111;
    15D5 : 11111111;
    15D6 : 11111111;
    15D7 : 11111111;
    15D8 : 11111111;
    15D9 : 11111111;
    15DA : 11111111;
    15DB : 11111111;
    15DC : 11111111;
    15DD : 11111111;
    15DE : 11111111;
    15DF : 11111111;
    15E0 : 11111111;
    15E1 : 11111111;
    15E2 : 11111111;
    15E3 : 11111111;
    15E4 : 11111111;
    15E5 : 11111111;
    15E6 : 11111111;
    15E7 : 11111111;
    15E8 : 11111111;
    15E9 : 11111111;
    15EA : 11111111;
    15EB : 11111111;
    15EC : 11111111;
    15ED : 11111111;
    15EE : 11111111;
    15EF : 11111111;
    15F0 : 11111111;
    15F1 : 11111111;
    15F2 : 11111111;
    15F3 : 11111111;
    15F4 : 11111111;
    15F5 : 11111111;
    15F6 : 11111111;
    15F7 : 11111111;
    15F8 : 11111010;
    15F9 : 11111111;
    15FA : 11111111;
    15FB : 11111101;
    15FC : 11111111;
    15FD : 11111011;
    15FE : 11111100;
    15FF : 11111111;
    1600 : 11001110;
    1601 : 10001111;
    1602 : 01010110;
    1603 : 01000101;
    1604 : 00111110;
    1605 : 00110011;
    1606 : 00111110;
    1607 : 01010111;
    1608 : 10000101;
    1609 : 11000000;
    160A : 11110001;
    160B : 11111101;
    160C : 11111111;
    160D : 11111000;
    160E : 11111111;
    160F : 11111111;
    1610 : 11111111;
    1611 : 11111110;
    1612 : 11111111;
    1613 : 11111100;
    1614 : 11111111;
    1615 : 10101001;
    1616 : 10000000;
    1617 : 10000011;
    1618 : 10000101;
    1619 : 10000101;
    161A : 10000110;
    161B : 10000110;
    161C : 10000110;
    161D : 10000110;
    161E : 10000101;
    161F : 10000101;
    1620 : 10000101;
    1621 : 10000101;
    1622 : 10000101;
    1623 : 10000101;
    1624 : 10000101;
    1625 : 10000101;
    1626 : 10000101;
    1627 : 10000101;
    1628 : 10001000;
    1629 : 11101011;
    162A : 11111110;
    162B : 11111100;
    162C : 11101000;
    162D : 10001100;
    162E : 10000001;
    162F : 10001011;
    1630 : 10000000;
    1631 : 10010101;
    1632 : 11110100;
    1633 : 11111111;
    1634 : 11111111;
    1635 : 11111110;
    1636 : 11111111;
    1637 : 11111110;
    1638 : 11111110;
    1639 : 11111110;
    163A : 11111110;
    163B : 11111110;
    163C : 11111110;
    163D : 11111111;
    163E : 11111111;
    163F : 11111111;
    1640 : 11111111;
    1641 : 11111111;
    1642 : 11111010;
    1643 : 11111111;
    1644 : 11111101;
    1645 : 11111111;
    1646 : 11111011;
    1647 : 11111111;
    1648 : 11100011;
    1649 : 10110110;
    164A : 01111011;
    164B : 01001110;
    164C : 00110111;
    164D : 00110011;
    164E : 00111010;
    164F : 01000011;
    1650 : 01011010;
    1651 : 10001101;
    1652 : 11000000;
    1653 : 11110101;
    1654 : 11111111;
    1655 : 11111111;
    1656 : 11111001;
    1657 : 11111111;
    1658 : 11111111;
    1659 : 11111111;
    165A : 11111111;
    165B : 11111111;
    165C : 11111111;
    165D : 11111111;
    165E : 11111111;
    165F : 11111111;
    1660 : 11111111;
    1661 : 11111111;
    1662 : 11111111;
    1663 : 11111111;
    1664 : 11111111;
    1665 : 11111111;
    1666 : 11111111;
    1667 : 11111111;
    1668 : 11111111;
    1669 : 11111111;
    166A : 11111111;
    166B : 11111111;
    166C : 11111111;
    166D : 11111111;
    166E : 11111111;
    166F : 11111111;
    1670 : 11111111;
    1671 : 11111111;
    1672 : 11111111;
    1673 : 11111111;
    1674 : 11111111;
    1675 : 11111111;
    1676 : 11111111;
    1677 : 11111111;
    1678 : 11111111;
    1679 : 11111111;
    167A : 11111111;
    167B : 11111111;
    167C : 11111111;
    167D : 11111111;
    167E : 11111111;
    167F : 11111111;
    1680 : 11111111;
    1681 : 11111111;
    1682 : 11111111;
    1683 : 11111111;
    1684 : 11111111;
    1685 : 11111111;
    1686 : 11111111;
    1687 : 11111111;
    1688 : 11111111;
    1689 : 11111111;
    168A : 11111111;
    168B : 11111111;
    168C : 11111111;
    168D : 11111111;
    168E : 11111111;
    168F : 11111111;
    1690 : 11111111;
    1691 : 11111111;
    1692 : 11111111;
    1693 : 11111111;
    1694 : 11111111;
    1695 : 11111111;
    1696 : 11111111;
    1697 : 11111111;
    1698 : 11111111;
    1699 : 11111111;
    169A : 11111100;
    169B : 11111111;
    169C : 11111011;
    169D : 11111100;
    169E : 11111110;
    169F : 11111001;
    16A0 : 11111100;
    16A1 : 11111111;
    16A2 : 11111111;
    16A3 : 11111111;
    16A4 : 11111101;
    16A5 : 11111110;
    16A6 : 11111111;
    16A7 : 11111110;
    16A8 : 11111111;
    16A9 : 11111111;
    16AA : 11111111;
    16AB : 11111011;
    16AC : 11111010;
    16AD : 11111111;
    16AE : 11111100;
    16AF : 11111011;
    16B0 : 11111011;
    16B1 : 11111111;
    16B2 : 11111111;
    16B3 : 11111111;
    16B4 : 11111111;
    16B5 : 11111111;
    16B6 : 11111111;
    16B7 : 11111111;
    16B8 : 11111111;
    16B9 : 11111111;
    16BA : 11111111;
    16BB : 11111111;
    16BC : 11111111;
    16BD : 11111111;
    16BE : 11111111;
    16BF : 11111111;
    16C0 : 11111111;
    16C1 : 11111111;
    16C2 : 11111111;
    16C3 : 11111111;
    16C4 : 11111110;
    16C5 : 11111111;
    16C6 : 11111111;
    16C7 : 11111110;
    16C8 : 11111110;
    16C9 : 11111100;
    16CA : 11111101;
    16CB : 11111110;
    16CC : 11111110;
    16CD : 11111000;
    16CE : 11111111;
    16CF : 11111000;
    16D0 : 11111100;
    16D1 : 11111111;
    16D2 : 11111111;
    16D3 : 11111101;
    16D4 : 11111101;
    16D5 : 11111110;
    16D6 : 11111110;
    16D7 : 11111110;
    16D8 : 11111110;
    16D9 : 11111110;
    16DA : 11111110;
    16DB : 11111110;
    16DC : 11111110;
    16DD : 11111110;
    16DE : 11111110;
    16DF : 11111110;
    16E0 : 11111111;
    16E1 : 11111111;
    16E2 : 11111111;
    16E3 : 11110110;
    16E4 : 11111111;
    16E5 : 11111110;
    16E6 : 11111010;
    16E7 : 11111101;
    16E8 : 11111101;
    16E9 : 11111011;
    16EA : 11111100;
    16EB : 11111111;
    16EC : 11111111;
    16ED : 11111111;
    16EE : 11111110;
    16EF : 11111111;
    16F0 : 11111111;
    16F1 : 11111111;
    16F2 : 11111111;
    16F3 : 11111001;
    16F4 : 11111000;
    16F5 : 11111100;
    16F6 : 11111111;
    16F7 : 11111110;
    16F8 : 11111111;
    16F9 : 11111111;
    16FA : 11111111;
    16FB : 11111111;
    16FC : 11111111;
    16FD : 11111111;
    16FE : 11111111;
    16FF : 11111111;
    1700 : 11111111;
    1701 : 11111111;
    1702 : 11111111;
    1703 : 11111111;
    1704 : 11111111;
    1705 : 11111111;
    1706 : 11111111;
    1707 : 11111111;
    1708 : 11111111;
    1709 : 11111111;
    170A : 11111111;
    170B : 11111111;
    170C : 11111111;
    170D : 11111111;
    170E : 11111111;
    170F : 11111111;
    1710 : 11111111;
    1711 : 11111111;
    1712 : 11111111;
    1713 : 11111111;
    1714 : 11111111;
    1715 : 11111111;
    1716 : 11111111;
    1717 : 11111111;
    1718 : 11111111;
    1719 : 11111111;
    171A : 11111111;
    171B : 11111111;
    171C : 11111111;
    171D : 11111111;
    171E : 11111111;
    171F : 11111111;
    1720 : 11111111;
    1721 : 11111111;
    1722 : 11111111;
    1723 : 11111111;
    1724 : 11111111;
    1725 : 11111111;
    1726 : 11111111;
    1727 : 11111111;
    1728 : 11111111;
    1729 : 11111111;
    172A : 11111111;
    172B : 11111111;
    172C : 11111111;
    172D : 11111111;
    172E : 11111111;
    172F : 11111111;
    1730 : 11111111;
    1731 : 11111111;
    1732 : 11111111;
    1733 : 11111111;
    1734 : 11111111;
    1735 : 11111111;
    1736 : 11111111;
    1737 : 11111111;
    1738 : 11111111;
    1739 : 11111011;
    173A : 11111111;
    173B : 11111111;
    173C : 11111111;
    173D : 11111111;
    173E : 11111111;
    173F : 11111111;
    1740 : 11111110;
    1741 : 11111010;
    1742 : 11111000;
    1743 : 11111100;
    1744 : 11111111;
    1745 : 11111110;
    1746 : 11111110;
    1747 : 11111111;
    1748 : 11111100;
    1749 : 11111011;
    174A : 11111101;
    174B : 11111110;
    174C : 11111111;
    174D : 11111010;
    174E : 11111111;
    174F : 11111110;
    1750 : 11111111;
    1751 : 11110101;
    1752 : 11111111;
    1753 : 11111100;
    1754 : 11111111;
    1755 : 11111010;
    1756 : 11111011;
    1757 : 11111101;
    1758 : 11111011;
    1759 : 11111011;
    175A : 11111011;
    175B : 11111011;
    175C : 11111011;
    175D : 11111011;
    175E : 11111011;
    175F : 11111011;
    1760 : 11111011;
    1761 : 11111011;
    1762 : 11111011;
    1763 : 11111011;
    1764 : 11111011;
    1765 : 11111011;
    1766 : 11111011;
    1767 : 11111011;
    1768 : 11111101;
    1769 : 11111100;
    176A : 11111110;
    176B : 11111100;
    176C : 11111111;
    176D : 11111101;
    176E : 11111001;
    176F : 11111101;
    1770 : 11111100;
    1771 : 11111100;
    1772 : 11111000;
    1773 : 11111111;
    1774 : 11111100;
    1775 : 11111110;
    1776 : 11111101;
    1777 : 11111110;
    1778 : 11111110;
    1779 : 11111110;
    177A : 11111111;
    177B : 11111111;
    177C : 11111111;
    177D : 11111111;
    177E : 11111111;
    177F : 11111111;
    1780 : 11111111;
    1781 : 11111100;
    1782 : 11111011;
    1783 : 11111111;
    1784 : 11111110;
    1785 : 11111111;
    1786 : 11111110;
    1787 : 11111100;
    1788 : 11111111;
    1789 : 11111110;
    178A : 11111100;
    178B : 11111100;
    178C : 11111100;
    178D : 11111011;
    178E : 11111100;
    178F : 11111101;
    1790 : 11111100;
    1791 : 11110100;
    1792 : 11110110;
    1793 : 11111111;
    1794 : 11111111;
    1795 : 11111110;
    1796 : 11111101;
    1797 : 11111111;
    1798 : 11111111;
    1799 : 11111111;
    179A : 11111111;
    179B : 11111111;
    179C : 11111111;
    179D : 11111111;
    179E : 11111111;
    179F : 11111111;
    17A0 : 11111111;
    17A1 : 11111111;
    17A2 : 11111111;
    17A3 : 11111111;
    17A4 : 11111111;
    17A5 : 11111111;
    17A6 : 11111111;
    17A7 : 11111111;
    17A8 : 11111111;
    17A9 : 11111111;
    17AA : 11111111;
    17AB : 11111111;
    17AC : 11111111;
    17AD : 11111111;
    17AE : 11111111;
    17AF : 11111111;
    17B0 : 11111111;
    17B1 : 11111111;
    17B2 : 11111111;
    17B3 : 11111111;
    17B4 : 11111111;
    17B5 : 11111111;
    17B6 : 11111111;
    17B7 : 11111111;
    17B8 : 11111111;
    17B9 : 11111111;
    17BA : 11111111;
    17BB : 11111111;
    17BC : 11111111;
    17BD : 11111111;
    17BE : 11111111;
    17BF : 11111111;
    17C0 : 11111111;
    17C1 : 11111111;
    17C2 : 11111111;
    17C3 : 11111111;
    17C4 : 11111111;
    17C5 : 11111111;
    17C6 : 11111111;
    17C7 : 11111111;
    17C8 : 11111111;
    17C9 : 11111111;
    17CA : 11111111;
    17CB : 11111111;
    17CC : 11111111;
    17CD : 11111111;
    17CE : 11111111;
    17CF : 11111111;
    17D0 : 11111111;
    17D1 : 11111111;
    17D2 : 11111111;
    17D3 : 11111111;
    17D4 : 11111111;
    17D5 : 11111111;
    17D6 : 11111111;
    17D7 : 11111111;
    17D8 : 11111111;
    17D9 : 11111110;
    17DA : 11111111;
    17DB : 11111110;
    17DC : 11111011;
    17DD : 11111111;
    17DE : 11111100;
    17DF : 11111110;
    17E0 : 11111100;
    17E1 : 11111111;
    17E2 : 11111111;
    17E3 : 11111111;
    17E4 : 11111111;
    17E5 : 11111111;
    17E6 : 11111101;
    17E7 : 11111011;
    17E8 : 11111110;
    17E9 : 11111110;
    17EA : 11111111;
    17EB : 11111111;
    17EC : 11111100;
    17ED : 11111101;
    17EE : 11111001;
    17EF : 11111111;
    17F0 : 11111101;
    17F1 : 11111110;
    17F2 : 11111011;
    17F3 : 11111111;
    17F4 : 11111100;
    17F5 : 11111110;
    17F6 : 11111110;
    17F7 : 11111001;
    17F8 : 11111110;
    17F9 : 11111110;
    17FA : 11111111;
    17FB : 11111111;
    17FC : 11111111;
    17FD : 11111111;
    17FE : 11111110;
    17FF : 11111110;
    1800 : 11111110;
    1801 : 11111110;
    1802 : 11111111;
    1803 : 11111111;
    1804 : 11111111;
    1805 : 11111111;
    1806 : 11111111;
    1807 : 11111111;
    1808 : 11111111;
    1809 : 11111101;
    180A : 11111111;
    180B : 11111110;
    180C : 11111110;
    180D : 11111111;
    180E : 11111011;
    180F : 11111110;
    1810 : 11111101;
    1811 : 11111100;
    1812 : 11111111;
    1813 : 11111111;
    1814 : 11111110;
    1815 : 11111100;
    1816 : 11111010;
    1817 : 11111110;
    1818 : 11111110;
    1819 : 11111111;
    181A : 11111111;
    181B : 11111110;
    181C : 11111110;
    181D : 11111110;
    181E : 11111110;
    181F : 11111110;
    1820 : 11111111;
    1821 : 11111100;
    1822 : 11111101;
    1823 : 11111111;
    1824 : 11111111;
    1825 : 11111011;
    1826 : 11111110;
    1827 : 11111111;
    1828 : 11111100;
    1829 : 11111100;
    182A : 11111011;
    182B : 11111101;
    182C : 11111111;
    182D : 11111111;
    182E : 11111111;
    182F : 11111101;
    1830 : 11111111;
    1831 : 11111111;
    1832 : 11111111;
    1833 : 11111000;
    1834 : 11111111;
    1835 : 11111101;
    1836 : 11111010;
    1837 : 11111111;
    1838 : 11111111;
    1839 : 11111111;
    183A : 11111111;
    183B : 11111111;
    183C : 11111111;
    183D : 11111111;
    183E : 11111111;
    183F : 11111111;
    1840 : 11111111;
    1841 : 11111111;
    1842 : 11111111;
    1843 : 11111111;
    1844 : 11111111;
    1845 : 11111111;
    1846 : 11111111;
    1847 : 11111111;
    1848 : 11111111;
    1849 : 11111111;
    184A : 11111111;
    184B : 11111111;
    184C : 11111111;
    184D : 11111111;
    184E : 11111111;
    184F : 11111111;
    1850 : 11111111;
    1851 : 11111111;
    1852 : 11111111;
    1853 : 11111111;
    1854 : 11111111;
    1855 : 11111111;
    1856 : 11111111;
    1857 : 11111111;
    1858 : 11111111;
    1859 : 11111111;
    185A : 11111111;
    185B : 11111111;
    185C : 11111111;
    185D : 11111111;
    185E : 11111111;
    185F : 11111111;
    1860 : 11111111;
    1861 : 11111111;
    1862 : 11111111;
    1863 : 11111111;
    1864 : 11111111;
    1865 : 11111111;
    1866 : 11111111;
    1867 : 11111111;
    1868 : 11111111;
    1869 : 11111111;
    186A : 11111111;
    186B : 11111111;
    186C : 11111111;
    186D : 11111111;
    186E : 11111111;
    186F : 11111111;
    1870 : 11111111;
    1871 : 11111111;
    1872 : 11111111;
    1873 : 11111111;
    1874 : 11111111;
    1875 : 11111111;
    1876 : 11111111;
    1877 : 11111111;
    1878 : 11111111;
    1879 : 11111111;
    187A : 11111100;
    187B : 11111110;
    187C : 11111111;
    187D : 11111110;
    187E : 11111111;
    187F : 11111111;
    1880 : 11111111;
    1881 : 11111110;
    1882 : 11111100;
    1883 : 11111101;
    1884 : 11111111;
    1885 : 11111111;
    1886 : 11111111;
    1887 : 11111111;
    1888 : 11111111;
    1889 : 11111111;
    188A : 11111110;
    188B : 11111111;
    188C : 11111110;
    188D : 11111111;
    188E : 11111111;
    188F : 11111100;
    1890 : 11111110;
    1891 : 11111110;
    1892 : 11111110;
    1893 : 11111111;
    1894 : 11111110;
    1895 : 11111110;
    1896 : 11111101;
    1897 : 11111110;
    1898 : 11111101;
    1899 : 11111100;
    189A : 11111100;
    189B : 11111100;
    189C : 11111100;
    189D : 11111100;
    189E : 11111100;
    189F : 11111101;
    18A0 : 11111011;
    18A1 : 11111011;
    18A2 : 11111010;
    18A3 : 11111010;
    18A4 : 11111010;
    18A5 : 11111010;
    18A6 : 11111010;
    18A7 : 11111010;
    18A8 : 11111100;
    18A9 : 11111001;
    18AA : 11111100;
    18AB : 11111110;
    18AC : 11111010;
    18AD : 11111100;
    18AE : 11111001;
    18AF : 11111010;
    18B0 : 11111001;
    18B1 : 11111100;
    18B2 : 11110110;
    18B3 : 11110111;
    18B4 : 11111011;
    18B5 : 11111000;
    18B6 : 11111100;
    18B7 : 11111001;
    18B8 : 11111100;
    18B9 : 11111100;
    18BA : 11111011;
    18BB : 11111011;
    18BC : 11111010;
    18BD : 11111010;
    18BE : 11111010;
    18BF : 11111011;
    18C0 : 11111011;
    18C1 : 11111110;
    18C2 : 11111101;
    18C3 : 11111101;
    18C4 : 11111100;
    18C5 : 11111111;
    18C6 : 11111110;
    18C7 : 11111100;
    18C8 : 11111110;
    18C9 : 11111111;
    18CA : 11111111;
    18CB : 11111110;
    18CC : 11111101;
    18CD : 11111111;
    18CE : 11111111;
    18CF : 11111111;
    18D0 : 11111110;
    18D1 : 11111110;
    18D2 : 11111110;
    18D3 : 11111111;
    18D4 : 11111110;
    18D5 : 11111111;
    18D6 : 11111111;
    18D7 : 11111110;
    18D8 : 11111111;
    18D9 : 11111111;
    18DA : 11111111;
    18DB : 11111111;
    18DC : 11111111;
    18DD : 11111111;
    18DE : 11111111;
    18DF : 11111111;
    18E0 : 11111111;
    18E1 : 11111111;
    18E2 : 11111111;
    18E3 : 11111111;
    18E4 : 11111111;
    18E5 : 11111111;
    18E6 : 11111111;
    18E7 : 11111111;
    18E8 : 11111111;
    18E9 : 11111111;
    18EA : 11111111;
    18EB : 11111111;
    18EC : 11111111;
    18ED : 11111111;
    18EE : 11111111;
    18EF : 11111111;
    18F0 : 11111111;
    18F1 : 11111111;
    18F2 : 11111111;
    18F3 : 11111111;
    18F4 : 11111111;
    18F5 : 11111111;
    18F6 : 11111111;
    18F7 : 11111111;
    18F8 : 11111111;
    18F9 : 11111111;
    18FA : 11111111;
    18FB : 11111111;
    18FC : 11111111;
    18FD : 11111111;
    18FE : 11111111;
    18FF : 11111111;
    1900 : 11111111;
    1901 : 11111111;
    1902 : 11111111;
    1903 : 11111111;
    1904 : 11111111;
    1905 : 11111111;
    1906 : 11111111;
    1907 : 11111111;
    1908 : 11111111;
    1909 : 11111111;
    190A : 11111111;
    190B : 11111111;
    190C : 11111111;
    190D : 11111111;
    190E : 11111111;
    190F : 11111111;
    1910 : 11111111;
    1911 : 11111111;
    1912 : 11111111;
    1913 : 11111111;
    1914 : 11111111;
    1915 : 11111111;
    1916 : 11111111;
    1917 : 11111111;
    1918 : 11111111;
    1919 : 11111111;
    191A : 11111111;
    191B : 11111111;
    191C : 11111111;
    191D : 11111111;
    191E : 11111111;
    191F : 11111111;
    1920 : 11111111;
    1921 : 11111111;
    1922 : 11111111;
    1923 : 11111111;
    1924 : 11111111;
    1925 : 11111111;
    1926 : 11111111;
    1927 : 11111111;
    1928 : 11111111;
    1929 : 11111111;
    192A : 11111111;
    192B : 11111111;
    192C : 11111111;
    192D : 11111111;
    192E : 11111111;
    192F : 11111111;
    1930 : 11111110;
    1931 : 11111110;
    1932 : 11111111;
    1933 : 11111111;
    1934 : 11111111;
    1935 : 11111111;
    1936 : 11111110;
    1937 : 11111110;
    1938 : 11111110;
    1939 : 11111101;
    193A : 11111111;
    193B : 11110111;
    193C : 11111101;
    193D : 11111101;
    193E : 11111100;
    193F : 11111100;
    1940 : 11111010;
    1941 : 11111000;
    1942 : 11110110;
    1943 : 11111100;
    1944 : 11111011;
    1945 : 11110001;
    1946 : 11111110;
    1947 : 11111000;
    1948 : 11111000;
    1949 : 11111011;
    194A : 11111110;
    194B : 11111011;
    194C : 11111110;
    194D : 11111001;
    194E : 11111001;
    194F : 11110111;
    1950 : 11110110;
    1951 : 11111011;
    1952 : 11110110;
    1953 : 11111000;
    1954 : 11111011;
    1955 : 11111000;
    1956 : 11111001;
    1957 : 11111001;
    1958 : 11111111;
    1959 : 11110101;
    195A : 11111011;
    195B : 11111101;
    195C : 11111000;
    195D : 11111011;
    195E : 11111010;
    195F : 11111001;
    1960 : 11111000;
    1961 : 11111101;
    1962 : 11111101;
    1963 : 11111011;
    1964 : 11111100;
    1965 : 11111111;
    1966 : 11111100;
    1967 : 11111100;
    1968 : 11111111;
    1969 : 11111111;
    196A : 11111111;
    196B : 11111111;
    196C : 11111111;
    196D : 11111111;
    196E : 11111111;
    196F : 11111111;
    1970 : 11111111;
    1971 : 11111111;
    1972 : 11111111;
    1973 : 11111111;
    1974 : 11111111;
    1975 : 11111111;
    1976 : 11111111;
    1977 : 11111111;
    1978 : 11111111;
    1979 : 11111111;
    197A : 11111111;
    197B : 11111111;
    197C : 11111111;
    197D : 11111111;
    197E : 11111111;
    197F : 11111111;
    1980 : 11111111;
    1981 : 11111111;
    1982 : 11111111;
    1983 : 11111111;
    1984 : 11111111;
    1985 : 11111111;
    1986 : 11111111;
    1987 : 11111111;
    1988 : 11111111;
    1989 : 11111111;
    198A : 11111111;
    198B : 11111111;
    198C : 11111111;
    198D : 11111111;
    198E : 11111111;
    198F : 11111111;
    1990 : 11111111;
    1991 : 11111111;
    1992 : 11111111;
    1993 : 11111111;
    1994 : 11111111;
    1995 : 11111111;
    1996 : 11111111;
    1997 : 11111111;
    1998 : 11111111;
    1999 : 11111111;
    199A : 11111111;
    199B : 11111111;
    199C : 11111111;
    199D : 11111111;
    199E : 11111111;
    199F : 11111111;
    19A0 : 11111111;
    19A1 : 11111111;
    19A2 : 11111111;
    19A3 : 11111111;
    19A4 : 11111111;
    19A5 : 11111111;
    19A6 : 11111111;
    19A7 : 11111111;
    19A8 : 11111111;
    19A9 : 11111111;
    19AA : 11111111;
    19AB : 11111111;
    19AC : 11111111;
    19AD : 11111111;
    19AE : 11111111;
    19AF : 11111111;
    19B0 : 11111111;
    19B1 : 11111111;
    19B2 : 11111111;
    19B3 : 11111111;
    19B4 : 11111111;
    19B5 : 11111111;
    19B6 : 11111111;
    19B7 : 11111111;
    19B8 : 11111111;
    19B9 : 11111111;
    19BA : 11111111;
    19BB : 11111111;
    19BC : 11111111;
    19BD : 11111111;
    19BE : 11111111;
    19BF : 11111111;
    19C0 : 11111111;
    19C1 : 11111111;
    19C2 : 11111111;
    19C3 : 11111111;
    19C4 : 11111111;
    19C5 : 11111111;
    19C6 : 11111111;
    19C7 : 11111111;
    19C8 : 11111111;
    19C9 : 11111111;
    19CA : 11111111;
    19CB : 11111111;
    19CC : 11111111;
    19CD : 11111111;
    19CE : 11111111;
    19CF : 11111111;
    19D0 : 11111110;
    19D1 : 11111110;
    19D2 : 11111111;
    19D3 : 11111111;
    19D4 : 11111111;
    19D5 : 11111111;
    19D6 : 11111110;
    19D7 : 11111110;
    19D8 : 11111110;
    19D9 : 11111000;
    19DA : 11111110;
    19DB : 11111101;
    19DC : 11111100;
    19DD : 11111000;
    19DE : 11111110;
    19DF : 11111110;
    19E0 : 11111011;
    19E1 : 11111101;
    19E2 : 11111001;
    19E3 : 11101100;
    19E4 : 11011110;
    19E5 : 11011110;
    19E6 : 11111011;
    19E7 : 11111001;
    19E8 : 11111110;
    19E9 : 11111011;
    19EA : 11111100;
    19EB : 11111000;
    19EC : 11110111;
    19ED : 11111110;
    19EE : 11111010;
    19EF : 11110110;
    19F0 : 11110000;
    19F1 : 11101000;
    19F2 : 11101111;
    19F3 : 11110101;
    19F4 : 11110110;
    19F5 : 11111010;
    19F6 : 11111110;
    19F7 : 11111111;
    19F8 : 11111011;
    19F9 : 11111110;
    19FA : 11111110;
    19FB : 11110000;
    19FC : 11110111;
    19FD : 11110000;
    19FE : 11110000;
    19FF : 11111010;
    1A00 : 11111000;
    1A01 : 11111010;
    1A02 : 11111110;
    1A03 : 11111111;
    1A04 : 11111110;
    1A05 : 11111101;
    1A06 : 11111011;
    1A07 : 11111111;
    1A08 : 11111111;
    1A09 : 11111111;
    1A0A : 11111111;
    1A0B : 11111111;
    1A0C : 11111111;
    1A0D : 11111111;
    1A0E : 11111111;
    1A0F : 11111111;
    1A10 : 11111111;
    1A11 : 11111111;
    1A12 : 11111111;
    1A13 : 11111111;
    1A14 : 11111111;
    1A15 : 11111111;
    1A16 : 11111111;
    1A17 : 11111111;
    1A18 : 11111111;
    1A19 : 11111111;
    1A1A : 11111111;
    1A1B : 11111111;
    1A1C : 11111111;
    1A1D : 11111111;
    1A1E : 11111111;
    1A1F : 11111111;
    1A20 : 11111111;
    1A21 : 11111111;
    1A22 : 11111111;
    1A23 : 11111111;
    1A24 : 11111111;
    1A25 : 11111111;
    1A26 : 11111111;
    1A27 : 11111111;
    1A28 : 11111111;
    1A29 : 11111111;
    1A2A : 11111111;
    1A2B : 11111111;
    1A2C : 11111111;
    1A2D : 11111111;
    1A2E : 11111111;
    1A2F : 11111111;
    1A30 : 11111111;
    1A31 : 11111111;
    1A32 : 11111111;
    1A33 : 11111111;
    1A34 : 11111111;
    1A35 : 11111111;
    1A36 : 11111111;
    1A37 : 11111111;
    1A38 : 11111111;
    1A39 : 11111111;
    1A3A : 11111111;
    1A3B : 11111111;
    1A3C : 11111111;
    1A3D : 11111111;
    1A3E : 11111111;
    1A3F : 11111111;
    1A40 : 11111111;
    1A41 : 11111111;
    1A42 : 11111111;
    1A43 : 11111111;
    1A44 : 11111111;
    1A45 : 11111111;
    1A46 : 11111111;
    1A47 : 11111111;
    1A48 : 11111111;
    1A49 : 11111111;
    1A4A : 11111111;
    1A4B : 11111111;
    1A4C : 11111111;
    1A4D : 11111111;
    1A4E : 11111111;
    1A4F : 11111111;
    1A50 : 11111111;
    1A51 : 11111111;
    1A52 : 11111111;
    1A53 : 11111111;
    1A54 : 11111111;
    1A55 : 11111111;
    1A56 : 11111111;
    1A57 : 11111111;
    1A58 : 11111111;
    1A59 : 11111111;
    1A5A : 11111111;
    1A5B : 11111111;
    1A5C : 11111111;
    1A5D : 11111111;
    1A5E : 11111111;
    1A5F : 11111111;
    1A60 : 11111111;
    1A61 : 11111111;
    1A62 : 11111111;
    1A63 : 11111111;
    1A64 : 11111111;
    1A65 : 11111111;
    1A66 : 11111111;
    1A67 : 11111111;
    1A68 : 11111111;
    1A69 : 11111111;
    1A6A : 11111111;
    1A6B : 11111111;
    1A6C : 11111111;
    1A6D : 11111111;
    1A6E : 11111111;
    1A6F : 11111111;
    1A70 : 11111111;
    1A71 : 11111111;
    1A72 : 11111111;
    1A73 : 11111111;
    1A74 : 11111111;
    1A75 : 11111111;
    1A76 : 11111111;
    1A77 : 11111111;
    1A78 : 11111111;
    1A79 : 11111101;
    1A7A : 11111100;
    1A7B : 11111100;
    1A7C : 11111111;
    1A7D : 11111011;
    1A7E : 11111101;
    1A7F : 11110110;
    1A80 : 11110110;
    1A81 : 11110010;
    1A82 : 11011110;
    1A83 : 11001011;
    1A84 : 11001100;
    1A85 : 11010110;
    1A86 : 11110011;
    1A87 : 11111010;
    1A88 : 11111000;
    1A89 : 11111001;
    1A8A : 11111101;
    1A8B : 11111110;
    1A8C : 11111010;
    1A8D : 11111100;
    1A8E : 11110100;
    1A8F : 11100000;
    1A90 : 11010011;
    1A91 : 11001110;
    1A92 : 11101011;
    1A93 : 11111100;
    1A94 : 11111000;
    1A95 : 11111110;
    1A96 : 11111011;
    1A97 : 11111001;
    1A98 : 11111001;
    1A99 : 11111010;
    1A9A : 11111010;
    1A9B : 11111001;
    1A9C : 11011101;
    1A9D : 11000011;
    1A9E : 11100011;
    1A9F : 11111010;
    1AA0 : 11111001;
    1AA1 : 11111000;
    1AA2 : 11111100;
    1AA3 : 11111010;
    1AA4 : 11111100;
    1AA5 : 11111110;
    1AA6 : 11111100;
    1AA7 : 11111110;
    1AA8 : 11111111;
    1AA9 : 11111111;
    1AAA : 11111111;
    1AAB : 11111111;
    1AAC : 11111111;
    1AAD : 11111111;
    1AAE : 11111111;
    1AAF : 11111111;
    1AB0 : 11111111;
    1AB1 : 11111111;
    1AB2 : 11111111;
    1AB3 : 11111111;
    1AB4 : 11111111;
    1AB5 : 11111111;
    1AB6 : 11111111;
    1AB7 : 11111111;
    1AB8 : 11111111;
    1AB9 : 11111111;
    1ABA : 11111111;
    1ABB : 11111111;
    1ABC : 11111111;
    1ABD : 11111111;
    1ABE : 11111111;
    1ABF : 11111111;
    1AC0 : 11111111;
    1AC1 : 11111111;
    1AC2 : 11111111;
    1AC3 : 11111111;
    1AC4 : 11111111;
    1AC5 : 11111111;
    1AC6 : 11111111;
    1AC7 : 11111111;
    1AC8 : 11111111;
    1AC9 : 11111111;
    1ACA : 11111111;
    1ACB : 11111111;
    1ACC : 11111111;
    1ACD : 11111111;
    1ACE : 11111111;
    1ACF : 11111111;
    1AD0 : 11111111;
    1AD1 : 11111111;
    1AD2 : 11111111;
    1AD3 : 11111111;
    1AD4 : 11111111;
    1AD5 : 11111111;
    1AD6 : 11111111;
    1AD7 : 11111111;
    1AD8 : 11111111;
    1AD9 : 11111111;
    1ADA : 11111111;
    1ADB : 11111111;
    1ADC : 11111111;
    1ADD : 11111111;
    1ADE : 11111111;
    1ADF : 11111111;
    1AE0 : 11111111;
    1AE1 : 11111111;
    1AE2 : 11111111;
    1AE3 : 11111111;
    1AE4 : 11111111;
    1AE5 : 11111111;
    1AE6 : 11111111;
    1AE7 : 11111111;
    1AE8 : 11111111;
    1AE9 : 11111111;
    1AEA : 11111111;
    1AEB : 11111111;
    1AEC : 11111111;
    1AED : 11111111;
    1AEE : 11111111;
    1AEF : 11111111;
    1AF0 : 11111111;
    1AF1 : 11111111;
    1AF2 : 11111111;
    1AF3 : 11111111;
    1AF4 : 11111111;
    1AF5 : 11111111;
    1AF6 : 11111111;
    1AF7 : 11111111;
    1AF8 : 11111111;
    1AF9 : 11111111;
    1AFA : 11111111;
    1AFB : 11111111;
    1AFC : 11111111;
    1AFD : 11111111;
    1AFE : 11111111;
    1AFF : 11111111;
    1B00 : 11111111;
    1B01 : 11111111;
    1B02 : 11111111;
    1B03 : 11111111;
    1B04 : 11111111;
    1B05 : 11111111;
    1B06 : 11111111;
    1B07 : 11111111;
    1B08 : 11111111;
    1B09 : 11111111;
    1B0A : 11111111;
    1B0B : 11111111;
    1B0C : 11111111;
    1B0D : 11111111;
    1B0E : 11111111;
    1B0F : 11111111;
    1B10 : 11111111;
    1B11 : 11111111;
    1B12 : 11111111;
    1B13 : 11111111;
    1B14 : 11111111;
    1B15 : 11111111;
    1B16 : 11111111;
    1B17 : 11111111;
    1B18 : 11111100;
    1B19 : 11111111;
    1B1A : 11111010;
    1B1B : 11110111;
    1B1C : 11111110;
    1B1D : 11111011;
    1B1E : 11111001;
    1B1F : 11111000;
    1B20 : 11111001;
    1B21 : 11110010;
    1B22 : 11010010;
    1B23 : 11000010;
    1B24 : 11011000;
    1B25 : 11100001;
    1B26 : 11101111;
    1B27 : 11111010;
    1B28 : 11111001;
    1B29 : 11111010;
    1B2A : 11110110;
    1B2B : 11111010;
    1B2C : 11111010;
    1B2D : 11110100;
    1B2E : 11101110;
    1B2F : 11001000;
    1B30 : 11000010;
    1B31 : 11001011;
    1B32 : 11100001;
    1B33 : 11111011;
    1B34 : 11110110;
    1B35 : 11111110;
    1B36 : 11111100;
    1B37 : 11111011;
    1B38 : 11111011;
    1B39 : 11111001;
    1B3A : 11101110;
    1B3B : 11100010;
    1B3C : 11000000;
    1B3D : 10111010;
    1B3E : 11000101;
    1B3F : 11101100;
    1B40 : 11100110;
    1B41 : 11110000;
    1B42 : 11111110;
    1B43 : 11110111;
    1B44 : 11110111;
    1B45 : 11111111;
    1B46 : 11111110;
    1B47 : 11111100;
    1B48 : 11111111;
    1B49 : 11111111;
    1B4A : 11111111;
    1B4B : 11111111;
    1B4C : 11111111;
    1B4D : 11111111;
    1B4E : 11111111;
    1B4F : 11111111;
    1B50 : 11111111;
    1B51 : 11111111;
    1B52 : 11111111;
    1B53 : 11111111;
    1B54 : 11111111;
    1B55 : 11111111;
    1B56 : 11111111;
    1B57 : 11111111;
    1B58 : 11111111;
    1B59 : 11111111;
    1B5A : 11111111;
    1B5B : 11111111;
    1B5C : 11111111;
    1B5D : 11111111;
    1B5E : 11111111;
    1B5F : 11111111;
    1B60 : 11111111;
    1B61 : 11111111;
    1B62 : 11111111;
    1B63 : 11111111;
    1B64 : 11111111;
    1B65 : 11111111;
    1B66 : 11111111;
    1B67 : 11111111;
    1B68 : 11111111;
    1B69 : 11111111;
    1B6A : 11111111;
    1B6B : 11111111;
    1B6C : 11111111;
    1B6D : 11111111;
    1B6E : 11111111;
    1B6F : 11111111;
    1B70 : 11111111;
    1B71 : 11111111;
    1B72 : 11111111;
    1B73 : 11111111;
    1B74 : 11111111;
    1B75 : 11111111;
    1B76 : 11111111;
    1B77 : 11111111;
    1B78 : 11111111;
    1B79 : 11111111;
    1B7A : 11111111;
    1B7B : 11111111;
    1B7C : 11111111;
    1B7D : 11111111;
    1B7E : 11111111;
    1B7F : 11111111;
    1B80 : 11111111;
    1B81 : 11111111;
    1B82 : 11111111;
    1B83 : 11111111;
    1B84 : 11111111;
    1B85 : 11111111;
    1B86 : 11111111;
    1B87 : 11111111;
    1B88 : 11111111;
    1B89 : 11111111;
    1B8A : 11111111;
    1B8B : 11111111;
    1B8C : 11111111;
    1B8D : 11111111;
    1B8E : 11111111;
    1B8F : 11111111;
    1B90 : 11111111;
    1B91 : 11111111;
    1B92 : 11111111;
    1B93 : 11111111;
    1B94 : 11111111;
    1B95 : 11111111;
    1B96 : 11111111;
    1B97 : 11111111;
    1B98 : 11111111;
    1B99 : 11111111;
    1B9A : 11111111;
    1B9B : 11111111;
    1B9C : 11111111;
    1B9D : 11111111;
    1B9E : 11111111;
    1B9F : 11111111;
    1BA0 : 11111111;
    1BA1 : 11111111;
    1BA2 : 11111111;
    1BA3 : 11111111;
    1BA4 : 11111111;
    1BA5 : 11111111;
    1BA6 : 11111111;
    1BA7 : 11111111;
    1BA8 : 11111111;
    1BA9 : 11111111;
    1BAA : 11111111;
    1BAB : 11111111;
    1BAC : 11111111;
    1BAD : 11111111;
    1BAE : 11111111;
    1BAF : 11111111;
    1BB0 : 11111110;
    1BB1 : 11111110;
    1BB2 : 11111110;
    1BB3 : 11111111;
    1BB4 : 11111111;
    1BB5 : 11111111;
    1BB6 : 11111111;
    1BB7 : 11111111;
    1BB8 : 11111110;
    1BB9 : 11111101;
    1BBA : 11111000;
    1BBB : 11111001;
    1BBC : 11111000;
    1BBD : 11110111;
    1BBE : 11111000;
    1BBF : 11111001;
    1BC0 : 11100101;
    1BC1 : 11100110;
    1BC2 : 11010001;
    1BC3 : 10111011;
    1BC4 : 11001100;
    1BC5 : 11011111;
    1BC6 : 11110001;
    1BC7 : 11110111;
    1BC8 : 11111011;
    1BC9 : 11111001;
    1BCA : 11110010;
    1BCB : 11110100;
    1BCC : 11110011;
    1BCD : 11110001;
    1BCE : 11010110;
    1BCF : 10101110;
    1BD0 : 11000000;
    1BD1 : 11001100;
    1BD2 : 11001000;
    1BD3 : 11101100;
    1BD4 : 11110100;
    1BD5 : 11111001;
    1BD6 : 11110110;
    1BD7 : 11111010;
    1BD8 : 11110100;
    1BD9 : 11101001;
    1BDA : 11101110;
    1BDB : 11000111;
    1BDC : 10011101;
    1BDD : 10111000;
    1BDE : 10111001;
    1BDF : 11011110;
    1BE0 : 11001010;
    1BE1 : 11011110;
    1BE2 : 11111110;
    1BE3 : 11111011;
    1BE4 : 11111001;
    1BE5 : 11111110;
    1BE6 : 11111111;
    1BE7 : 11111110;
    1BE8 : 11111111;
    1BE9 : 11111111;
    1BEA : 11111111;
    1BEB : 11111111;
    1BEC : 11111111;
    1BED : 11111111;
    1BEE : 11111111;
    1BEF : 11111111;
    1BF0 : 11111111;
    1BF1 : 11111111;
    1BF2 : 11111111;
    1BF3 : 11111111;
    1BF4 : 11111111;
    1BF5 : 11111111;
    1BF6 : 11111111;
    1BF7 : 11111111;
    1BF8 : 11111111;
    1BF9 : 11111111;
    1BFA : 11111111;
    1BFB : 11111111;
    1BFC : 11111111;
    1BFD : 11111111;
    1BFE : 11111111;
    1BFF : 11111111;
    1C00 : 11111111;
    1C01 : 11111111;
    1C02 : 11111111;
    1C03 : 11111111;
    1C04 : 11111111;
    1C05 : 11111111;
    1C06 : 11111111;
    1C07 : 11111111;
    1C08 : 11111111;
    1C09 : 11111111;
    1C0A : 11111111;
    1C0B : 11111111;
    1C0C : 11111111;
    1C0D : 11111111;
    1C0E : 11111111;
    1C0F : 11111111;
    1C10 : 11111111;
    1C11 : 11111111;
    1C12 : 11111111;
    1C13 : 11111111;
    1C14 : 11111111;
    1C15 : 11111111;
    1C16 : 11111111;
    1C17 : 11111111;
    1C18 : 11111111;
    1C19 : 11111111;
    1C1A : 11111111;
    1C1B : 11111111;
    1C1C : 11111111;
    1C1D : 11111111;
    1C1E : 11111111;
    1C1F : 11111111;
    1C20 : 11111111;
    1C21 : 11111111;
    1C22 : 11111111;
    1C23 : 11111111;
    1C24 : 11111111;
    1C25 : 11111111;
    1C26 : 11111111;
    1C27 : 11111111;
    1C28 : 11111111;
    1C29 : 11111111;
    1C2A : 11111111;
    1C2B : 11111111;
    1C2C : 11111111;
    1C2D : 11111111;
    1C2E : 11111111;
    1C2F : 11111111;
    1C30 : 11111111;
    1C31 : 11111111;
    1C32 : 11111111;
    1C33 : 11111111;
    1C34 : 11111111;
    1C35 : 11111111;
    1C36 : 11111111;
    1C37 : 11111111;
    1C38 : 11111111;
    1C39 : 11111111;
    1C3A : 11111111;
    1C3B : 11111111;
    1C3C : 11111111;
    1C3D : 11111111;
    1C3E : 11111111;
    1C3F : 11111111;
    1C40 : 11111111;
    1C41 : 11111111;
    1C42 : 11111111;
    1C43 : 11111111;
    1C44 : 11111111;
    1C45 : 11111111;
    1C46 : 11111111;
    1C47 : 11111111;
    1C48 : 11111111;
    1C49 : 11111111;
    1C4A : 11111111;
    1C4B : 11111111;
    1C4C : 11111111;
    1C4D : 11111111;
    1C4E : 11111111;
    1C4F : 11111110;
    1C50 : 11111110;
    1C51 : 11111110;
    1C52 : 11111110;
    1C53 : 11111111;
    1C54 : 11111111;
    1C55 : 11111111;
    1C56 : 11111111;
    1C57 : 11111111;
    1C58 : 11111111;
    1C59 : 11111001;
    1C5A : 11111100;
    1C5B : 11111011;
    1C5C : 11110011;
    1C5D : 11111100;
    1C5E : 11110000;
    1C5F : 11011001;
    1C60 : 11001110;
    1C61 : 11001110;
    1C62 : 11000001;
    1C63 : 10100100;
    1C64 : 10101010;
    1C65 : 11010000;
    1C66 : 11110011;
    1C67 : 11110100;
    1C68 : 11111000;
    1C69 : 11111000;
    1C6A : 11110100;
    1C6B : 11101000;
    1C6C : 11011001;
    1C6D : 11011111;
    1C6E : 10110000;
    1C6F : 10100001;
    1C70 : 11001001;
    1C71 : 11001100;
    1C72 : 10110011;
    1C73 : 11010011;
    1C74 : 11110011;
    1C75 : 11110111;
    1C76 : 11110100;
    1C77 : 11110101;
    1C78 : 11100100;
    1C79 : 11010100;
    1C7A : 10111100;
    1C7B : 10101001;
    1C7C : 10111000;
    1C7D : 10101111;
    1C7E : 10101110;
    1C7F : 11011011;
    1C80 : 11000110;
    1C81 : 11001111;
    1C82 : 11110110;
    1C83 : 11111001;
    1C84 : 11111100;
    1C85 : 11111101;
    1C86 : 11111110;
    1C87 : 11111111;
    1C88 : 11111111;
    1C89 : 11111111;
    1C8A : 11111111;
    1C8B : 11111111;
    1C8C : 11111111;
    1C8D : 11111111;
    1C8E : 11111111;
    1C8F : 11111111;
    1C90 : 11111111;
    1C91 : 11111111;
    1C92 : 11111111;
    1C93 : 11111111;
    1C94 : 11111111;
    1C95 : 11111111;
    1C96 : 11111111;
    1C97 : 11111111;
    1C98 : 11111111;
    1C99 : 11111111;
    1C9A : 11111111;
    1C9B : 11111111;
    1C9C : 11111111;
    1C9D : 11111111;
    1C9E : 11111111;
    1C9F : 11111111;
    1CA0 : 11111111;
    1CA1 : 11111111;
    1CA2 : 11111111;
    1CA3 : 11111111;
    1CA4 : 11111111;
    1CA5 : 11111111;
    1CA6 : 11111111;
    1CA7 : 11111111;
    1CA8 : 11111111;
    1CA9 : 11111111;
    1CAA : 11111111;
    1CAB : 11111111;
    1CAC : 11111111;
    1CAD : 11111111;
    1CAE : 11111111;
    1CAF : 11111111;
    1CB0 : 11111111;
    1CB1 : 11111111;
    1CB2 : 11111111;
    1CB3 : 11111111;
    1CB4 : 11111111;
    1CB5 : 11111111;
    1CB6 : 11111111;
    1CB7 : 11111111;
    1CB8 : 11111111;
    1CB9 : 11111111;
    1CBA : 11111111;
    1CBB : 11111111;
    1CBC : 11111111;
    1CBD : 11111111;
    1CBE : 11111111;
    1CBF : 11111111;
    1CC0 : 11111111;
    1CC1 : 11111111;
    1CC2 : 11111111;
    1CC3 : 11111111;
    1CC4 : 11111111;
    1CC5 : 11111111;
    1CC6 : 11111111;
    1CC7 : 11111111;
    1CC8 : 11111111;
    1CC9 : 11111111;
    1CCA : 11111111;
    1CCB : 11111111;
    1CCC : 11111111;
    1CCD : 11111111;
    1CCE : 11111111;
    1CCF : 11111111;
    1CD0 : 11111111;
    1CD1 : 11111111;
    1CD2 : 11111111;
    1CD3 : 11111111;
    1CD4 : 11111111;
    1CD5 : 11111111;
    1CD6 : 11111111;
    1CD7 : 11111111;
    1CD8 : 11111111;
    1CD9 : 11111111;
    1CDA : 11111111;
    1CDB : 11111111;
    1CDC : 11111111;
    1CDD : 11111111;
    1CDE : 11111111;
    1CDF : 11111111;
    1CE0 : 11111111;
    1CE1 : 11111111;
    1CE2 : 11111111;
    1CE3 : 11111111;
    1CE4 : 11111111;
    1CE5 : 11111111;
    1CE6 : 11111111;
    1CE7 : 11111111;
    1CE8 : 11111111;
    1CE9 : 11111111;
    1CEA : 11111111;
    1CEB : 11111111;
    1CEC : 11111111;
    1CED : 11111111;
    1CEE : 11111111;
    1CEF : 11111110;
    1CF0 : 11111110;
    1CF1 : 11111110;
    1CF2 : 11111110;
    1CF3 : 11111110;
    1CF4 : 11111110;
    1CF5 : 11111110;
    1CF6 : 11111110;
    1CF7 : 11111110;
    1CF8 : 11111111;
    1CF9 : 11111010;
    1CFA : 11111110;
    1CFB : 11111011;
    1CFC : 11110111;
    1CFD : 11110100;
    1CFE : 11001101;
    1CFF : 10111010;
    1D00 : 11001100;
    1D01 : 10111101;
    1D02 : 10101001;
    1D03 : 10011010;
    1D04 : 10101101;
    1D05 : 11000100;
    1D06 : 11100001;
    1D07 : 11110100;
    1D08 : 11110111;
    1D09 : 11111001;
    1D0A : 11100100;
    1D0B : 11000011;
    1D0C : 10111011;
    1D0D : 10111101;
    1D0E : 10100111;
    1D0F : 10101101;
    1D10 : 11010011;
    1D11 : 11001111;
    1D12 : 10110010;
    1D13 : 10110100;
    1D14 : 11100111;
    1D15 : 11110111;
    1D16 : 11111010;
    1D17 : 11101101;
    1D18 : 11001010;
    1D19 : 10110101;
    1D1A : 10100101;
    1D1B : 10110101;
    1D1C : 10110100;
    1D1D : 10010100;
    1D1E : 10110100;
    1D1F : 11010100;
    1D20 : 11000001;
    1D21 : 11000111;
    1D22 : 11110000;
    1D23 : 11110101;
    1D24 : 11111100;
    1D25 : 11111101;
    1D26 : 11111110;
    1D27 : 11111110;
    1D28 : 11111111;
    1D29 : 11111111;
    1D2A : 11111111;
    1D2B : 11111111;
    1D2C : 11111111;
    1D2D : 11111111;
    1D2E : 11111111;
    1D2F : 11111111;
    1D30 : 11111111;
    1D31 : 11111111;
    1D32 : 11111111;
    1D33 : 11111111;
    1D34 : 11111111;
    1D35 : 11111111;
    1D36 : 11111111;
    1D37 : 11111111;
    1D38 : 11111111;
    1D39 : 11111111;
    1D3A : 11111111;
    1D3B : 11111111;
    1D3C : 11111111;
    1D3D : 11111111;
    1D3E : 11111111;
    1D3F : 11111111;
    1D40 : 11111111;
    1D41 : 11111111;
    1D42 : 11111111;
    1D43 : 11111111;
    1D44 : 11111111;
    1D45 : 11111111;
    1D46 : 11111111;
    1D47 : 11111111;
    1D48 : 11111111;
    1D49 : 11111111;
    1D4A : 11111111;
    1D4B : 11111111;
    1D4C : 11111111;
    1D4D : 11111111;
    1D4E : 11111111;
    1D4F : 11111111;
    1D50 : 11111111;
    1D51 : 11111111;
    1D52 : 11111111;
    1D53 : 11111111;
    1D54 : 11111111;
    1D55 : 11111111;
    1D56 : 11111111;
    1D57 : 11111111;
    1D58 : 11111111;
    1D59 : 11111111;
    1D5A : 11111111;
    1D5B : 11111111;
    1D5C : 11111111;
    1D5D : 11111111;
    1D5E : 11111111;
    1D5F : 11111111;
    1D60 : 11111111;
    1D61 : 11111111;
    1D62 : 11111111;
    1D63 : 11111111;
    1D64 : 11111111;
    1D65 : 11111111;
    1D66 : 11111111;
    1D67 : 11111111;
    1D68 : 11111111;
    1D69 : 11111111;
    1D6A : 11111111;
    1D6B : 11111111;
    1D6C : 11111111;
    1D6D : 11111111;
    1D6E : 11111111;
    1D6F : 11111111;
    1D70 : 11111111;
    1D71 : 11111111;
    1D72 : 11111111;
    1D73 : 11111111;
    1D74 : 11111111;
    1D75 : 11111111;
    1D76 : 11111111;
    1D77 : 11111111;
    1D78 : 11111111;
    1D79 : 11111111;
    1D7A : 11111111;
    1D7B : 11111111;
    1D7C : 11111111;
    1D7D : 11111111;
    1D7E : 11111111;
    1D7F : 11111111;
    1D80 : 11111111;
    1D81 : 11111111;
    1D82 : 11111111;
    1D83 : 11111111;
    1D84 : 11111111;
    1D85 : 11111111;
    1D86 : 11111111;
    1D87 : 11111111;
    1D88 : 11111111;
    1D89 : 11111111;
    1D8A : 11111111;
    1D8B : 11111111;
    1D8C : 11111111;
    1D8D : 11111111;
    1D8E : 11111111;
    1D8F : 11111111;
    1D90 : 11111110;
    1D91 : 11111110;
    1D92 : 11111110;
    1D93 : 11111110;
    1D94 : 11111110;
    1D95 : 11111110;
    1D96 : 11111110;
    1D97 : 11111110;
    1D98 : 11111111;
    1D99 : 11111010;
    1D9A : 11111000;
    1D9B : 11111011;
    1D9C : 11111011;
    1D9D : 11011010;
    1D9E : 10100101;
    1D9F : 11000001;
    1DA0 : 10110100;
    1DA1 : 10011110;
    1DA2 : 10001000;
    1DA3 : 10010111;
    1DA4 : 11000010;
    1DA5 : 10111000;
    1DA6 : 10111101;
    1DA7 : 11110010;
    1DA8 : 11110010;
    1DA9 : 11110100;
    1DAA : 11001100;
    1DAB : 10100111;
    1DAC : 10111101;
    1DAD : 10101101;
    1DAE : 10110110;
    1DAF : 10110010;
    1DB0 : 11000001;
    1DB1 : 11000101;
    1DB2 : 10111010;
    1DB3 : 10100000;
    1DB4 : 11011010;
    1DB5 : 11110011;
    1DB6 : 11110101;
    1DB7 : 11001111;
    1DB8 : 10110111;
    1DB9 : 10101101;
    1DBA : 10111000;
    1DBB : 10110001;
    1DBC : 10011010;
    1DBD : 10100001;
    1DBE : 10110101;
    1DBF : 10111011;
    1DC0 : 10101011;
    1DC1 : 11000000;
    1DC2 : 11110111;
    1DC3 : 11111010;
    1DC4 : 11111011;
    1DC5 : 11111101;
    1DC6 : 11111111;
    1DC7 : 11111111;
    1DC8 : 11111111;
    1DC9 : 11111111;
    1DCA : 11111110;
    1DCB : 11111110;
    1DCC : 11111111;
    1DCD : 11111111;
    1DCE : 11111111;
    1DCF : 11111111;
    1DD0 : 11111111;
    1DD1 : 11111111;
    1DD2 : 11111111;
    1DD3 : 11111111;
    1DD4 : 11111111;
    1DD5 : 11111111;
    1DD6 : 11111111;
    1DD7 : 11111111;
    1DD8 : 11111111;
    1DD9 : 11111111;
    1DDA : 11111111;
    1DDB : 11111111;
    1DDC : 11111111;
    1DDD : 11111111;
    1DDE : 11111111;
    1DDF : 11111111;
    1DE0 : 11111111;
    1DE1 : 11111111;
    1DE2 : 11111111;
    1DE3 : 11111111;
    1DE4 : 11111111;
    1DE5 : 11111111;
    1DE6 : 11111111;
    1DE7 : 11111111;
    1DE8 : 11111111;
    1DE9 : 11111111;
    1DEA : 11111111;
    1DEB : 11111111;
    1DEC : 11111111;
    1DED : 11111111;
    1DEE : 11111111;
    1DEF : 11111111;
    1DF0 : 11111111;
    1DF1 : 11111111;
    1DF2 : 11111111;
    1DF3 : 11111111;
    1DF4 : 11111111;
    1DF5 : 11111111;
    1DF6 : 11111111;
    1DF7 : 11111111;
    1DF8 : 11111111;
    1DF9 : 11111111;
    1DFA : 11111111;
    1DFB : 11111111;
    1DFC : 11111111;
    1DFD : 11111111;
    1DFE : 11111111;
    1DFF : 11111111;
    1E00 : 11111111;
    1E01 : 11111111;
    1E02 : 11111111;
    1E03 : 11111111;
    1E04 : 11111111;
    1E05 : 11111111;
    1E06 : 11111111;
    1E07 : 11111111;
    1E08 : 11111111;
    1E09 : 11111111;
    1E0A : 11111111;
    1E0B : 11111111;
    1E0C : 11111111;
    1E0D : 11111111;
    1E0E : 11111111;
    1E0F : 11111111;
    1E10 : 11111111;
    1E11 : 11111111;
    1E12 : 11111111;
    1E13 : 11111111;
    1E14 : 11111111;
    1E15 : 11111111;
    1E16 : 11111111;
    1E17 : 11111111;
    1E18 : 11111111;
    1E19 : 11111111;
    1E1A : 11111111;
    1E1B : 11111111;
    1E1C : 11111111;
    1E1D : 11111111;
    1E1E : 11111111;
    1E1F : 11111111;
    1E20 : 11111111;
    1E21 : 11111111;
    1E22 : 11111111;
    1E23 : 11111111;
    1E24 : 11111111;
    1E25 : 11111111;
    1E26 : 11111111;
    1E27 : 11111111;
    1E28 : 11111111;
    1E29 : 11111111;
    1E2A : 11111111;
    1E2B : 11111111;
    1E2C : 11111111;
    1E2D : 11111111;
    1E2E : 11111111;
    1E2F : 11111111;
    1E30 : 11111111;
    1E31 : 11111111;
    1E32 : 11111110;
    1E33 : 11111111;
    1E34 : 11111111;
    1E35 : 11111111;
    1E36 : 11111111;
    1E37 : 11111110;
    1E38 : 11111110;
    1E39 : 11111110;
    1E3A : 11111001;
    1E3B : 11111010;
    1E3C : 11100101;
    1E3D : 10101111;
    1E3E : 10101010;
    1E3F : 10101001;
    1E40 : 10010100;
    1E41 : 10001010;
    1E42 : 10011001;
    1E43 : 10100100;
    1E44 : 11000010;
    1E45 : 10111001;
    1E46 : 10110110;
    1E47 : 11110001;
    1E48 : 11111000;
    1E49 : 11101111;
    1E4A : 10110101;
    1E4B : 10011101;
    1E4C : 10101100;
    1E4D : 10101110;
    1E4E : 10110000;
    1E4F : 10100110;
    1E50 : 10111111;
    1E51 : 10111110;
    1E52 : 10100001;
    1E53 : 10011011;
    1E54 : 11011010;
    1E55 : 11110110;
    1E56 : 11110011;
    1E57 : 11010000;
    1E58 : 10100110;
    1E59 : 10100111;
    1E5A : 10101111;
    1E5B : 10101001;
    1E5C : 10100001;
    1E5D : 10101110;
    1E5E : 10110010;
    1E5F : 10100111;
    1E60 : 10101000;
    1E61 : 11100001;
    1E62 : 11110100;
    1E63 : 11110111;
    1E64 : 11111001;
    1E65 : 11111100;
    1E66 : 11110111;
    1E67 : 11111110;
    1E68 : 11111110;
    1E69 : 11111110;
    1E6A : 11111110;
    1E6B : 11111110;
    1E6C : 11111110;
    1E6D : 11111111;
    1E6E : 11111110;
    1E6F : 11111110;
    1E70 : 11111111;
    1E71 : 11111111;
    1E72 : 11111111;
    1E73 : 11111111;
    1E74 : 11111111;
    1E75 : 11111111;
    1E76 : 11111111;
    1E77 : 11111111;
    1E78 : 11111111;
    1E79 : 11111111;
    1E7A : 11111111;
    1E7B : 11111111;
    1E7C : 11111111;
    1E7D : 11111111;
    1E7E : 11111111;
    1E7F : 11111111;
    1E80 : 11111111;
    1E81 : 11111111;
    1E82 : 11111111;
    1E83 : 11111111;
    1E84 : 11111111;
    1E85 : 11111111;
    1E86 : 11111111;
    1E87 : 11111111;
    1E88 : 11111111;
    1E89 : 11111111;
    1E8A : 11111111;
    1E8B : 11111111;
    1E8C : 11111111;
    1E8D : 11111111;
    1E8E : 11111111;
    1E8F : 11111111;
    1E90 : 11111111;
    1E91 : 11111111;
    1E92 : 11111111;
    1E93 : 11111111;
    1E94 : 11111111;
    1E95 : 11111111;
    1E96 : 11111111;
    1E97 : 11111111;
    1E98 : 11111111;
    1E99 : 11111111;
    1E9A : 11111111;
    1E9B : 11111111;
    1E9C : 11111111;
    1E9D : 11111111;
    1E9E : 11111111;
    1E9F : 11111111;
    1EA0 : 11111111;
    1EA1 : 11111111;
    1EA2 : 11111111;
    1EA3 : 11111111;
    1EA4 : 11111111;
    1EA5 : 11111111;
    1EA6 : 11111111;
    1EA7 : 11111111;
    1EA8 : 11111111;
    1EA9 : 11111111;
    1EAA : 11111111;
    1EAB : 11111111;
    1EAC : 11111111;
    1EAD : 11111111;
    1EAE : 11111111;
    1EAF : 11111111;
    1EB0 : 11111111;
    1EB1 : 11111111;
    1EB2 : 11111111;
    1EB3 : 11111111;
    1EB4 : 11111111;
    1EB5 : 11111111;
    1EB6 : 11111111;
    1EB7 : 11111111;
    1EB8 : 11111111;
    1EB9 : 11111111;
    1EBA : 11111111;
    1EBB : 11111111;
    1EBC : 11111111;
    1EBD : 11111111;
    1EBE : 11111111;
    1EBF : 11111111;
    1EC0 : 11111111;
    1EC1 : 11111111;
    1EC2 : 11111111;
    1EC3 : 11111111;
    1EC4 : 11111111;
    1EC5 : 11111111;
    1EC6 : 11111111;
    1EC7 : 11111111;
    1EC8 : 11111111;
    1EC9 : 11111111;
    1ECA : 11111111;
    1ECB : 11111111;
    1ECC : 11111111;
    1ECD : 11111111;
    1ECE : 11111111;
    1ECF : 11111111;
    1ED0 : 11111111;
    1ED1 : 11111111;
    1ED2 : 11111110;
    1ED3 : 11111111;
    1ED4 : 11111111;
    1ED5 : 11111111;
    1ED6 : 11111110;
    1ED7 : 11111110;
    1ED8 : 11111000;
    1ED9 : 11111000;
    1EDA : 11111101;
    1EDB : 11111000;
    1EDC : 11100101;
    1EDD : 10100100;
    1EDE : 01111100;
    1EDF : 10001100;
    1EE0 : 10001111;
    1EE1 : 10001000;
    1EE2 : 10010001;
    1EE3 : 10010111;
    1EE4 : 10101001;
    1EE5 : 10101010;
    1EE6 : 11010000;
    1EE7 : 11110100;
    1EE8 : 11110011;
    1EE9 : 11110010;
    1EEA : 10110101;
    1EEB : 01111010;
    1EEC : 10100111;
    1EED : 10101011;
    1EEE : 10011100;
    1EEF : 10100111;
    1EF0 : 10110011;
    1EF1 : 10101100;
    1EF2 : 10001110;
    1EF3 : 10100000;
    1EF4 : 11100111;
    1EF5 : 11110101;
    1EF6 : 11110100;
    1EF7 : 11100000;
    1EF8 : 10011101;
    1EF9 : 10011100;
    1EFA : 10100100;
    1EFB : 10100011;
    1EFC : 10101010;
    1EFD : 10011110;
    1EFE : 10111001;
    1EFF : 10101100;
    1F00 : 11000111;
    1F01 : 11101011;
    1F02 : 11110100;
    1F03 : 11111001;
    1F04 : 11111110;
    1F05 : 11111110;
    1F06 : 11111100;
    1F07 : 11111110;
    1F08 : 11111110;
    1F09 : 11111110;
    1F0A : 11111101;
    1F0B : 11111110;
    1F0C : 11111110;
    1F0D : 11111111;
    1F0E : 11111110;
    1F0F : 11111110;
    1F10 : 11111111;
    1F11 : 11111111;
    1F12 : 11111111;
    1F13 : 11111111;
    1F14 : 11111111;
    1F15 : 11111111;
    1F16 : 11111111;
    1F17 : 11111111;
    1F18 : 11111111;
    1F19 : 11111111;
    1F1A : 11111111;
    1F1B : 11111111;
    1F1C : 11111111;
    1F1D : 11111111;
    1F1E : 11111111;
    1F1F : 11111111;
    1F20 : 11111111;
    1F21 : 11111111;
    1F22 : 11111111;
    1F23 : 11111111;
    1F24 : 11111111;
    1F25 : 11111111;
    1F26 : 11111111;
    1F27 : 11111111;
    1F28 : 11111111;
    1F29 : 11111111;
    1F2A : 11111111;
    1F2B : 11111111;
    1F2C : 11111111;
    1F2D : 11111111;
    1F2E : 11111111;
    1F2F : 11111111;
    1F30 : 11111111;
    1F31 : 11111111;
    1F32 : 11111111;
    1F33 : 11111111;
    1F34 : 11111111;
    1F35 : 11111111;
    1F36 : 11111111;
    1F37 : 11111111;
    1F38 : 11111111;
    1F39 : 11111111;
    1F3A : 11111111;
    1F3B : 11111111;
    1F3C : 11111111;
    1F3D : 11111111;
    1F3E : 11111111;
    1F3F : 11111111;
    1F40 : 11111111;
    1F41 : 11111111;
    1F42 : 11111111;
    1F43 : 11111111;
    1F44 : 11111111;
    1F45 : 11111111;
    1F46 : 11111111;
    1F47 : 11111111;
    1F48 : 11111111;
    1F49 : 11111111;
    1F4A : 11111111;
    1F4B : 11111111;
    1F4C : 11111111;
    1F4D : 11111111;
    1F4E : 11111111;
    1F4F : 11111111;
    1F50 : 11111111;
    1F51 : 11111111;
    1F52 : 11111111;
    1F53 : 11111111;
    1F54 : 11111111;
    1F55 : 11111111;
    1F56 : 11111111;
    1F57 : 11111111;
    1F58 : 11111111;
    1F59 : 11111111;
    1F5A : 11111111;
    1F5B : 11111111;
    1F5C : 11111111;
    1F5D : 11111111;
    1F5E : 11111111;
    1F5F : 11111111;
    1F60 : 11111111;
    1F61 : 11111111;
    1F62 : 11111111;
    1F63 : 11111111;
    1F64 : 11111111;
    1F65 : 11111111;
    1F66 : 11111111;
    1F67 : 11111111;
    1F68 : 11111111;
    1F69 : 11111111;
    1F6A : 11111111;
    1F6B : 11111111;
    1F6C : 11111111;
    1F6D : 11111111;
    1F6E : 11111111;
    1F6F : 11111111;
    1F70 : 11111111;
    1F71 : 11111111;
    1F72 : 11111110;
    1F73 : 11111111;
    1F74 : 11111111;
    1F75 : 11111111;
    1F76 : 11111110;
    1F77 : 11111110;
    1F78 : 11111110;
    1F79 : 11111101;
    1F7A : 11111001;
    1F7B : 11110111;
    1F7C : 11110101;
    1F7D : 10110101;
    1F7E : 01101110;
    1F7F : 01110011;
    1F80 : 01110010;
    1F81 : 10001000;
    1F82 : 10001101;
    1F83 : 01110010;
    1F84 : 01110110;
    1F85 : 10100111;
    1F86 : 11111000;
    1F87 : 11110101;
    1F88 : 11101101;
    1F89 : 11110000;
    1F8A : 11010111;
    1F8B : 10001011;
    1F8C : 01111111;
    1F8D : 10000000;
    1F8E : 10001100;
    1F8F : 10010011;
    1F90 : 10010001;
    1F91 : 01111010;
    1F92 : 01101101;
    1F93 : 11000001;
    1F94 : 11111001;
    1F95 : 11110000;
    1F96 : 11110110;
    1F97 : 11110001;
    1F98 : 11000000;
    1F99 : 10001010;
    1F9A : 10000110;
    1F9B : 10001001;
    1F9C : 10011110;
    1F9D : 10001001;
    1F9E : 10001111;
    1F9F : 10010010;
    1FA0 : 11100000;
    1FA1 : 11101110;
    1FA2 : 11110111;
    1FA3 : 11110001;
    1FA4 : 11110001;
    1FA5 : 11111100;
    1FA6 : 11110110;
    1FA7 : 11111100;
    1FA8 : 11111110;
    1FA9 : 11111110;
    1FAA : 11111101;
    1FAB : 11111110;
    1FAC : 11111110;
    1FAD : 11111111;
    1FAE : 11111110;
    1FAF : 11111110;
    1FB0 : 11111111;
    1FB1 : 11111111;
    1FB2 : 11111111;
    1FB3 : 11111111;
    1FB4 : 11111111;
    1FB5 : 11111111;
    1FB6 : 11111111;
    1FB7 : 11111111;
    1FB8 : 11111111;
    1FB9 : 11111111;
    1FBA : 11111111;
    1FBB : 11111111;
    1FBC : 11111111;
    1FBD : 11111111;
    1FBE : 11111111;
    1FBF : 11111111;
    1FC0 : 11111111;
    1FC1 : 11111111;
    1FC2 : 11111111;
    1FC3 : 11111111;
    1FC4 : 11111111;
    1FC5 : 11111111;
    1FC6 : 11111111;
    1FC7 : 11111111;
    1FC8 : 11111111;
    1FC9 : 11111111;
    1FCA : 11111111;
    1FCB : 11111111;
    1FCC : 11111111;
    1FCD : 11111111;
    1FCE : 11111111;
    1FCF : 11111111;
    1FD0 : 11111111;
    1FD1 : 11111111;
    1FD2 : 11111111;
    1FD3 : 11111111;
    1FD4 : 11111111;
    1FD5 : 11111111;
    1FD6 : 11111111;
    1FD7 : 11111111;
    1FD8 : 11111111;
    1FD9 : 11111111;
    1FDA : 11111111;
    1FDB : 11111111;
    1FDC : 11111111;
    1FDD : 11111111;
    1FDE : 11111111;
    1FDF : 11111111;
    1FE0 : 11111111;
    1FE1 : 11111111;
    1FE2 : 11111111;
    1FE3 : 11111111;
    1FE4 : 11111111;
    1FE5 : 11111111;
    1FE6 : 11111111;
    1FE7 : 11111111;
    1FE8 : 11111111;
    1FE9 : 11111111;
    1FEA : 11111111;
    1FEB : 11111111;
    1FEC : 11111111;
    1FED : 11111111;
    1FEE : 11111111;
    1FEF : 11111111;
    1FF0 : 11111111;
    1FF1 : 11111111;
    1FF2 : 11111111;
    1FF3 : 11111111;
    1FF4 : 11111111;
    1FF5 : 11111111;
    1FF6 : 11111111;
    1FF7 : 11111111;
    1FF8 : 11111111;
    1FF9 : 11111111;
    1FFA : 11111111;
    1FFB : 11111111;
    1FFC : 11111111;
    1FFD : 11111111;
    1FFE : 11111111;
    1FFF : 11111111;
    2000 : 11111111;
    2001 : 11111111;
    2002 : 11111111;
    2003 : 11111111;
    2004 : 11111111;
    2005 : 11111111;
    2006 : 11111111;
    2007 : 11111111;
    2008 : 11111111;
    2009 : 11111111;
    200A : 11111111;
    200B : 11111111;
    200C : 11111111;
    200D : 11111111;
    200E : 11111111;
    200F : 11111111;
    2010 : 11111110;
    2011 : 11111111;
    2012 : 11111110;
    2013 : 11111111;
    2014 : 11111111;
    2015 : 11111111;
    2016 : 11111110;
    2017 : 11111101;
    2018 : 11110111;
    2019 : 11111100;
    201A : 11111011;
    201B : 11111010;
    201C : 11011110;
    201D : 10001111;
    201E : 01010011;
    201F : 01001101;
    2020 : 01010111;
    2021 : 01001001;
    2022 : 01001011;
    2023 : 00111001;
    2024 : 00100111;
    2025 : 01011111;
    2026 : 11001110;
    2027 : 11110100;
    2028 : 11111010;
    2029 : 11110010;
    202A : 10101000;
    202B : 01100100;
    202C : 01010111;
    202D : 01000111;
    202E : 00111101;
    202F : 01000000;
    2030 : 01000011;
    2031 : 00101001;
    2032 : 00101010;
    2033 : 10010010;
    2034 : 11101110;
    2035 : 11111011;
    2036 : 11110000;
    2037 : 11001011;
    2038 : 01110101;
    2039 : 01010010;
    203A : 01010010;
    203B : 01001101;
    203C : 01001100;
    203D : 01000100;
    203E : 00110000;
    203F : 00101011;
    2040 : 01111001;
    2041 : 11011100;
    2042 : 11110110;
    2043 : 11110001;
    2044 : 11111000;
    2045 : 11111001;
    2046 : 11111110;
    2047 : 11111110;
    2048 : 11111110;
    2049 : 11111110;
    204A : 11111110;
    204B : 11111110;
    204C : 11111110;
    204D : 11111111;
    204E : 11111110;
    204F : 11111110;
    2050 : 11111111;
    2051 : 11111111;
    2052 : 11111111;
    2053 : 11111111;
    2054 : 11111111;
    2055 : 11111111;
    2056 : 11111111;
    2057 : 11111111;
    2058 : 11111111;
    2059 : 11111111;
    205A : 11111111;
    205B : 11111111;
    205C : 11111111;
    205D : 11111111;
    205E : 11111111;
    205F : 11111111;
    2060 : 11111111;
    2061 : 11111111;
    2062 : 11111111;
    2063 : 11111111;
    2064 : 11111111;
    2065 : 11111111;
    2066 : 11111111;
    2067 : 11111111;
    2068 : 11111111;
    2069 : 11111111;
    206A : 11111111;
    206B : 11111111;
    206C : 11111111;
    206D : 11111111;
    206E : 11111111;
    206F : 11111111;
    2070 : 11111111;
    2071 : 11111111;
    2072 : 11111111;
    2073 : 11111111;
    2074 : 11111111;
    2075 : 11111111;
    2076 : 11111111;
    2077 : 11111111;
    2078 : 11111111;
    2079 : 11111111;
    207A : 11111111;
    207B : 11111111;
    207C : 11111111;
    207D : 11111111;
    207E : 11111111;
    207F : 11111111;
    2080 : 11111111;
    2081 : 11111111;
    2082 : 11111111;
    2083 : 11111111;
    2084 : 11111111;
    2085 : 11111111;
    2086 : 11111111;
    2087 : 11111111;
    2088 : 11111111;
    2089 : 11111111;
    208A : 11111111;
    208B : 11111111;
    208C : 11111111;
    208D : 11111111;
    208E : 11111111;
    208F : 11111111;
    2090 : 11111111;
    2091 : 11111111;
    2092 : 11111111;
    2093 : 11111111;
    2094 : 11111111;
    2095 : 11111111;
    2096 : 11111111;
    2097 : 11111111;
    2098 : 11111111;
    2099 : 11111111;
    209A : 11111111;
    209B : 11111111;
    209C : 11111111;
    209D : 11111111;
    209E : 11111111;
    209F : 11111111;
    20A0 : 11111111;
    20A1 : 11111111;
    20A2 : 11111111;
    20A3 : 11111111;
    20A4 : 11111111;
    20A5 : 11111111;
    20A6 : 11111111;
    20A7 : 11111111;
    20A8 : 11111111;
    20A9 : 11111111;
    20AA : 11111111;
    20AB : 11111111;
    20AC : 11111111;
    20AD : 11111111;
    20AE : 11111111;
    20AF : 11111111;
    20B0 : 11111110;
    20B1 : 11111111;
    20B2 : 11111110;
    20B3 : 11111111;
    20B4 : 11111111;
    20B5 : 11111111;
    20B6 : 11111110;
    20B7 : 11111101;
    20B8 : 11111101;
    20B9 : 11111010;
    20BA : 11111001;
    20BB : 11011101;
    20BC : 10011000;
    20BD : 01100110;
    20BE : 01011111;
    20BF : 01100101;
    20C0 : 01100101;
    20C1 : 01011110;
    20C2 : 01010100;
    20C3 : 01010011;
    20C4 : 01010001;
    20C5 : 00110111;
    20C6 : 00111111;
    20C7 : 10101100;
    20C8 : 11111101;
    20C9 : 10110110;
    20CA : 01111001;
    20CB : 01110010;
    20CC : 01100110;
    20CD : 01100000;
    20CE : 01100010;
    20CF : 01010000;
    20D0 : 01010100;
    20D1 : 01010111;
    20D2 : 01001000;
    20D3 : 00110111;
    20D4 : 10000111;
    20D5 : 11110100;
    20D6 : 11010110;
    20D7 : 01110111;
    20D8 : 01101100;
    20D9 : 01101101;
    20DA : 01100011;
    20DB : 01100111;
    20DC : 01011010;
    20DD : 01010110;
    20DE : 01010110;
    20DF : 01001111;
    20E0 : 00101111;
    20E1 : 01010001;
    20E2 : 11000011;
    20E3 : 11111101;
    20E4 : 11110100;
    20E5 : 11110110;
    20E6 : 11111010;
    20E7 : 11111110;
    20E8 : 11111110;
    20E9 : 11111110;
    20EA : 11111110;
    20EB : 11111110;
    20EC : 11111110;
    20ED : 11111111;
    20EE : 11111110;
    20EF : 11111110;
    20F0 : 11111111;
    20F1 : 11111111;
    20F2 : 11111111;
    20F3 : 11111111;
    20F4 : 11111111;
    20F5 : 11111111;
    20F6 : 11111111;
    20F7 : 11111111;
    20F8 : 11111111;
    20F9 : 11111111;
    20FA : 11111111;
    20FB : 11111111;
    20FC : 11111111;
    20FD : 11111111;
    20FE : 11111111;
    20FF : 11111111;
    2100 : 11111111;
    2101 : 11111111;
    2102 : 11111111;
    2103 : 11111111;
    2104 : 11111111;
    2105 : 11111111;
    2106 : 11111111;
    2107 : 11111111;
    2108 : 11111111;
    2109 : 11111111;
    210A : 11111111;
    210B : 11111111;
    210C : 11111111;
    210D : 11111111;
    210E : 11111111;
    210F : 11111111;
    2110 : 11111111;
    2111 : 11111111;
    2112 : 11111111;
    2113 : 11111111;
    2114 : 11111111;
    2115 : 11111111;
    2116 : 11111111;
    2117 : 11111111;
    2118 : 11111111;
    2119 : 11111111;
    211A : 11111111;
    211B : 11111111;
    211C : 11111111;
    211D : 11111111;
    211E : 11111111;
    211F : 11111111;
    2120 : 11111111;
    2121 : 11111111;
    2122 : 11111111;
    2123 : 11111111;
    2124 : 11111111;
    2125 : 11111111;
    2126 : 11111111;
    2127 : 11111111;
    2128 : 11111111;
    2129 : 11111111;
    212A : 11111111;
    212B : 11111111;
    212C : 11111111;
    212D : 11111111;
    212E : 11111111;
    212F : 11111111;
    2130 : 11111111;
    2131 : 11111111;
    2132 : 11111111;
    2133 : 11111111;
    2134 : 11111111;
    2135 : 11111111;
    2136 : 11111111;
    2137 : 11111111;
    2138 : 11111111;
    2139 : 11111111;
    213A : 11111111;
    213B : 11111111;
    213C : 11111111;
    213D : 11111111;
    213E : 11111111;
    213F : 11111111;
    2140 : 11111111;
    2141 : 11111111;
    2142 : 11111111;
    2143 : 11111111;
    2144 : 11111111;
    2145 : 11111111;
    2146 : 11111111;
    2147 : 11111111;
    2148 : 11111111;
    2149 : 11111111;
    214A : 11111111;
    214B : 11111111;
    214C : 11111111;
    214D : 11111111;
    214E : 11111111;
    214F : 11111111;
    2150 : 11111111;
    2151 : 11111111;
    2152 : 11111110;
    2153 : 11111110;
    2154 : 11111111;
    2155 : 11111111;
    2156 : 11111110;
    2157 : 11111101;
    2158 : 11111100;
    2159 : 11111000;
    215A : 11111011;
    215B : 10111111;
    215C : 01100111;
    215D : 01011101;
    215E : 01101000;
    215F : 01100100;
    2160 : 01101001;
    2161 : 01100011;
    2162 : 01101010;
    2163 : 01101110;
    2164 : 01100111;
    2165 : 01001010;
    2166 : 00011101;
    2167 : 01101111;
    2168 : 11111000;
    2169 : 10011000;
    216A : 01101011;
    216B : 01111011;
    216C : 01111001;
    216D : 01101011;
    216E : 01110000;
    216F : 01110001;
    2170 : 01110011;
    2171 : 01101110;
    2172 : 01011110;
    2173 : 00100110;
    2174 : 00110000;
    2175 : 11011001;
    2176 : 10111110;
    2177 : 01100011;
    2178 : 01100111;
    2179 : 01100111;
    217A : 01100111;
    217B : 01110011;
    217C : 01110100;
    217D : 01101010;
    217E : 01101100;
    217F : 01100111;
    2180 : 00101101;
    2181 : 00100000;
    2182 : 10011100;
    2183 : 11111001;
    2184 : 11111011;
    2185 : 11111110;
    2186 : 11111110;
    2187 : 11111001;
    2188 : 11111110;
    2189 : 11111110;
    218A : 11111110;
    218B : 11111110;
    218C : 11111110;
    218D : 11111111;
    218E : 11111110;
    218F : 11111110;
    2190 : 11111111;
    2191 : 11111111;
    2192 : 11111111;
    2193 : 11111111;
    2194 : 11111111;
    2195 : 11111111;
    2196 : 11111111;
    2197 : 11111111;
    2198 : 11111111;
    2199 : 11111111;
    219A : 11111111;
    219B : 11111111;
    219C : 11111111;
    219D : 11111111;
    219E : 11111111;
    219F : 11111111;
    21A0 : 11111111;
    21A1 : 11111111;
    21A2 : 11111111;
    21A3 : 11111111;
    21A4 : 11111111;
    21A5 : 11111111;
    21A6 : 11111111;
    21A7 : 11111111;
    21A8 : 11111111;
    21A9 : 11111111;
    21AA : 11111111;
    21AB : 11111111;
    21AC : 11111111;
    21AD : 11111111;
    21AE : 11111111;
    21AF : 11111111;
    21B0 : 11111111;
    21B1 : 11111111;
    21B2 : 11111111;
    21B3 : 11111111;
    21B4 : 11111111;
    21B5 : 11111111;
    21B6 : 11111111;
    21B7 : 11111111;
    21B8 : 11111111;
    21B9 : 11111111;
    21BA : 11111111;
    21BB : 11111111;
    21BC : 11111111;
    21BD : 11111111;
    21BE : 11111111;
    21BF : 11111111;
    21C0 : 11111111;
    21C1 : 11111111;
    21C2 : 11111111;
    21C3 : 11111111;
    21C4 : 11111111;
    21C5 : 11111111;
    21C6 : 11111111;
    21C7 : 11111111;
    21C8 : 11111111;
    21C9 : 11111111;
    21CA : 11111111;
    21CB : 11111111;
    21CC : 11111111;
    21CD : 11111111;
    21CE : 11111111;
    21CF : 11111111;
    21D0 : 11111111;
    21D1 : 11111111;
    21D2 : 11111111;
    21D3 : 11111111;
    21D4 : 11111111;
    21D5 : 11111111;
    21D6 : 11111111;
    21D7 : 11111111;
    21D8 : 11111111;
    21D9 : 11111111;
    21DA : 11111111;
    21DB : 11111111;
    21DC : 11111111;
    21DD : 11111111;
    21DE : 11111111;
    21DF : 11111111;
    21E0 : 11111111;
    21E1 : 11111111;
    21E2 : 11111111;
    21E3 : 11111111;
    21E4 : 11111111;
    21E5 : 11111111;
    21E6 : 11111111;
    21E7 : 11111111;
    21E8 : 11111111;
    21E9 : 11111111;
    21EA : 11111111;
    21EB : 11111111;
    21EC : 11111111;
    21ED : 11111111;
    21EE : 11111111;
    21EF : 11111111;
    21F0 : 11111111;
    21F1 : 11111111;
    21F2 : 11111111;
    21F3 : 11111111;
    21F4 : 11111111;
    21F5 : 11111111;
    21F6 : 11111110;
    21F7 : 11111101;
    21F8 : 11111010;
    21F9 : 11111100;
    21FA : 11111001;
    21FB : 10111000;
    21FC : 01010000;
    21FD : 00110100;
    21FE : 00111010;
    21FF : 00110101;
    2200 : 00110101;
    2201 : 00110000;
    2202 : 00111000;
    2203 : 00111101;
    2204 : 00111001;
    2205 : 00101101;
    2206 : 00100010;
    2207 : 10000001;
    2208 : 11110110;
    2209 : 10011010;
    220A : 00111011;
    220B : 00111010;
    220C : 01000100;
    220D : 00111100;
    220E : 00110100;
    220F : 00111001;
    2210 : 00111110;
    2211 : 01000000;
    2212 : 00110101;
    2213 : 00100001;
    2214 : 01000110;
    2215 : 11101000;
    2216 : 11010010;
    2217 : 01010011;
    2218 : 00110100;
    2219 : 00111101;
    221A : 01000000;
    221B : 00110011;
    221C : 00110011;
    221D : 00111001;
    221E : 00111110;
    221F : 00110110;
    2220 : 00101111;
    2221 : 00110111;
    2222 : 11000000;
    2223 : 11111110;
    2224 : 11110111;
    2225 : 11111011;
    2226 : 11111001;
    2227 : 11111110;
    2228 : 11111110;
    2229 : 11111110;
    222A : 11111110;
    222B : 11111110;
    222C : 11111111;
    222D : 11111111;
    222E : 11111110;
    222F : 11111110;
    2230 : 11111111;
    2231 : 11111111;
    2232 : 11111111;
    2233 : 11111111;
    2234 : 11111111;
    2235 : 11111111;
    2236 : 11111111;
    2237 : 11111111;
    2238 : 11111111;
    2239 : 11111111;
    223A : 11111111;
    223B : 11111111;
    223C : 11111111;
    223D : 11111111;
    223E : 11111111;
    223F : 11111111;
    2240 : 11111111;
    2241 : 11111111;
    2242 : 11111111;
    2243 : 11111111;
    2244 : 11111111;
    2245 : 11111111;
    2246 : 11111111;
    2247 : 11111111;
    2248 : 11111111;
    2249 : 11111111;
    224A : 11111111;
    224B : 11111111;
    224C : 11111111;
    224D : 11111111;
    224E : 11111111;
    224F : 11111111;
    2250 : 11111111;
    2251 : 11111111;
    2252 : 11111111;
    2253 : 11111111;
    2254 : 11111111;
    2255 : 11111111;
    2256 : 11111111;
    2257 : 11111111;
    2258 : 11111111;
    2259 : 11111111;
    225A : 11111111;
    225B : 11111111;
    225C : 11111111;
    225D : 11111111;
    225E : 11111111;
    225F : 11111111;
    2260 : 11111111;
    2261 : 11111111;
    2262 : 11111111;
    2263 : 11111111;
    2264 : 11111111;
    2265 : 11111111;
    2266 : 11111111;
    2267 : 11111111;
    2268 : 11111111;
    2269 : 11111111;
    226A : 11111111;
    226B : 11111111;
    226C : 11111111;
    226D : 11111111;
    226E : 11111111;
    226F : 11111111;
    2270 : 11111111;
    2271 : 11111111;
    2272 : 11111111;
    2273 : 11111111;
    2274 : 11111111;
    2275 : 11111111;
    2276 : 11111111;
    2277 : 11111111;
    2278 : 11111111;
    2279 : 11111111;
    227A : 11111111;
    227B : 11111111;
    227C : 11111111;
    227D : 11111111;
    227E : 11111111;
    227F : 11111111;
    2280 : 11111111;
    2281 : 11111111;
    2282 : 11111111;
    2283 : 11111111;
    2284 : 11111111;
    2285 : 11111111;
    2286 : 11111111;
    2287 : 11111111;
    2288 : 11111111;
    2289 : 11111111;
    228A : 11111111;
    228B : 11111111;
    228C : 11111111;
    228D : 11111111;
    228E : 11111111;
    228F : 11111111;
    2290 : 11111110;
    2291 : 11111110;
    2292 : 11111111;
    2293 : 11111111;
    2294 : 11111111;
    2295 : 11111111;
    2296 : 11111110;
    2297 : 11111101;
    2298 : 11111100;
    2299 : 11111100;
    229A : 11111000;
    229B : 11101010;
    229C : 10001011;
    229D : 00110100;
    229E : 00100101;
    229F : 00100110;
    22A0 : 00101001;
    22A1 : 00100010;
    22A2 : 00101000;
    22A3 : 00101000;
    22A4 : 00010111;
    22A5 : 00010011;
    22A6 : 01010000;
    22A7 : 11011100;
    22A8 : 11111110;
    22A9 : 11001111;
    22AA : 01001110;
    22AB : 00111100;
    22AC : 00101111;
    22AD : 00101110;
    22AE : 00101110;
    22AF : 00110010;
    22B0 : 00110101;
    22B1 : 00100101;
    22B2 : 00010001;
    22B3 : 00101111;
    22B4 : 10111101;
    22B5 : 11111000;
    22B6 : 11111000;
    22B7 : 10000000;
    22B8 : 00101010;
    22B9 : 01000000;
    22BA : 00110011;
    22BB : 00111101;
    22BC : 00111100;
    22BD : 00110010;
    22BE : 00111000;
    22BF : 00011111;
    22C0 : 00011100;
    22C1 : 10011000;
    22C2 : 11110011;
    22C3 : 11110010;
    22C4 : 11111000;
    22C5 : 11111100;
    22C6 : 11111011;
    22C7 : 11111101;
    22C8 : 11111110;
    22C9 : 11111110;
    22CA : 11111110;
    22CB : 11111111;
    22CC : 11111111;
    22CD : 11111111;
    22CE : 11111110;
    22CF : 11111110;
    22D0 : 11111111;
    22D1 : 11111111;
    22D2 : 11111111;
    22D3 : 11111111;
    22D4 : 11111111;
    22D5 : 11111111;
    22D6 : 11111111;
    22D7 : 11111111;
    22D8 : 11111111;
    22D9 : 11111111;
    22DA : 11111111;
    22DB : 11111111;
    22DC : 11111111;
    22DD : 11111111;
    22DE : 11111111;
    22DF : 11111111;
    22E0 : 11111111;
    22E1 : 11111111;
    22E2 : 11111111;
    22E3 : 11111111;
    22E4 : 11111111;
    22E5 : 11111111;
    22E6 : 11111111;
    22E7 : 11111111;
    22E8 : 11111111;
    22E9 : 11111111;
    22EA : 11111111;
    22EB : 11111111;
    22EC : 11111111;
    22ED : 11111111;
    22EE : 11111111;
    22EF : 11111111;
    22F0 : 11111111;
    22F1 : 11111111;
    22F2 : 11111111;
    22F3 : 11111111;
    22F4 : 11111111;
    22F5 : 11111111;
    22F6 : 11111111;
    22F7 : 11111111;
    22F8 : 11111111;
    22F9 : 11111111;
    22FA : 11111111;
    22FB : 11111111;
    22FC : 11111111;
    22FD : 11111111;
    22FE : 11111111;
    22FF : 11111111;
    2300 : 11111111;
    2301 : 11111111;
    2302 : 11111111;
    2303 : 11111111;
    2304 : 11111111;
    2305 : 11111111;
    2306 : 11111111;
    2307 : 11111111;
    2308 : 11111111;
    2309 : 11111111;
    230A : 11111111;
    230B : 11111111;
    230C : 11111111;
    230D : 11111111;
    230E : 11111111;
    230F : 11111111;
    2310 : 11111111;
    2311 : 11111111;
    2312 : 11111111;
    2313 : 11111111;
    2314 : 11111111;
    2315 : 11111111;
    2316 : 11111111;
    2317 : 11111111;
    2318 : 11111111;
    2319 : 11111111;
    231A : 11111111;
    231B : 11111111;
    231C : 11111111;
    231D : 11111111;
    231E : 11111111;
    231F : 11111111;
    2320 : 11111111;
    2321 : 11111111;
    2322 : 11111111;
    2323 : 11111111;
    2324 : 11111111;
    2325 : 11111111;
    2326 : 11111111;
    2327 : 11111111;
    2328 : 11111111;
    2329 : 11111111;
    232A : 11111111;
    232B : 11111111;
    232C : 11111111;
    232D : 11111111;
    232E : 11111111;
    232F : 11111111;
    2330 : 11111110;
    2331 : 11111110;
    2332 : 11111110;
    2333 : 11111111;
    2334 : 11111111;
    2335 : 11111111;
    2336 : 11111110;
    2337 : 11111110;
    2338 : 11111100;
    2339 : 11111101;
    233A : 11110101;
    233B : 11110111;
    233C : 11100100;
    233D : 01101110;
    233E : 00111100;
    233F : 00111100;
    2340 : 01000010;
    2341 : 01000110;
    2342 : 00111001;
    2343 : 01000101;
    2344 : 00101000;
    2345 : 01000010;
    2346 : 11010011;
    2347 : 11110110;
    2348 : 11110100;
    2349 : 11111001;
    234A : 10111101;
    234B : 01100001;
    234C : 01000101;
    234D : 01001000;
    234E : 01000101;
    234F : 01001001;
    2350 : 01001011;
    2351 : 00110101;
    2352 : 00100001;
    2353 : 10001101;
    2354 : 11110101;
    2355 : 11110100;
    2356 : 11111100;
    2357 : 11011000;
    2358 : 01100110;
    2359 : 01010100;
    235A : 01001101;
    235B : 01011100;
    235C : 00111110;
    235D : 01001111;
    235E : 01000000;
    235F : 00010100;
    2360 : 01011111;
    2361 : 11101011;
    2362 : 11110111;
    2363 : 11110111;
    2364 : 11110101;
    2365 : 11111101;
    2366 : 11111100;
    2367 : 11111010;
    2368 : 11111110;
    2369 : 11111110;
    236A : 11111110;
    236B : 11111111;
    236C : 11111111;
    236D : 11111111;
    236E : 11111110;
    236F : 11111110;
    2370 : 11111111;
    2371 : 11111111;
    2372 : 11111111;
    2373 : 11111111;
    2374 : 11111111;
    2375 : 11111111;
    2376 : 11111111;
    2377 : 11111111;
    2378 : 11111111;
    2379 : 11111111;
    237A : 11111111;
    237B : 11111111;
    237C : 11111111;
    237D : 11111111;
    237E : 11111111;
    237F : 11111111;
    2380 : 11111111;
    2381 : 11111111;
    2382 : 11111111;
    2383 : 11111111;
    2384 : 11111111;
    2385 : 11111111;
    2386 : 11111111;
    2387 : 11111111;
    2388 : 11111111;
    2389 : 11111111;
    238A : 11111111;
    238B : 11111111;
    238C : 11111111;
    238D : 11111111;
    238E : 11111111;
    238F : 11111111;
    2390 : 11111111;
    2391 : 11111111;
    2392 : 11111111;
    2393 : 11111111;
    2394 : 11111111;
    2395 : 11111111;
    2396 : 11111111;
    2397 : 11111111;
    2398 : 11111111;
    2399 : 11111111;
    239A : 11111111;
    239B : 11111111;
    239C : 11111111;
    239D : 11111111;
    239E : 11111111;
    239F : 11111111;
    23A0 : 11111111;
    23A1 : 11111111;
    23A2 : 11111111;
    23A3 : 11111111;
    23A4 : 11111111;
    23A5 : 11111111;
    23A6 : 11111111;
    23A7 : 11111111;
    23A8 : 11111111;
    23A9 : 11111111;
    23AA : 11111111;
    23AB : 11111111;
    23AC : 11111111;
    23AD : 11111111;
    23AE : 11111111;
    23AF : 11111111;
    23B0 : 11111111;
    23B1 : 11111111;
    23B2 : 11111111;
    23B3 : 11111111;
    23B4 : 11111111;
    23B5 : 11111111;
    23B6 : 11111111;
    23B7 : 11111111;
    23B8 : 11111111;
    23B9 : 11111111;
    23BA : 11111111;
    23BB : 11111111;
    23BC : 11111111;
    23BD : 11111111;
    23BE : 11111111;
    23BF : 11111111;
    23C0 : 11111111;
    23C1 : 11111111;
    23C2 : 11111111;
    23C3 : 11111111;
    23C4 : 11111111;
    23C5 : 11111111;
    23C6 : 11111111;
    23C7 : 11111111;
    23C8 : 11111111;
    23C9 : 11111111;
    23CA : 11111111;
    23CB : 11111111;
    23CC : 11111111;
    23CD : 11111111;
    23CE : 11111111;
    23CF : 11111110;
    23D0 : 11111110;
    23D1 : 11111110;
    23D2 : 11111110;
    23D3 : 11111111;
    23D4 : 11111111;
    23D5 : 11111111;
    23D6 : 11111110;
    23D7 : 11111101;
    23D8 : 11111100;
    23D9 : 11111011;
    23DA : 11110100;
    23DB : 11110010;
    23DC : 11111011;
    23DD : 10101011;
    23DE : 01000111;
    23DF : 00111111;
    23E0 : 01010111;
    23E1 : 00111000;
    23E2 : 00110010;
    23E3 : 00110110;
    23E4 : 00011100;
    23E5 : 01111011;
    23E6 : 11110110;
    23E7 : 11110101;
    23E8 : 11111001;
    23E9 : 11101111;
    23EA : 11110000;
    23EB : 01111111;
    23EC : 00111111;
    23ED : 00110111;
    23EE : 00111110;
    23EF : 00101101;
    23F0 : 00111011;
    23F1 : 00010101;
    23F2 : 00111110;
    23F3 : 11011101;
    23F4 : 11111010;
    23F5 : 11110000;
    23F6 : 11110110;
    23F7 : 11111010;
    23F8 : 10000110;
    23F9 : 01001000;
    23FA : 00111001;
    23FB : 00110100;
    23FC : 00101111;
    23FD : 00111100;
    23FE : 00100010;
    23FF : 00011110;
    2400 : 10100101;
    2401 : 11111101;
    2402 : 11101111;
    2403 : 11110100;
    2404 : 11111001;
    2405 : 11111110;
    2406 : 11111111;
    2407 : 11111111;
    2408 : 11111110;
    2409 : 11111110;
    240A : 11111110;
    240B : 11111111;
    240C : 11111111;
    240D : 11111111;
    240E : 11111110;
    240F : 11111111;
    2410 : 11111111;
    2411 : 11111111;
    2412 : 11111111;
    2413 : 11111111;
    2414 : 11111111;
    2415 : 11111111;
    2416 : 11111111;
    2417 : 11111111;
    2418 : 11111111;
    2419 : 11111111;
    241A : 11111111;
    241B : 11111111;
    241C : 11111111;
    241D : 11111111;
    241E : 11111111;
    241F : 11111111;
    2420 : 11111111;
    2421 : 11111111;
    2422 : 11111111;
    2423 : 11111111;
    2424 : 11111111;
    2425 : 11111111;
    2426 : 11111111;
    2427 : 11111111;
    2428 : 11111111;
    2429 : 11111111;
    242A : 11111111;
    242B : 11111111;
    242C : 11111111;
    242D : 11111111;
    242E : 11111111;
    242F : 11111111;
    2430 : 11111111;
    2431 : 11111111;
    2432 : 11111111;
    2433 : 11111111;
    2434 : 11111111;
    2435 : 11111111;
    2436 : 11111111;
    2437 : 11111111;
    2438 : 11111111;
    2439 : 11111111;
    243A : 11111111;
    243B : 11111111;
    243C : 11111111;
    243D : 11111111;
    243E : 11111111;
    243F : 11111111;
    2440 : 11111111;
    2441 : 11111111;
    2442 : 11111111;
    2443 : 11111111;
    2444 : 11111111;
    2445 : 11111111;
    2446 : 11111111;
    2447 : 11111111;
    2448 : 11111111;
    2449 : 11111111;
    244A : 11111111;
    244B : 11111111;
    244C : 11111111;
    244D : 11111111;
    244E : 11111111;
    244F : 11111111;
    2450 : 11111111;
    2451 : 11111111;
    2452 : 11111111;
    2453 : 11111111;
    2454 : 11111111;
    2455 : 11111111;
    2456 : 11111111;
    2457 : 11111111;
    2458 : 11111111;
    2459 : 11111111;
    245A : 11111111;
    245B : 11111111;
    245C : 11111111;
    245D : 11111111;
    245E : 11111111;
    245F : 11111111;
    2460 : 11111111;
    2461 : 11111111;
    2462 : 11111111;
    2463 : 11111111;
    2464 : 11111111;
    2465 : 11111111;
    2466 : 11111111;
    2467 : 11111111;
    2468 : 11111111;
    2469 : 11111111;
    246A : 11111111;
    246B : 11111111;
    246C : 11111111;
    246D : 11111111;
    246E : 11111111;
    246F : 11111110;
    2470 : 11111110;
    2471 : 11111110;
    2472 : 11111110;
    2473 : 11111111;
    2474 : 11111111;
    2475 : 11111111;
    2476 : 11111110;
    2477 : 11111101;
    2478 : 11111110;
    2479 : 11110101;
    247A : 11110110;
    247B : 11111011;
    247C : 11111101;
    247D : 11000000;
    247E : 01010000;
    247F : 00111100;
    2480 : 01001110;
    2481 : 00110011;
    2482 : 01001001;
    2483 : 00101101;
    2484 : 00010110;
    2485 : 01111100;
    2486 : 11111011;
    2487 : 11110101;
    2488 : 11111011;
    2489 : 11111010;
    248A : 11101111;
    248B : 01110110;
    248C : 00100100;
    248D : 00110100;
    248E : 00101011;
    248F : 00111100;
    2490 : 00011110;
    2491 : 00010010;
    2492 : 00111001;
    2493 : 11100101;
    2494 : 11111011;
    2495 : 11110111;
    2496 : 11111010;
    2497 : 11111100;
    2498 : 01111110;
    2499 : 00110010;
    249A : 00101110;
    249B : 00101010;
    249C : 00111000;
    249D : 00111011;
    249E : 00011011;
    249F : 00100010;
    24A0 : 10101111;
    24A1 : 11111001;
    24A2 : 11110101;
    24A3 : 11111011;
    24A4 : 11111000;
    24A5 : 11111000;
    24A6 : 11111010;
    24A7 : 11110110;
    24A8 : 11111110;
    24A9 : 11111110;
    24AA : 11111111;
    24AB : 11111111;
    24AC : 11111111;
    24AD : 11111111;
    24AE : 11111111;
    24AF : 11111111;
    24B0 : 11111111;
    24B1 : 11111111;
    24B2 : 11111111;
    24B3 : 11111111;
    24B4 : 11111111;
    24B5 : 11111111;
    24B6 : 11111111;
    24B7 : 11111111;
    24B8 : 11111111;
    24B9 : 11111111;
    24BA : 11111111;
    24BB : 11111111;
    24BC : 11111111;
    24BD : 11111111;
    24BE : 11111111;
    24BF : 11111111;
    24C0 : 11111111;
    24C1 : 11111111;
    24C2 : 11111111;
    24C3 : 11111111;
    24C4 : 11111111;
    24C5 : 11111111;
    24C6 : 11111111;
    24C7 : 11111111;
    24C8 : 11111111;
    24C9 : 11111111;
    24CA : 11111111;
    24CB : 11111111;
    24CC : 11111111;
    24CD : 11111111;
    24CE : 11111111;
    24CF : 11111111;
    24D0 : 11111111;
    24D1 : 11111111;
    24D2 : 11111111;
    24D3 : 11111111;
    24D4 : 11111111;
    24D5 : 11111111;
    24D6 : 11111111;
    24D7 : 11111111;
    24D8 : 11111111;
    24D9 : 11111111;
    24DA : 11111111;
    24DB : 11111111;
    24DC : 11111111;
    24DD : 11111111;
    24DE : 11111111;
    24DF : 11111111;
    24E0 : 11111111;
    24E1 : 11111111;
    24E2 : 11111111;
    24E3 : 11111111;
    24E4 : 11111111;
    24E5 : 11111111;
    24E6 : 11111111;
    24E7 : 11111111;
    24E8 : 11111111;
    24E9 : 11111111;
    24EA : 11111111;
    24EB : 11111111;
    24EC : 11111111;
    24ED : 11111111;
    24EE : 11111111;
    24EF : 11111111;
    24F0 : 11111111;
    24F1 : 11111111;
    24F2 : 11111111;
    24F3 : 11111111;
    24F4 : 11111111;
    24F5 : 11111111;
    24F6 : 11111111;
    24F7 : 11111111;
    24F8 : 11111111;
    24F9 : 11111111;
    24FA : 11111111;
    24FB : 11111111;
    24FC : 11111111;
    24FD : 11111111;
    24FE : 11111111;
    24FF : 11111111;
    2500 : 11111111;
    2501 : 11111111;
    2502 : 11111111;
    2503 : 11111111;
    2504 : 11111111;
    2505 : 11111111;
    2506 : 11111111;
    2507 : 11111111;
    2508 : 11111111;
    2509 : 11111111;
    250A : 11111111;
    250B : 11111111;
    250C : 11111111;
    250D : 11111111;
    250E : 11111111;
    250F : 11111111;
    2510 : 11111110;
    2511 : 11111110;
    2512 : 11111110;
    2513 : 11111111;
    2514 : 11111111;
    2515 : 11111111;
    2516 : 11111101;
    2517 : 11111100;
    2518 : 11110110;
    2519 : 11111110;
    251A : 11110000;
    251B : 11010101;
    251C : 11101010;
    251D : 11001000;
    251E : 01010100;
    251F : 00111111;
    2520 : 01001001;
    2521 : 01000011;
    2522 : 01001110;
    2523 : 00110101;
    2524 : 00110111;
    2525 : 01110001;
    2526 : 11011100;
    2527 : 11100011;
    2528 : 11011110;
    2529 : 11100010;
    252A : 11011111;
    252B : 01111011;
    252C : 00110111;
    252D : 00111100;
    252E : 00111001;
    252F : 01001011;
    2530 : 00111101;
    2531 : 00111100;
    2532 : 01000111;
    2533 : 10111111;
    2534 : 11101000;
    2535 : 11100001;
    2536 : 11100100;
    2537 : 11100110;
    2538 : 10001101;
    2539 : 01010000;
    253A : 01000110;
    253B : 00111001;
    253C : 00111001;
    253D : 01000000;
    253E : 00111100;
    253F : 00110101;
    2540 : 10110011;
    2541 : 11110000;
    2542 : 11110001;
    2543 : 11111101;
    2544 : 11110111;
    2545 : 11111010;
    2546 : 11111111;
    2547 : 11111111;
    2548 : 11111110;
    2549 : 11111110;
    254A : 11111111;
    254B : 11111111;
    254C : 11111110;
    254D : 11111110;
    254E : 11111111;
    254F : 11111111;
    2550 : 11111111;
    2551 : 11111111;
    2552 : 11111111;
    2553 : 11111111;
    2554 : 11111111;
    2555 : 11111111;
    2556 : 11111111;
    2557 : 11111111;
    2558 : 11111111;
    2559 : 11111111;
    255A : 11111111;
    255B : 11111111;
    255C : 11111111;
    255D : 11111111;
    255E : 11111111;
    255F : 11111111;
    2560 : 11111111;
    2561 : 11111111;
    2562 : 11111111;
    2563 : 11111111;
    2564 : 11111111;
    2565 : 11111111;
    2566 : 11111111;
    2567 : 11111111;
    2568 : 11111111;
    2569 : 11111111;
    256A : 11111111;
    256B : 11111111;
    256C : 11111111;
    256D : 11111111;
    256E : 11111111;
    256F : 11111111;
    2570 : 11111111;
    2571 : 11111111;
    2572 : 11111111;
    2573 : 11111111;
    2574 : 11111111;
    2575 : 11111111;
    2576 : 11111111;
    2577 : 11111111;
    2578 : 11111111;
    2579 : 11111111;
    257A : 11111111;
    257B : 11111111;
    257C : 11111111;
    257D : 11111111;
    257E : 11111111;
    257F : 11111111;
    2580 : 11111111;
    2581 : 11111111;
    2582 : 11111111;
    2583 : 11111111;
    2584 : 11111111;
    2585 : 11111111;
    2586 : 11111111;
    2587 : 11111111;
    2588 : 11111111;
    2589 : 11111111;
    258A : 11111111;
    258B : 11111111;
    258C : 11111111;
    258D : 11111111;
    258E : 11111111;
    258F : 11111111;
    2590 : 11111111;
    2591 : 11111111;
    2592 : 11111111;
    2593 : 11111111;
    2594 : 11111111;
    2595 : 11111111;
    2596 : 11111111;
    2597 : 11111111;
    2598 : 11111111;
    2599 : 11111111;
    259A : 11111111;
    259B : 11111111;
    259C : 11111111;
    259D : 11111111;
    259E : 11111111;
    259F : 11111111;
    25A0 : 11111111;
    25A1 : 11111111;
    25A2 : 11111111;
    25A3 : 11111111;
    25A4 : 11111111;
    25A5 : 11111111;
    25A6 : 11111111;
    25A7 : 11111111;
    25A8 : 11111111;
    25A9 : 11111111;
    25AA : 11111111;
    25AB : 11111111;
    25AC : 11111111;
    25AD : 11111111;
    25AE : 11111111;
    25AF : 11111111;
    25B0 : 11111111;
    25B1 : 11111111;
    25B2 : 11111111;
    25B3 : 11111111;
    25B4 : 11111111;
    25B5 : 11111110;
    25B6 : 11111101;
    25B7 : 11111100;
    25B8 : 11111101;
    25B9 : 11111100;
    25BA : 11001001;
    25BB : 01100010;
    25BC : 01010110;
    25BD : 01101000;
    25BE : 01001001;
    25BF : 01001001;
    25C0 : 01001010;
    25C1 : 01010010;
    25C2 : 01001001;
    25C3 : 01001001;
    25C4 : 01000111;
    25C5 : 01000101;
    25C6 : 01011010;
    25C7 : 01010110;
    25C8 : 01010011;
    25C9 : 01010110;
    25CA : 01010110;
    25CB : 01000010;
    25CC : 01001000;
    25CD : 01010000;
    25CE : 01001100;
    25CF : 01000101;
    25D0 : 01001010;
    25D1 : 00111110;
    25D2 : 01000101;
    25D3 : 01011000;
    25D4 : 01011001;
    25D5 : 01010101;
    25D6 : 01011100;
    25D7 : 01100100;
    25D8 : 01010110;
    25D9 : 01000111;
    25DA : 01001001;
    25DB : 01000010;
    25DC : 01000010;
    25DD : 01001101;
    25DE : 01001111;
    25DF : 01000001;
    25E0 : 01011101;
    25E1 : 10001000;
    25E2 : 10011001;
    25E3 : 11100011;
    25E4 : 11111110;
    25E5 : 11111100;
    25E6 : 11111100;
    25E7 : 11111001;
    25E8 : 11111110;
    25E9 : 11111110;
    25EA : 11111111;
    25EB : 11111111;
    25EC : 11111111;
    25ED : 11111111;
    25EE : 11111111;
    25EF : 11111111;
    25F0 : 11111111;
    25F1 : 11111111;
    25F2 : 11111111;
    25F3 : 11111111;
    25F4 : 11111111;
    25F5 : 11111111;
    25F6 : 11111111;
    25F7 : 11111111;
    25F8 : 11111111;
    25F9 : 11111111;
    25FA : 11111111;
    25FB : 11111111;
    25FC : 11111111;
    25FD : 11111111;
    25FE : 11111111;
    25FF : 11111111;
    2600 : 11111111;
    2601 : 11111111;
    2602 : 11111111;
    2603 : 11111111;
    2604 : 11111111;
    2605 : 11111111;
    2606 : 11111111;
    2607 : 11111111;
    2608 : 11111111;
    2609 : 11111111;
    260A : 11111111;
    260B : 11111111;
    260C : 11111111;
    260D : 11111111;
    260E : 11111111;
    260F : 11111111;
    2610 : 11111111;
    2611 : 11111111;
    2612 : 11111111;
    2613 : 11111111;
    2614 : 11111111;
    2615 : 11111111;
    2616 : 11111111;
    2617 : 11111111;
    2618 : 11111111;
    2619 : 11111111;
    261A : 11111111;
    261B : 11111111;
    261C : 11111111;
    261D : 11111111;
    261E : 11111111;
    261F : 11111111;
    2620 : 11111111;
    2621 : 11111111;
    2622 : 11111111;
    2623 : 11111111;
    2624 : 11111111;
    2625 : 11111111;
    2626 : 11111111;
    2627 : 11111111;
    2628 : 11111111;
    2629 : 11111111;
    262A : 11111111;
    262B : 11111111;
    262C : 11111111;
    262D : 11111111;
    262E : 11111111;
    262F : 11111111;
    2630 : 11111111;
    2631 : 11111111;
    2632 : 11111111;
    2633 : 11111111;
    2634 : 11111111;
    2635 : 11111111;
    2636 : 11111111;
    2637 : 11111111;
    2638 : 11111111;
    2639 : 11111111;
    263A : 11111111;
    263B : 11111111;
    263C : 11111111;
    263D : 11111111;
    263E : 11111111;
    263F : 11111111;
    2640 : 11111111;
    2641 : 11111111;
    2642 : 11111111;
    2643 : 11111111;
    2644 : 11111111;
    2645 : 11111111;
    2646 : 11111111;
    2647 : 11111111;
    2648 : 11111111;
    2649 : 11111111;
    264A : 11111111;
    264B : 11111111;
    264C : 11111111;
    264D : 11111111;
    264E : 11111111;
    264F : 11111111;
    2650 : 11111110;
    2651 : 11111110;
    2652 : 11111110;
    2653 : 11111111;
    2654 : 11111111;
    2655 : 11111110;
    2656 : 11111101;
    2657 : 11111100;
    2658 : 11110101;
    2659 : 11111011;
    265A : 11010110;
    265B : 10001111;
    265C : 01001100;
    265D : 00100110;
    265E : 01000000;
    265F : 00111101;
    2660 : 00111001;
    2661 : 00111001;
    2662 : 00111011;
    2663 : 00111010;
    2664 : 00111100;
    2665 : 00110010;
    2666 : 00110110;
    2667 : 00111001;
    2668 : 00110001;
    2669 : 00110111;
    266A : 00101001;
    266B : 00101110;
    266C : 00110100;
    266D : 00110100;
    266E : 00111011;
    266F : 00111101;
    2670 : 00110011;
    2671 : 00110110;
    2672 : 00111011;
    2673 : 00111100;
    2674 : 00110100;
    2675 : 00110001;
    2676 : 00110001;
    2677 : 00101011;
    2678 : 00110001;
    2679 : 00111000;
    267A : 00111100;
    267B : 00110011;
    267C : 00111000;
    267D : 00111111;
    267E : 00110110;
    267F : 01000000;
    2680 : 01011000;
    2681 : 01110110;
    2682 : 01111100;
    2683 : 11011101;
    2684 : 11111110;
    2685 : 11111011;
    2686 : 11111011;
    2687 : 11111110;
    2688 : 11111110;
    2689 : 11111111;
    268A : 11111111;
    268B : 11111111;
    268C : 11111111;
    268D : 11111111;
    268E : 11111110;
    268F : 11111110;
    2690 : 11111111;
    2691 : 11111111;
    2692 : 11111111;
    2693 : 11111111;
    2694 : 11111111;
    2695 : 11111111;
    2696 : 11111111;
    2697 : 11111111;
    2698 : 11111111;
    2699 : 11111111;
    269A : 11111111;
    269B : 11111111;
    269C : 11111111;
    269D : 11111111;
    269E : 11111111;
    269F : 11111111;
    26A0 : 11111111;
    26A1 : 11111111;
    26A2 : 11111111;
    26A3 : 11111111;
    26A4 : 11111111;
    26A5 : 11111111;
    26A6 : 11111111;
    26A7 : 11111111;
    26A8 : 11111111;
    26A9 : 11111111;
    26AA : 11111111;
    26AB : 11111111;
    26AC : 11111111;
    26AD : 11111111;
    26AE : 11111111;
    26AF : 11111111;
    26B0 : 11111111;
    26B1 : 11111111;
    26B2 : 11111111;
    26B3 : 11111111;
    26B4 : 11111111;
    26B5 : 11111111;
    26B6 : 11111111;
    26B7 : 11111111;
    26B8 : 11111111;
    26B9 : 11111111;
    26BA : 11111111;
    26BB : 11111111;
    26BC : 11111111;
    26BD : 11111111;
    26BE : 11111111;
    26BF : 11111111;
    26C0 : 11111111;
    26C1 : 11111111;
    26C2 : 11111111;
    26C3 : 11111111;
    26C4 : 11111111;
    26C5 : 11111111;
    26C6 : 11111111;
    26C7 : 11111111;
    26C8 : 11111111;
    26C9 : 11111111;
    26CA : 11111111;
    26CB : 11111111;
    26CC : 11111111;
    26CD : 11111111;
    26CE : 11111111;
    26CF : 11111111;
    26D0 : 11111111;
    26D1 : 11111111;
    26D2 : 11111111;
    26D3 : 11111111;
    26D4 : 11111111;
    26D5 : 11111111;
    26D6 : 11111111;
    26D7 : 11111111;
    26D8 : 11111111;
    26D9 : 11111111;
    26DA : 11111111;
    26DB : 11111111;
    26DC : 11111111;
    26DD : 11111111;
    26DE : 11111111;
    26DF : 11111111;
    26E0 : 11111111;
    26E1 : 11111111;
    26E2 : 11111111;
    26E3 : 11111111;
    26E4 : 11111111;
    26E5 : 11111111;
    26E6 : 11111111;
    26E7 : 11111111;
    26E8 : 11111111;
    26E9 : 11111111;
    26EA : 11111111;
    26EB : 11111111;
    26EC : 11111111;
    26ED : 11111111;
    26EE : 11111111;
    26EF : 11111110;
    26F0 : 11111110;
    26F1 : 11111110;
    26F2 : 11111110;
    26F3 : 11111110;
    26F4 : 11111111;
    26F5 : 11111110;
    26F6 : 11111101;
    26F7 : 11111011;
    26F8 : 11110111;
    26F9 : 11111110;
    26FA : 11001000;
    26FB : 10101010;
    26FC : 10010111;
    26FD : 01000110;
    26FE : 00111000;
    26FF : 00111111;
    2700 : 00111111;
    2701 : 00110110;
    2702 : 00111110;
    2703 : 00110110;
    2704 : 00111110;
    2705 : 00110101;
    2706 : 00110111;
    2707 : 00110001;
    2708 : 00110110;
    2709 : 00101011;
    270A : 00111101;
    270B : 01010010;
    270C : 01010011;
    270D : 01011100;
    270E : 01110011;
    270F : 01100011;
    2710 : 01010101;
    2711 : 01001101;
    2712 : 00110010;
    2713 : 00111011;
    2714 : 01000001;
    2715 : 00111010;
    2716 : 00111010;
    2717 : 01000001;
    2718 : 00110000;
    2719 : 00110110;
    271A : 00111101;
    271B : 00111001;
    271C : 00111110;
    271D : 00111011;
    271E : 00111010;
    271F : 01010110;
    2720 : 01111110;
    2721 : 10011110;
    2722 : 10001010;
    2723 : 11100000;
    2724 : 11111100;
    2725 : 11111001;
    2726 : 11111011;
    2727 : 11111110;
    2728 : 11111110;
    2729 : 11111111;
    272A : 11111111;
    272B : 11111111;
    272C : 11111111;
    272D : 11111111;
    272E : 11111110;
    272F : 11111110;
    2730 : 11111111;
    2731 : 11111111;
    2732 : 11111111;
    2733 : 11111111;
    2734 : 11111111;
    2735 : 11111111;
    2736 : 11111111;
    2737 : 11111111;
    2738 : 11111111;
    2739 : 11111111;
    273A : 11111111;
    273B : 11111111;
    273C : 11111111;
    273D : 11111111;
    273E : 11111111;
    273F : 11111111;
    2740 : 11111111;
    2741 : 11111111;
    2742 : 11111111;
    2743 : 11111111;
    2744 : 11111111;
    2745 : 11111111;
    2746 : 11111111;
    2747 : 11111111;
    2748 : 11111111;
    2749 : 11111111;
    274A : 11111111;
    274B : 11111111;
    274C : 11111111;
    274D : 11111111;
    274E : 11111111;
    274F : 11111111;
    2750 : 11111111;
    2751 : 11111111;
    2752 : 11111111;
    2753 : 11111111;
    2754 : 11111111;
    2755 : 11111111;
    2756 : 11111111;
    2757 : 11111111;
    2758 : 11111111;
    2759 : 11111111;
    275A : 11111111;
    275B : 11111111;
    275C : 11111111;
    275D : 11111111;
    275E : 11111111;
    275F : 11111111;
    2760 : 11111111;
    2761 : 11111111;
    2762 : 11111111;
    2763 : 11111111;
    2764 : 11111111;
    2765 : 11111111;
    2766 : 11111111;
    2767 : 11111111;
    2768 : 11111111;
    2769 : 11111111;
    276A : 11111111;
    276B : 11111111;
    276C : 11111111;
    276D : 11111111;
    276E : 11111111;
    276F : 11111111;
    2770 : 11111111;
    2771 : 11111111;
    2772 : 11111111;
    2773 : 11111111;
    2774 : 11111111;
    2775 : 11111111;
    2776 : 11111111;
    2777 : 11111111;
    2778 : 11111111;
    2779 : 11111111;
    277A : 11111111;
    277B : 11111111;
    277C : 11111111;
    277D : 11111111;
    277E : 11111111;
    277F : 11111111;
    2780 : 11111111;
    2781 : 11111111;
    2782 : 11111111;
    2783 : 11111111;
    2784 : 11111111;
    2785 : 11111111;
    2786 : 11111111;
    2787 : 11111111;
    2788 : 11111111;
    2789 : 11111111;
    278A : 11111111;
    278B : 11111111;
    278C : 11111111;
    278D : 11111111;
    278E : 11111111;
    278F : 11111110;
    2790 : 11111110;
    2791 : 11111110;
    2792 : 11111110;
    2793 : 11111110;
    2794 : 11111111;
    2795 : 11111110;
    2796 : 11111100;
    2797 : 11111011;
    2798 : 11111101;
    2799 : 11111100;
    279A : 11001011;
    279B : 10011110;
    279C : 10111001;
    279D : 10010001;
    279E : 00111100;
    279F : 00110100;
    27A0 : 00111001;
    27A1 : 00111110;
    27A2 : 00110111;
    27A3 : 00111101;
    27A4 : 00110111;
    27A5 : 00110111;
    27A6 : 00110101;
    27A7 : 00110001;
    27A8 : 00110101;
    27A9 : 01001001;
    27AA : 01010101;
    27AB : 01111010;
    27AC : 01100011;
    27AD : 01110100;
    27AE : 01010010;
    27AF : 01010010;
    27B0 : 01101101;
    27B1 : 01100111;
    27B2 : 01011110;
    27B3 : 01001000;
    27B4 : 00111101;
    27B5 : 01000011;
    27B6 : 00110110;
    27B7 : 00111001;
    27B8 : 00111001;
    27B9 : 00110110;
    27BA : 00111011;
    27BB : 00111101;
    27BC : 00111011;
    27BD : 00110001;
    27BE : 01001110;
    27BF : 01101110;
    27C0 : 10100000;
    27C1 : 10110110;
    27C2 : 10000111;
    27C3 : 11011011;
    27C4 : 11111100;
    27C5 : 11111100;
    27C6 : 11111100;
    27C7 : 11111110;
    27C8 : 11111111;
    27C9 : 11111111;
    27CA : 11111111;
    27CB : 11111111;
    27CC : 11111111;
    27CD : 11111111;
    27CE : 11111110;
    27CF : 11111110;
    27D0 : 11111111;
    27D1 : 11111111;
    27D2 : 11111111;
    27D3 : 11111111;
    27D4 : 11111111;
    27D5 : 11111111;
    27D6 : 11111111;
    27D7 : 11111111;
    27D8 : 11111111;
    27D9 : 11111111;
    27DA : 11111111;
    27DB : 11111111;
    27DC : 11111111;
    27DD : 11111111;
    27DE : 11111111;
    27DF : 11111111;
    27E0 : 11111111;
    27E1 : 11111111;
    27E2 : 11111111;
    27E3 : 11111111;
    27E4 : 11111111;
    27E5 : 11111111;
    27E6 : 11111111;
    27E7 : 11111111;
    27E8 : 11111111;
    27E9 : 11111111;
    27EA : 11111111;
    27EB : 11111111;
    27EC : 11111111;
    27ED : 11111111;
    27EE : 11111111;
    27EF : 11111111;
    27F0 : 11111111;
    27F1 : 11111111;
    27F2 : 11111111;
    27F3 : 11111111;
    27F4 : 11111111;
    27F5 : 11111111;
    27F6 : 11111111;
    27F7 : 11111111;
    27F8 : 11111111;
    27F9 : 11111111;
    27FA : 11111111;
    27FB : 11111111;
    27FC : 11111111;
    27FD : 11111111;
    27FE : 11111111;
    27FF : 11111111;
    2800 : 11111111;
    2801 : 11111111;
    2802 : 11111111;
    2803 : 11111111;
    2804 : 11111111;
    2805 : 11111111;
    2806 : 11111111;
    2807 : 11111111;
    2808 : 11111111;
    2809 : 11111111;
    280A : 11111111;
    280B : 11111111;
    280C : 11111111;
    280D : 11111111;
    280E : 11111111;
    280F : 11111111;
    2810 : 11111111;
    2811 : 11111111;
    2812 : 11111111;
    2813 : 11111111;
    2814 : 11111111;
    2815 : 11111111;
    2816 : 11111111;
    2817 : 11111111;
    2818 : 11111111;
    2819 : 11111111;
    281A : 11111111;
    281B : 11111111;
    281C : 11111111;
    281D : 11111111;
    281E : 11111111;
    281F : 11111111;
    2820 : 11111111;
    2821 : 11111111;
    2822 : 11111111;
    2823 : 11111111;
    2824 : 11111111;
    2825 : 11111111;
    2826 : 11111111;
    2827 : 11111111;
    2828 : 11111111;
    2829 : 11111111;
    282A : 11111111;
    282B : 11111111;
    282C : 11111111;
    282D : 11111111;
    282E : 11111111;
    282F : 11111111;
    2830 : 11111111;
    2831 : 11111110;
    2832 : 11111110;
    2833 : 11111111;
    2834 : 11111111;
    2835 : 11111110;
    2836 : 11111101;
    2837 : 11111101;
    2838 : 11111011;
    2839 : 11111101;
    283A : 11000100;
    283B : 10001010;
    283C : 10101111;
    283D : 10110110;
    283E : 10010101;
    283F : 00110111;
    2840 : 00110010;
    2841 : 01000010;
    2842 : 00111001;
    2843 : 00111001;
    2844 : 00111100;
    2845 : 00111000;
    2846 : 00110100;
    2847 : 00101111;
    2848 : 01001000;
    2849 : 01101111;
    284A : 01110011;
    284B : 01100110;
    284C : 00100110;
    284D : 01001111;
    284E : 00111100;
    284F : 01011001;
    2850 : 01000110;
    2851 : 01001000;
    2852 : 01110110;
    2853 : 01110010;
    2854 : 00111011;
    2855 : 00110101;
    2856 : 00111110;
    2857 : 00110010;
    2858 : 00111100;
    2859 : 00111111;
    285A : 00111010;
    285B : 00111000;
    285C : 00110111;
    285D : 01000110;
    285E : 01110000;
    285F : 10010010;
    2860 : 10111010;
    2861 : 10110011;
    2862 : 01111011;
    2863 : 11011010;
    2864 : 11111111;
    2865 : 11111011;
    2866 : 11111101;
    2867 : 11111100;
    2868 : 11111110;
    2869 : 11111110;
    286A : 11111111;
    286B : 11111111;
    286C : 11111111;
    286D : 11111111;
    286E : 11111110;
    286F : 11111110;
    2870 : 11111111;
    2871 : 11111111;
    2872 : 11111111;
    2873 : 11111111;
    2874 : 11111111;
    2875 : 11111111;
    2876 : 11111111;
    2877 : 11111111;
    2878 : 11111111;
    2879 : 11111111;
    287A : 11111111;
    287B : 11111111;
    287C : 11111111;
    287D : 11111111;
    287E : 11111111;
    287F : 11111111;
    2880 : 11111111;
    2881 : 11111111;
    2882 : 11111111;
    2883 : 11111111;
    2884 : 11111111;
    2885 : 11111111;
    2886 : 11111111;
    2887 : 11111111;
    2888 : 11111111;
    2889 : 11111111;
    288A : 11111111;
    288B : 11111111;
    288C : 11111111;
    288D : 11111111;
    288E : 11111111;
    288F : 11111111;
    2890 : 11111111;
    2891 : 11111111;
    2892 : 11111111;
    2893 : 11111111;
    2894 : 11111111;
    2895 : 11111111;
    2896 : 11111111;
    2897 : 11111111;
    2898 : 11111111;
    2899 : 11111111;
    289A : 11111111;
    289B : 11111111;
    289C : 11111111;
    289D : 11111111;
    289E : 11111111;
    289F : 11111111;
    28A0 : 11111111;
    28A1 : 11111111;
    28A2 : 11111111;
    28A3 : 11111111;
    28A4 : 11111111;
    28A5 : 11111111;
    28A6 : 11111111;
    28A7 : 11111111;
    28A8 : 11111111;
    28A9 : 11111111;
    28AA : 11111111;
    28AB : 11111111;
    28AC : 11111111;
    28AD : 11111111;
    28AE : 11111111;
    28AF : 11111111;
    28B0 : 11111111;
    28B1 : 11111111;
    28B2 : 11111111;
    28B3 : 11111111;
    28B4 : 11111111;
    28B5 : 11111111;
    28B6 : 11111111;
    28B7 : 11111111;
    28B8 : 11111111;
    28B9 : 11111111;
    28BA : 11111111;
    28BB : 11111111;
    28BC : 11111111;
    28BD : 11111111;
    28BE : 11111111;
    28BF : 11111111;
    28C0 : 11111111;
    28C1 : 11111111;
    28C2 : 11111111;
    28C3 : 11111111;
    28C4 : 11111111;
    28C5 : 11111111;
    28C6 : 11111111;
    28C7 : 11111111;
    28C8 : 11111111;
    28C9 : 11111111;
    28CA : 11111111;
    28CB : 11111111;
    28CC : 11111111;
    28CD : 11111111;
    28CE : 11111111;
    28CF : 11111111;
    28D0 : 11111111;
    28D1 : 11111111;
    28D2 : 11111111;
    28D3 : 11111111;
    28D4 : 11111110;
    28D5 : 11111110;
    28D6 : 11111101;
    28D7 : 11111101;
    28D8 : 11111101;
    28D9 : 11111101;
    28DA : 11010011;
    28DB : 10011101;
    28DC : 10110101;
    28DD : 10110100;
    28DE : 10101110;
    28DF : 10000010;
    28E0 : 00110110;
    28E1 : 00101101;
    28E2 : 00111111;
    28E3 : 00111110;
    28E4 : 00111001;
    28E5 : 00111100;
    28E6 : 00110011;
    28E7 : 01000011;
    28E8 : 01101110;
    28E9 : 01011001;
    28EA : 00110101;
    28EB : 01001011;
    28EC : 01000000;
    28ED : 01010110;
    28EE : 00111101;
    28EF : 01101011;
    28F0 : 01001000;
    28F1 : 01101001;
    28F2 : 00111010;
    28F3 : 01100000;
    28F4 : 01101100;
    28F5 : 00111111;
    28F6 : 00110100;
    28F7 : 00111110;
    28F8 : 00111010;
    28F9 : 00110110;
    28FA : 00111100;
    28FB : 00110111;
    28FC : 01001011;
    28FD : 01101011;
    28FE : 10001011;
    28FF : 10110101;
    2900 : 10111101;
    2901 : 10110100;
    2902 : 01111001;
    2903 : 11011000;
    2904 : 11111100;
    2905 : 11110111;
    2906 : 11111100;
    2907 : 11111110;
    2908 : 11111110;
    2909 : 11111110;
    290A : 11111111;
    290B : 11111111;
    290C : 11111111;
    290D : 11111111;
    290E : 11111110;
    290F : 11111110;
    2910 : 11111111;
    2911 : 11111111;
    2912 : 11111111;
    2913 : 11111111;
    2914 : 11111111;
    2915 : 11111111;
    2916 : 11111111;
    2917 : 11111111;
    2918 : 11111111;
    2919 : 11111111;
    291A : 11111111;
    291B : 11111111;
    291C : 11111111;
    291D : 11111111;
    291E : 11111111;
    291F : 11111111;
    2920 : 11111111;
    2921 : 11111111;
    2922 : 11111111;
    2923 : 11111111;
    2924 : 11111111;
    2925 : 11111111;
    2926 : 11111111;
    2927 : 11111111;
    2928 : 11111111;
    2929 : 11111111;
    292A : 11111111;
    292B : 11111111;
    292C : 11111111;
    292D : 11111111;
    292E : 11111111;
    292F : 11111111;
    2930 : 11111111;
    2931 : 11111111;
    2932 : 11111111;
    2933 : 11111111;
    2934 : 11111111;
    2935 : 11111111;
    2936 : 11111111;
    2937 : 11111111;
    2938 : 11111111;
    2939 : 11111111;
    293A : 11111111;
    293B : 11111111;
    293C : 11111111;
    293D : 11111111;
    293E : 11111111;
    293F : 11111111;
    2940 : 11111111;
    2941 : 11111111;
    2942 : 11111111;
    2943 : 11111111;
    2944 : 11111111;
    2945 : 11111111;
    2946 : 11111111;
    2947 : 11111111;
    2948 : 11111111;
    2949 : 11111111;
    294A : 11111111;
    294B : 11111111;
    294C : 11111111;
    294D : 11111111;
    294E : 11111111;
    294F : 11111111;
    2950 : 11111111;
    2951 : 11111111;
    2952 : 11111111;
    2953 : 11111111;
    2954 : 11111111;
    2955 : 11111111;
    2956 : 11111111;
    2957 : 11111111;
    2958 : 11111111;
    2959 : 11111111;
    295A : 11111111;
    295B : 11111111;
    295C : 11111111;
    295D : 11111111;
    295E : 11111111;
    295F : 11111111;
    2960 : 11111111;
    2961 : 11111111;
    2962 : 11111111;
    2963 : 11111111;
    2964 : 11111111;
    2965 : 11111111;
    2966 : 11111111;
    2967 : 11111111;
    2968 : 11111111;
    2969 : 11111111;
    296A : 11111111;
    296B : 11111111;
    296C : 11111111;
    296D : 11111111;
    296E : 11111111;
    296F : 11111111;
    2970 : 11111111;
    2971 : 11111111;
    2972 : 11111111;
    2973 : 11111111;
    2974 : 11111111;
    2975 : 11111110;
    2976 : 11111110;
    2977 : 11111101;
    2978 : 11111101;
    2979 : 11111101;
    297A : 11011101;
    297B : 10100111;
    297C : 10110101;
    297D : 10110000;
    297E : 10111100;
    297F : 10111000;
    2980 : 01111011;
    2981 : 00110111;
    2982 : 00111011;
    2983 : 00110110;
    2984 : 00110111;
    2985 : 00110111;
    2986 : 01000101;
    2987 : 01110000;
    2988 : 01100000;
    2989 : 01011000;
    298A : 00111001;
    298B : 01010110;
    298C : 01001011;
    298D : 01100111;
    298E : 01010011;
    298F : 01101111;
    2990 : 01101101;
    2991 : 10000000;
    2992 : 01010011;
    2993 : 01101010;
    2994 : 01101001;
    2995 : 01010111;
    2996 : 00110110;
    2997 : 00110111;
    2998 : 00111100;
    2999 : 01000100;
    299A : 00111001;
    299B : 01000011;
    299C : 01101101;
    299D : 10001100;
    299E : 10110010;
    299F : 10111100;
    29A0 : 11000001;
    29A1 : 10110101;
    29A2 : 01111001;
    29A3 : 11011001;
    29A4 : 11111010;
    29A5 : 11110110;
    29A6 : 11111100;
    29A7 : 11111111;
    29A8 : 11111110;
    29A9 : 11111110;
    29AA : 11111111;
    29AB : 11111111;
    29AC : 11111111;
    29AD : 11111111;
    29AE : 11111110;
    29AF : 11111110;
    29B0 : 11111111;
    29B1 : 11111111;
    29B2 : 11111111;
    29B3 : 11111111;
    29B4 : 11111111;
    29B5 : 11111111;
    29B6 : 11111111;
    29B7 : 11111111;
    29B8 : 11111111;
    29B9 : 11111111;
    29BA : 11111111;
    29BB : 11111111;
    29BC : 11111111;
    29BD : 11111111;
    29BE : 11111111;
    29BF : 11111111;
    29C0 : 11111111;
    29C1 : 11111111;
    29C2 : 11111111;
    29C3 : 11111111;
    29C4 : 11111111;
    29C5 : 11111111;
    29C6 : 11111111;
    29C7 : 11111111;
    29C8 : 11111111;
    29C9 : 11111111;
    29CA : 11111111;
    29CB : 11111111;
    29CC : 11111111;
    29CD : 11111111;
    29CE : 11111111;
    29CF : 11111111;
    29D0 : 11111111;
    29D1 : 11111111;
    29D2 : 11111111;
    29D3 : 11111111;
    29D4 : 11111111;
    29D5 : 11111111;
    29D6 : 11111111;
    29D7 : 11111111;
    29D8 : 11111111;
    29D9 : 11111111;
    29DA : 11111111;
    29DB : 11111111;
    29DC : 11111111;
    29DD : 11111111;
    29DE : 11111111;
    29DF : 11111111;
    29E0 : 11111111;
    29E1 : 11111111;
    29E2 : 11111111;
    29E3 : 11111111;
    29E4 : 11111111;
    29E5 : 11111111;
    29E6 : 11111111;
    29E7 : 11111111;
    29E8 : 11111111;
    29E9 : 11111111;
    29EA : 11111111;
    29EB : 11111111;
    29EC : 11111111;
    29ED : 11111111;
    29EE : 11111111;
    29EF : 11111111;
    29F0 : 11111111;
    29F1 : 11111111;
    29F2 : 11111111;
    29F3 : 11111111;
    29F4 : 11111111;
    29F5 : 11111111;
    29F6 : 11111111;
    29F7 : 11111111;
    29F8 : 11111111;
    29F9 : 11111111;
    29FA : 11111111;
    29FB : 11111111;
    29FC : 11111111;
    29FD : 11111111;
    29FE : 11111111;
    29FF : 11111111;
    2A00 : 11111111;
    2A01 : 11111111;
    2A02 : 11111111;
    2A03 : 11111111;
    2A04 : 11111111;
    2A05 : 11111111;
    2A06 : 11111111;
    2A07 : 11111111;
    2A08 : 11111111;
    2A09 : 11111111;
    2A0A : 11111111;
    2A0B : 11111111;
    2A0C : 11111111;
    2A0D : 11111111;
    2A0E : 11111111;
    2A0F : 11111111;
    2A10 : 11111111;
    2A11 : 11111110;
    2A12 : 11111111;
    2A13 : 11111111;
    2A14 : 11111111;
    2A15 : 11111110;
    2A16 : 11111110;
    2A17 : 11111110;
    2A18 : 11111100;
    2A19 : 11111100;
    2A1A : 11011110;
    2A1B : 10100101;
    2A1C : 10111000;
    2A1D : 10111001;
    2A1E : 10111101;
    2A1F : 10111011;
    2A20 : 10111001;
    2A21 : 01101100;
    2A22 : 00110000;
    2A23 : 00111100;
    2A24 : 01000101;
    2A25 : 00111010;
    2A26 : 00111111;
    2A27 : 01111110;
    2A28 : 00111101;
    2A29 : 00111001;
    2A2A : 00110111;
    2A2B : 01010001;
    2A2C : 01011111;
    2A2D : 01110110;
    2A2E : 01110011;
    2A2F : 10000110;
    2A30 : 01111110;
    2A31 : 10001110;
    2A32 : 10001101;
    2A33 : 01100010;
    2A34 : 01010000;
    2A35 : 01100011;
    2A36 : 00110011;
    2A37 : 00111111;
    2A38 : 01000001;
    2A39 : 00111001;
    2A3A : 01001000;
    2A3B : 01100010;
    2A3C : 10010100;
    2A3D : 10110001;
    2A3E : 10111100;
    2A3F : 10111111;
    2A40 : 11000011;
    2A41 : 10110100;
    2A42 : 01111000;
    2A43 : 11011101;
    2A44 : 11111110;
    2A45 : 11111010;
    2A46 : 11111101;
    2A47 : 11111111;
    2A48 : 11111110;
    2A49 : 11111110;
    2A4A : 11111111;
    2A4B : 11111111;
    2A4C : 11111111;
    2A4D : 11111111;
    2A4E : 11111110;
    2A4F : 11111110;
    2A50 : 11111111;
    2A51 : 11111111;
    2A52 : 11111111;
    2A53 : 11111111;
    2A54 : 11111111;
    2A55 : 11111111;
    2A56 : 11111111;
    2A57 : 11111111;
    2A58 : 11111111;
    2A59 : 11111111;
    2A5A : 11111111;
    2A5B : 11111111;
    2A5C : 11111111;
    2A5D : 11111111;
    2A5E : 11111111;
    2A5F : 11111111;
    2A60 : 11111111;
    2A61 : 11111111;
    2A62 : 11111111;
    2A63 : 11111111;
    2A64 : 11111111;
    2A65 : 11111111;
    2A66 : 11111111;
    2A67 : 11111111;
    2A68 : 11111111;
    2A69 : 11111111;
    2A6A : 11111111;
    2A6B : 11111111;
    2A6C : 11111111;
    2A6D : 11111111;
    2A6E : 11111111;
    2A6F : 11111111;
    2A70 : 11111111;
    2A71 : 11111111;
    2A72 : 11111111;
    2A73 : 11111111;
    2A74 : 11111111;
    2A75 : 11111111;
    2A76 : 11111111;
    2A77 : 11111111;
    2A78 : 11111111;
    2A79 : 11111111;
    2A7A : 11111111;
    2A7B : 11111111;
    2A7C : 11111111;
    2A7D : 11111111;
    2A7E : 11111111;
    2A7F : 11111111;
    2A80 : 11111111;
    2A81 : 11111111;
    2A82 : 11111111;
    2A83 : 11111111;
    2A84 : 11111111;
    2A85 : 11111111;
    2A86 : 11111111;
    2A87 : 11111111;
    2A88 : 11111111;
    2A89 : 11111111;
    2A8A : 11111111;
    2A8B : 11111111;
    2A8C : 11111111;
    2A8D : 11111111;
    2A8E : 11111111;
    2A8F : 11111111;
    2A90 : 11111111;
    2A91 : 11111111;
    2A92 : 11111111;
    2A93 : 11111111;
    2A94 : 11111111;
    2A95 : 11111111;
    2A96 : 11111111;
    2A97 : 11111111;
    2A98 : 11111111;
    2A99 : 11111111;
    2A9A : 11111111;
    2A9B : 11111111;
    2A9C : 11111111;
    2A9D : 11111111;
    2A9E : 11111111;
    2A9F : 11111111;
    2AA0 : 11111111;
    2AA1 : 11111111;
    2AA2 : 11111111;
    2AA3 : 11111111;
    2AA4 : 11111111;
    2AA5 : 11111111;
    2AA6 : 11111111;
    2AA7 : 11111111;
    2AA8 : 11111111;
    2AA9 : 11111111;
    2AAA : 11111111;
    2AAB : 11111111;
    2AAC : 11111111;
    2AAD : 11111111;
    2AAE : 11111111;
    2AAF : 11111111;
    2AB0 : 11111111;
    2AB1 : 11111111;
    2AB2 : 11111111;
    2AB3 : 11111111;
    2AB4 : 11111111;
    2AB5 : 11111111;
    2AB6 : 11111110;
    2AB7 : 11111110;
    2AB8 : 11111101;
    2AB9 : 11111110;
    2ABA : 11011110;
    2ABB : 10100011;
    2ABC : 11000000;
    2ABD : 11000110;
    2ABE : 11000010;
    2ABF : 10111010;
    2AC0 : 11000000;
    2AC1 : 10110101;
    2AC2 : 01110100;
    2AC3 : 00110110;
    2AC4 : 00111010;
    2AC5 : 00110111;
    2AC6 : 01010110;
    2AC7 : 01111000;
    2AC8 : 01011011;
    2AC9 : 01000101;
    2ACA : 01001110;
    2ACB : 01001110;
    2ACC : 01110111;
    2ACD : 01111110;
    2ACE : 10010010;
    2ACF : 10100100;
    2AD0 : 10010000;
    2AD1 : 10001111;
    2AD2 : 10011001;
    2AD3 : 01101011;
    2AD4 : 01101100;
    2AD5 : 01011100;
    2AD6 : 00111011;
    2AD7 : 00111111;
    2AD8 : 01000010;
    2AD9 : 00111101;
    2ADA : 01100101;
    2ADB : 10010101;
    2ADC : 10110100;
    2ADD : 10111000;
    2ADE : 10111011;
    2ADF : 11000000;
    2AE0 : 11000100;
    2AE1 : 10110001;
    2AE2 : 01110100;
    2AE3 : 11011111;
    2AE4 : 11111111;
    2AE5 : 11111101;
    2AE6 : 11111101;
    2AE7 : 11111101;
    2AE8 : 11111110;
    2AE9 : 11111110;
    2AEA : 11111111;
    2AEB : 11111111;
    2AEC : 11111111;
    2AED : 11111111;
    2AEE : 11111110;
    2AEF : 11111110;
    2AF0 : 11111111;
    2AF1 : 11111111;
    2AF2 : 11111111;
    2AF3 : 11111111;
    2AF4 : 11111111;
    2AF5 : 11111111;
    2AF6 : 11111111;
    2AF7 : 11111111;
    2AF8 : 11111111;
    2AF9 : 11111111;
    2AFA : 11111111;
    2AFB : 11111111;
    2AFC : 11111111;
    2AFD : 11111111;
    2AFE : 11111111;
    2AFF : 11111111;
    2B00 : 11111111;
    2B01 : 11111111;
    2B02 : 11111111;
    2B03 : 11111111;
    2B04 : 11111111;
    2B05 : 11111111;
    2B06 : 11111111;
    2B07 : 11111111;
    2B08 : 11111111;
    2B09 : 11111111;
    2B0A : 11111111;
    2B0B : 11111111;
    2B0C : 11111111;
    2B0D : 11111111;
    2B0E : 11111111;
    2B0F : 11111111;
    2B10 : 11111111;
    2B11 : 11111111;
    2B12 : 11111111;
    2B13 : 11111111;
    2B14 : 11111111;
    2B15 : 11111111;
    2B16 : 11111111;
    2B17 : 11111111;
    2B18 : 11111111;
    2B19 : 11111111;
    2B1A : 11111111;
    2B1B : 11111111;
    2B1C : 11111111;
    2B1D : 11111111;
    2B1E : 11111111;
    2B1F : 11111111;
    2B20 : 11111111;
    2B21 : 11111111;
    2B22 : 11111111;
    2B23 : 11111111;
    2B24 : 11111111;
    2B25 : 11111111;
    2B26 : 11111111;
    2B27 : 11111111;
    2B28 : 11111111;
    2B29 : 11111111;
    2B2A : 11111111;
    2B2B : 11111111;
    2B2C : 11111111;
    2B2D : 11111111;
    2B2E : 11111111;
    2B2F : 11111111;
    2B30 : 11111111;
    2B31 : 11111111;
    2B32 : 11111111;
    2B33 : 11111111;
    2B34 : 11111111;
    2B35 : 11111111;
    2B36 : 11111111;
    2B37 : 11111111;
    2B38 : 11111111;
    2B39 : 11111111;
    2B3A : 11111111;
    2B3B : 11111111;
    2B3C : 11111111;
    2B3D : 11111111;
    2B3E : 11111111;
    2B3F : 11111111;
    2B40 : 11111111;
    2B41 : 11111111;
    2B42 : 11111111;
    2B43 : 11111111;
    2B44 : 11111111;
    2B45 : 11111111;
    2B46 : 11111111;
    2B47 : 11111111;
    2B48 : 11111111;
    2B49 : 11111111;
    2B4A : 11111111;
    2B4B : 11111111;
    2B4C : 11111111;
    2B4D : 11111111;
    2B4E : 11111111;
    2B4F : 11111111;
    2B50 : 11111111;
    2B51 : 11111111;
    2B52 : 11111111;
    2B53 : 11111111;
    2B54 : 11111111;
    2B55 : 11111111;
    2B56 : 11111110;
    2B57 : 11111110;
    2B58 : 11111101;
    2B59 : 11111110;
    2B5A : 11011101;
    2B5B : 10100010;
    2B5C : 11000010;
    2B5D : 11000101;
    2B5E : 11000011;
    2B5F : 11000010;
    2B60 : 10111110;
    2B61 : 11001000;
    2B62 : 10111011;
    2B63 : 01100111;
    2B64 : 00111110;
    2B65 : 01000010;
    2B66 : 01101111;
    2B67 : 01100000;
    2B68 : 01000011;
    2B69 : 01000010;
    2B6A : 01011000;
    2B6B : 01100100;
    2B6C : 01110101;
    2B6D : 10010011;
    2B6E : 10110001;
    2B6F : 10101011;
    2B70 : 10101011;
    2B71 : 10101110;
    2B72 : 10001110;
    2B73 : 10000001;
    2B74 : 01100000;
    2B75 : 01111101;
    2B76 : 01011100;
    2B77 : 00110101;
    2B78 : 00111111;
    2B79 : 01100011;
    2B7A : 10001101;
    2B7B : 10110111;
    2B7C : 10111010;
    2B7D : 10110100;
    2B7E : 11000001;
    2B7F : 10111101;
    2B80 : 11000110;
    2B81 : 10101110;
    2B82 : 01101111;
    2B83 : 11011101;
    2B84 : 11111100;
    2B85 : 11111100;
    2B86 : 11111100;
    2B87 : 11111100;
    2B88 : 11111110;
    2B89 : 11111110;
    2B8A : 11111111;
    2B8B : 11111111;
    2B8C : 11111111;
    2B8D : 11111111;
    2B8E : 11111110;
    2B8F : 11111110;
    2B90 : 11111111;
    2B91 : 11111111;
    2B92 : 11111111;
    2B93 : 11111111;
    2B94 : 11111111;
    2B95 : 11111111;
    2B96 : 11111111;
    2B97 : 11111111;
    2B98 : 11111111;
    2B99 : 11111111;
    2B9A : 11111111;
    2B9B : 11111111;
    2B9C : 11111111;
    2B9D : 11111111;
    2B9E : 11111111;
    2B9F : 11111111;
    2BA0 : 11111111;
    2BA1 : 11111111;
    2BA2 : 11111111;
    2BA3 : 11111111;
    2BA4 : 11111111;
    2BA5 : 11111111;
    2BA6 : 11111111;
    2BA7 : 11111111;
    2BA8 : 11111111;
    2BA9 : 11111111;
    2BAA : 11111111;
    2BAB : 11111111;
    2BAC : 11111111;
    2BAD : 11111111;
    2BAE : 11111111;
    2BAF : 11111111;
    2BB0 : 11111111;
    2BB1 : 11111111;
    2BB2 : 11111111;
    2BB3 : 11111111;
    2BB4 : 11111111;
    2BB5 : 11111111;
    2BB6 : 11111111;
    2BB7 : 11111111;
    2BB8 : 11111111;
    2BB9 : 11111111;
    2BBA : 11111111;
    2BBB : 11111111;
    2BBC : 11111111;
    2BBD : 11111111;
    2BBE : 11111111;
    2BBF : 11111111;
    2BC0 : 11111111;
    2BC1 : 11111111;
    2BC2 : 11111111;
    2BC3 : 11111111;
    2BC4 : 11111111;
    2BC5 : 11111111;
    2BC6 : 11111111;
    2BC7 : 11111111;
    2BC8 : 11111111;
    2BC9 : 11111111;
    2BCA : 11111111;
    2BCB : 11111111;
    2BCC : 11111111;
    2BCD : 11111111;
    2BCE : 11111111;
    2BCF : 11111111;
    2BD0 : 11111111;
    2BD1 : 11111111;
    2BD2 : 11111111;
    2BD3 : 11111111;
    2BD4 : 11111111;
    2BD5 : 11111111;
    2BD6 : 11111111;
    2BD7 : 11111111;
    2BD8 : 11111111;
    2BD9 : 11111111;
    2BDA : 11111111;
    2BDB : 11111111;
    2BDC : 11111111;
    2BDD : 11111111;
    2BDE : 11111111;
    2BDF : 11111111;
    2BE0 : 11111111;
    2BE1 : 11111111;
    2BE2 : 11111111;
    2BE3 : 11111111;
    2BE4 : 11111111;
    2BE5 : 11111111;
    2BE6 : 11111111;
    2BE7 : 11111111;
    2BE8 : 11111111;
    2BE9 : 11111111;
    2BEA : 11111111;
    2BEB : 11111111;
    2BEC : 11111111;
    2BED : 11111111;
    2BEE : 11111111;
    2BEF : 11111111;
    2BF0 : 11111111;
    2BF1 : 11111111;
    2BF2 : 11111111;
    2BF3 : 11111111;
    2BF4 : 11111111;
    2BF5 : 11111111;
    2BF6 : 11111111;
    2BF7 : 11111110;
    2BF8 : 11111011;
    2BF9 : 11111110;
    2BFA : 11011001;
    2BFB : 10100000;
    2BFC : 11000000;
    2BFD : 11000000;
    2BFE : 11000011;
    2BFF : 11000110;
    2C00 : 11000100;
    2C01 : 11000001;
    2C02 : 11000111;
    2C03 : 10111000;
    2C04 : 01011001;
    2C05 : 00110101;
    2C06 : 01010011;
    2C07 : 01100111;
    2C08 : 01011111;
    2C09 : 01101011;
    2C0A : 01010001;
    2C0B : 01100001;
    2C0C : 01111100;
    2C0D : 10111001;
    2C0E : 11011010;
    2C0F : 11001001;
    2C10 : 10101110;
    2C11 : 10100011;
    2C12 : 10011100;
    2C13 : 10010101;
    2C14 : 10000001;
    2C15 : 01011111;
    2C16 : 01001001;
    2C17 : 00111111;
    2C18 : 01010111;
    2C19 : 10000111;
    2C1A : 10110011;
    2C1B : 10110111;
    2C1C : 10110010;
    2C1D : 11000110;
    2C1E : 11000000;
    2C1F : 11000101;
    2C20 : 11000111;
    2C21 : 10101110;
    2C22 : 01101110;
    2C23 : 11011111;
    2C24 : 11111100;
    2C25 : 11111100;
    2C26 : 11111100;
    2C27 : 11111101;
    2C28 : 11111110;
    2C29 : 11111110;
    2C2A : 11111111;
    2C2B : 11111111;
    2C2C : 11111111;
    2C2D : 11111111;
    2C2E : 11111110;
    2C2F : 11111111;
    2C30 : 11111111;
    2C31 : 11111111;
    2C32 : 11111111;
    2C33 : 11111111;
    2C34 : 11111111;
    2C35 : 11111111;
    2C36 : 11111111;
    2C37 : 11111111;
    2C38 : 11111111;
    2C39 : 11111111;
    2C3A : 11111111;
    2C3B : 11111111;
    2C3C : 11111111;
    2C3D : 11111111;
    2C3E : 11111111;
    2C3F : 11111111;
    2C40 : 11111111;
    2C41 : 11111111;
    2C42 : 11111111;
    2C43 : 11111111;
    2C44 : 11111111;
    2C45 : 11111111;
    2C46 : 11111111;
    2C47 : 11111111;
    2C48 : 11111111;
    2C49 : 11111111;
    2C4A : 11111111;
    2C4B : 11111111;
    2C4C : 11111111;
    2C4D : 11111111;
    2C4E : 11111111;
    2C4F : 11111111;
    2C50 : 11111111;
    2C51 : 11111111;
    2C52 : 11111111;
    2C53 : 11111111;
    2C54 : 11111111;
    2C55 : 11111111;
    2C56 : 11111111;
    2C57 : 11111111;
    2C58 : 11111111;
    2C59 : 11111111;
    2C5A : 11111111;
    2C5B : 11111111;
    2C5C : 11111111;
    2C5D : 11111111;
    2C5E : 11111111;
    2C5F : 11111111;
    2C60 : 11111111;
    2C61 : 11111111;
    2C62 : 11111111;
    2C63 : 11111111;
    2C64 : 11111111;
    2C65 : 11111111;
    2C66 : 11111111;
    2C67 : 11111111;
    2C68 : 11111111;
    2C69 : 11111111;
    2C6A : 11111111;
    2C6B : 11111111;
    2C6C : 11111111;
    2C6D : 11111111;
    2C6E : 11111111;
    2C6F : 11111111;
    2C70 : 11111111;
    2C71 : 11111111;
    2C72 : 11111111;
    2C73 : 11111111;
    2C74 : 11111111;
    2C75 : 11111111;
    2C76 : 11111111;
    2C77 : 11111111;
    2C78 : 11111111;
    2C79 : 11111111;
    2C7A : 11111111;
    2C7B : 11111111;
    2C7C : 11111111;
    2C7D : 11111111;
    2C7E : 11111111;
    2C7F : 11111111;
    2C80 : 11111111;
    2C81 : 11111111;
    2C82 : 11111111;
    2C83 : 11111111;
    2C84 : 11111111;
    2C85 : 11111111;
    2C86 : 11111111;
    2C87 : 11111111;
    2C88 : 11111111;
    2C89 : 11111111;
    2C8A : 11111111;
    2C8B : 11111111;
    2C8C : 11111111;
    2C8D : 11111111;
    2C8E : 11111111;
    2C8F : 11111111;
    2C90 : 11111111;
    2C91 : 11111111;
    2C92 : 11111111;
    2C93 : 11111111;
    2C94 : 11111111;
    2C95 : 11111111;
    2C96 : 11111111;
    2C97 : 11111111;
    2C98 : 11111011;
    2C99 : 11111110;
    2C9A : 11011000;
    2C9B : 10100000;
    2C9C : 11000101;
    2C9D : 11000110;
    2C9E : 11001000;
    2C9F : 11000110;
    2CA0 : 11001000;
    2CA1 : 11000010;
    2CA2 : 10111110;
    2CA3 : 11000011;
    2CA4 : 10110111;
    2CA5 : 01010101;
    2CA6 : 00111110;
    2CA7 : 00110101;
    2CA8 : 01001000;
    2CA9 : 10001001;
    2CAA : 01001110;
    2CAB : 01000000;
    2CAC : 10011001;
    2CAD : 11001010;
    2CAE : 11010001;
    2CAF : 10101100;
    2CB0 : 10110001;
    2CB1 : 10110110;
    2CB2 : 10101011;
    2CB3 : 10011101;
    2CB4 : 01010100;
    2CB5 : 00110010;
    2CB6 : 00111001;
    2CB7 : 01010110;
    2CB8 : 10000011;
    2CB9 : 10110001;
    2CBA : 10110111;
    2CBB : 10111011;
    2CBC : 10111001;
    2CBD : 11000011;
    2CBE : 10111110;
    2CBF : 11000011;
    2CC0 : 11001000;
    2CC1 : 10110000;
    2CC2 : 01110001;
    2CC3 : 11100100;
    2CC4 : 11111110;
    2CC5 : 11111101;
    2CC6 : 11111101;
    2CC7 : 11111110;
    2CC8 : 11111110;
    2CC9 : 11111110;
    2CCA : 11111111;
    2CCB : 11111111;
    2CCC : 11111111;
    2CCD : 11111111;
    2CCE : 11111111;
    2CCF : 11111111;
    2CD0 : 11111111;
    2CD1 : 11111111;
    2CD2 : 11111111;
    2CD3 : 11111111;
    2CD4 : 11111111;
    2CD5 : 11111111;
    2CD6 : 11111111;
    2CD7 : 11111111;
    2CD8 : 11111111;
    2CD9 : 11111111;
    2CDA : 11111111;
    2CDB : 11111111;
    2CDC : 11111111;
    2CDD : 11111111;
    2CDE : 11111111;
    2CDF : 11111111;
    2CE0 : 11111111;
    2CE1 : 11111111;
    2CE2 : 11111111;
    2CE3 : 11111111;
    2CE4 : 11111111;
    2CE5 : 11111111;
    2CE6 : 11111111;
    2CE7 : 11111111;
    2CE8 : 11111111;
    2CE9 : 11111111;
    2CEA : 11111111;
    2CEB : 11111111;
    2CEC : 11111111;
    2CED : 11111111;
    2CEE : 11111111;
    2CEF : 11111111;
    2CF0 : 11111111;
    2CF1 : 11111111;
    2CF2 : 11111111;
    2CF3 : 11111111;
    2CF4 : 11111111;
    2CF5 : 11111111;
    2CF6 : 11111111;
    2CF7 : 11111111;
    2CF8 : 11111111;
    2CF9 : 11111111;
    2CFA : 11111111;
    2CFB : 11111111;
    2CFC : 11111111;
    2CFD : 11111111;
    2CFE : 11111111;
    2CFF : 11111111;
    2D00 : 11111111;
    2D01 : 11111111;
    2D02 : 11111111;
    2D03 : 11111111;
    2D04 : 11111111;
    2D05 : 11111111;
    2D06 : 11111111;
    2D07 : 11111111;
    2D08 : 11111111;
    2D09 : 11111111;
    2D0A : 11111111;
    2D0B : 11111111;
    2D0C : 11111111;
    2D0D : 11111111;
    2D0E : 11111111;
    2D0F : 11111111;
    2D10 : 11111111;
    2D11 : 11111111;
    2D12 : 11111111;
    2D13 : 11111111;
    2D14 : 11111111;
    2D15 : 11111111;
    2D16 : 11111111;
    2D17 : 11111111;
    2D18 : 11111111;
    2D19 : 11111111;
    2D1A : 11111111;
    2D1B : 11111111;
    2D1C : 11111111;
    2D1D : 11111111;
    2D1E : 11111111;
    2D1F : 11111111;
    2D20 : 11111111;
    2D21 : 11111111;
    2D22 : 11111111;
    2D23 : 11111111;
    2D24 : 11111111;
    2D25 : 11111111;
    2D26 : 11111111;
    2D27 : 11111111;
    2D28 : 11111111;
    2D29 : 11111111;
    2D2A : 11111111;
    2D2B : 11111111;
    2D2C : 11111111;
    2D2D : 11111111;
    2D2E : 11111111;
    2D2F : 11111111;
    2D30 : 11111111;
    2D31 : 11111111;
    2D32 : 11111110;
    2D33 : 11111110;
    2D34 : 11111110;
    2D35 : 11111111;
    2D36 : 11111110;
    2D37 : 11111101;
    2D38 : 11111100;
    2D39 : 11111111;
    2D3A : 11011100;
    2D3B : 10010111;
    2D3C : 11000101;
    2D3D : 11000111;
    2D3E : 11001101;
    2D3F : 11000100;
    2D40 : 11001011;
    2D41 : 11001000;
    2D42 : 11000100;
    2D43 : 11000100;
    2D44 : 11010110;
    2D45 : 10110001;
    2D46 : 01011000;
    2D47 : 00110011;
    2D48 : 00111011;
    2D49 : 01100001;
    2D4A : 01111010;
    2D4B : 01010011;
    2D4C : 01110101;
    2D4D : 10101111;
    2D4E : 10101111;
    2D4F : 10101110;
    2D50 : 10110111;
    2D51 : 10100111;
    2D52 : 10100101;
    2D53 : 01101100;
    2D54 : 00101101;
    2D55 : 00111111;
    2D56 : 01001010;
    2D57 : 10000100;
    2D58 : 10110101;
    2D59 : 10111100;
    2D5A : 10110111;
    2D5B : 10111001;
    2D5C : 11000101;
    2D5D : 10111011;
    2D5E : 10111110;
    2D5F : 11000100;
    2D60 : 11001001;
    2D61 : 10101000;
    2D62 : 01111110;
    2D63 : 11100111;
    2D64 : 11111100;
    2D65 : 11111101;
    2D66 : 11111110;
    2D67 : 11111111;
    2D68 : 11111111;
    2D69 : 11111111;
    2D6A : 11111111;
    2D6B : 11111111;
    2D6C : 11111111;
    2D6D : 11111111;
    2D6E : 11111111;
    2D6F : 11111111;
    2D70 : 11111111;
    2D71 : 11111111;
    2D72 : 11111111;
    2D73 : 11111111;
    2D74 : 11111111;
    2D75 : 11111111;
    2D76 : 11111111;
    2D77 : 11111111;
    2D78 : 11111111;
    2D79 : 11111111;
    2D7A : 11111111;
    2D7B : 11111111;
    2D7C : 11111111;
    2D7D : 11111111;
    2D7E : 11111111;
    2D7F : 11111111;
    2D80 : 11111111;
    2D81 : 11111111;
    2D82 : 11111111;
    2D83 : 11111111;
    2D84 : 11111111;
    2D85 : 11111111;
    2D86 : 11111111;
    2D87 : 11111111;
    2D88 : 11111111;
    2D89 : 11111111;
    2D8A : 11111111;
    2D8B : 11111111;
    2D8C : 11111111;
    2D8D : 11111111;
    2D8E : 11111111;
    2D8F : 11111111;
    2D90 : 11111111;
    2D91 : 11111111;
    2D92 : 11111111;
    2D93 : 11111111;
    2D94 : 11111111;
    2D95 : 11111111;
    2D96 : 11111111;
    2D97 : 11111111;
    2D98 : 11111111;
    2D99 : 11111111;
    2D9A : 11111111;
    2D9B : 11111111;
    2D9C : 11111111;
    2D9D : 11111111;
    2D9E : 11111111;
    2D9F : 11111111;
    2DA0 : 11111111;
    2DA1 : 11111111;
    2DA2 : 11111111;
    2DA3 : 11111111;
    2DA4 : 11111111;
    2DA5 : 11111111;
    2DA6 : 11111111;
    2DA7 : 11111111;
    2DA8 : 11111111;
    2DA9 : 11111111;
    2DAA : 11111111;
    2DAB : 11111111;
    2DAC : 11111111;
    2DAD : 11111111;
    2DAE : 11111111;
    2DAF : 11111111;
    2DB0 : 11111111;
    2DB1 : 11111111;
    2DB2 : 11111111;
    2DB3 : 11111111;
    2DB4 : 11111111;
    2DB5 : 11111111;
    2DB6 : 11111111;
    2DB7 : 11111111;
    2DB8 : 11111111;
    2DB9 : 11111111;
    2DBA : 11111111;
    2DBB : 11111111;
    2DBC : 11111111;
    2DBD : 11111111;
    2DBE : 11111111;
    2DBF : 11111111;
    2DC0 : 11111111;
    2DC1 : 11111111;
    2DC2 : 11111111;
    2DC3 : 11111111;
    2DC4 : 11111111;
    2DC5 : 11111111;
    2DC6 : 11111111;
    2DC7 : 11111111;
    2DC8 : 11111111;
    2DC9 : 11111111;
    2DCA : 11111111;
    2DCB : 11111111;
    2DCC : 11111111;
    2DCD : 11111111;
    2DCE : 11111111;
    2DCF : 11111111;
    2DD0 : 11111111;
    2DD1 : 11111111;
    2DD2 : 11111110;
    2DD3 : 11111110;
    2DD4 : 11111110;
    2DD5 : 11111110;
    2DD6 : 11111110;
    2DD7 : 11111101;
    2DD8 : 11111101;
    2DD9 : 11111101;
    2DDA : 11011011;
    2DDB : 10011111;
    2DDC : 11000110;
    2DDD : 11000110;
    2DDE : 11001010;
    2DDF : 11001000;
    2DE0 : 11001101;
    2DE1 : 11010001;
    2DE2 : 11001001;
    2DE3 : 10111110;
    2DE4 : 10101111;
    2DE5 : 11000100;
    2DE6 : 10101000;
    2DE7 : 01001001;
    2DE8 : 00111011;
    2DE9 : 01000111;
    2DEA : 01101110;
    2DEB : 10001110;
    2DEC : 10000110;
    2DED : 10000101;
    2DEE : 10100001;
    2DEF : 10100110;
    2DF0 : 10100110;
    2DF1 : 10101111;
    2DF2 : 10101110;
    2DF3 : 01010001;
    2DF4 : 00100100;
    2DF5 : 01010001;
    2DF6 : 01111101;
    2DF7 : 10110001;
    2DF8 : 10111011;
    2DF9 : 10110011;
    2DFA : 11000010;
    2DFB : 11000010;
    2DFC : 10111001;
    2DFD : 10111101;
    2DFE : 10111101;
    2DFF : 10111001;
    2E00 : 11001001;
    2E01 : 10100101;
    2E02 : 01111000;
    2E03 : 11101011;
    2E04 : 11111110;
    2E05 : 11111101;
    2E06 : 11111110;
    2E07 : 11111111;
    2E08 : 11111111;
    2E09 : 11111111;
    2E0A : 11111111;
    2E0B : 11111111;
    2E0C : 11111111;
    2E0D : 11111111;
    2E0E : 11111111;
    2E0F : 11111111;
    2E10 : 11111111;
    2E11 : 11111111;
    2E12 : 11111111;
    2E13 : 11111111;
    2E14 : 11111111;
    2E15 : 11111111;
    2E16 : 11111111;
    2E17 : 11111111;
    2E18 : 11111111;
    2E19 : 11111111;
    2E1A : 11111111;
    2E1B : 11111111;
    2E1C : 11111111;
    2E1D : 11111111;
    2E1E : 11111111;
    2E1F : 11111111;
    2E20 : 11111111;
    2E21 : 11111111;
    2E22 : 11111111;
    2E23 : 11111111;
    2E24 : 11111111;
    2E25 : 11111111;
    2E26 : 11111111;
    2E27 : 11111111;
    2E28 : 11111111;
    2E29 : 11111111;
    2E2A : 11111111;
    2E2B : 11111111;
    2E2C : 11111111;
    2E2D : 11111111;
    2E2E : 11111111;
    2E2F : 11111111;
    2E30 : 11111111;
    2E31 : 11111111;
    2E32 : 11111111;
    2E33 : 11111111;
    2E34 : 11111111;
    2E35 : 11111111;
    2E36 : 11111111;
    2E37 : 11111111;
    2E38 : 11111111;
    2E39 : 11111111;
    2E3A : 11111111;
    2E3B : 11111111;
    2E3C : 11111111;
    2E3D : 11111111;
    2E3E : 11111111;
    2E3F : 11111111;
    2E40 : 11111111;
    2E41 : 11111111;
    2E42 : 11111111;
    2E43 : 11111111;
    2E44 : 11111111;
    2E45 : 11111111;
    2E46 : 11111111;
    2E47 : 11111111;
    2E48 : 11111111;
    2E49 : 11111111;
    2E4A : 11111111;
    2E4B : 11111111;
    2E4C : 11111111;
    2E4D : 11111111;
    2E4E : 11111111;
    2E4F : 11111111;
    2E50 : 11111111;
    2E51 : 11111111;
    2E52 : 11111111;
    2E53 : 11111111;
    2E54 : 11111111;
    2E55 : 11111111;
    2E56 : 11111111;
    2E57 : 11111111;
    2E58 : 11111111;
    2E59 : 11111111;
    2E5A : 11111111;
    2E5B : 11111111;
    2E5C : 11111111;
    2E5D : 11111111;
    2E5E : 11111111;
    2E5F : 11111111;
    2E60 : 11111111;
    2E61 : 11111111;
    2E62 : 11111111;
    2E63 : 11111111;
    2E64 : 11111111;
    2E65 : 11111111;
    2E66 : 11111111;
    2E67 : 11111111;
    2E68 : 11111111;
    2E69 : 11111111;
    2E6A : 11111111;
    2E6B : 11111111;
    2E6C : 11111111;
    2E6D : 11111111;
    2E6E : 11111111;
    2E6F : 11111111;
    2E70 : 11111111;
    2E71 : 11111111;
    2E72 : 11111111;
    2E73 : 11111111;
    2E74 : 11111111;
    2E75 : 11111111;
    2E76 : 11111110;
    2E77 : 11111101;
    2E78 : 11111011;
    2E79 : 11111110;
    2E7A : 11100100;
    2E7B : 10011101;
    2E7C : 11000101;
    2E7D : 11010000;
    2E7E : 11001001;
    2E7F : 11010001;
    2E80 : 11001001;
    2E81 : 10111010;
    2E82 : 10011010;
    2E83 : 01011110;
    2E84 : 01010100;
    2E85 : 10101011;
    2E86 : 11010111;
    2E87 : 10011100;
    2E88 : 01001010;
    2E89 : 00110011;
    2E8A : 01011110;
    2E8B : 10100000;
    2E8C : 10101101;
    2E8D : 10101110;
    2E8E : 10110101;
    2E8F : 10111000;
    2E90 : 10111011;
    2E91 : 10110100;
    2E92 : 10111000;
    2E93 : 01010100;
    2E94 : 01000000;
    2E95 : 01111101;
    2E96 : 10101011;
    2E97 : 11001000;
    2E98 : 10001010;
    2E99 : 00111011;
    2E9A : 01111010;
    2E9B : 10011111;
    2E9C : 10111111;
    2E9D : 10111011;
    2E9E : 11000001;
    2E9F : 11001000;
    2EA0 : 11001001;
    2EA1 : 10100101;
    2EA2 : 01110101;
    2EA3 : 11110010;
    2EA4 : 11111111;
    2EA5 : 11111101;
    2EA6 : 11111110;
    2EA7 : 11111111;
    2EA8 : 11111111;
    2EA9 : 11111111;
    2EAA : 11111111;
    2EAB : 11111111;
    2EAC : 11111111;
    2EAD : 11111111;
    2EAE : 11111111;
    2EAF : 11111111;
    2EB0 : 11111111;
    2EB1 : 11111111;
    2EB2 : 11111111;
    2EB3 : 11111111;
    2EB4 : 11111111;
    2EB5 : 11111111;
    2EB6 : 11111111;
    2EB7 : 11111111;
    2EB8 : 11111111;
    2EB9 : 11111111;
    2EBA : 11111111;
    2EBB : 11111111;
    2EBC : 11111111;
    2EBD : 11111111;
    2EBE : 11111111;
    2EBF : 11111111;
    2EC0 : 11111111;
    2EC1 : 11111111;
    2EC2 : 11111111;
    2EC3 : 11111111;
    2EC4 : 11111111;
    2EC5 : 11111111;
    2EC6 : 11111111;
    2EC7 : 11111111;
    2EC8 : 11111111;
    2EC9 : 11111111;
    2ECA : 11111111;
    2ECB : 11111111;
    2ECC : 11111111;
    2ECD : 11111111;
    2ECE : 11111111;
    2ECF : 11111111;
    2ED0 : 11111111;
    2ED1 : 11111111;
    2ED2 : 11111111;
    2ED3 : 11111111;
    2ED4 : 11111111;
    2ED5 : 11111111;
    2ED6 : 11111111;
    2ED7 : 11111111;
    2ED8 : 11111111;
    2ED9 : 11111111;
    2EDA : 11111111;
    2EDB : 11111111;
    2EDC : 11111111;
    2EDD : 11111111;
    2EDE : 11111111;
    2EDF : 11111111;
    2EE0 : 11111111;
    2EE1 : 11111111;
    2EE2 : 11111111;
    2EE3 : 11111111;
    2EE4 : 11111111;
    2EE5 : 11111111;
    2EE6 : 11111111;
    2EE7 : 11111111;
    2EE8 : 11111111;
    2EE9 : 11111111;
    2EEA : 11111111;
    2EEB : 11111111;
    2EEC : 11111111;
    2EED : 11111111;
    2EEE : 11111111;
    2EEF : 11111111;
    2EF0 : 11111111;
    2EF1 : 11111111;
    2EF2 : 11111111;
    2EF3 : 11111111;
    2EF4 : 11111111;
    2EF5 : 11111111;
    2EF6 : 11111111;
    2EF7 : 11111111;
    2EF8 : 11111111;
    2EF9 : 11111111;
    2EFA : 11111111;
    2EFB : 11111111;
    2EFC : 11111111;
    2EFD : 11111111;
    2EFE : 11111111;
    2EFF : 11111111;
    2F00 : 11111111;
    2F01 : 11111111;
    2F02 : 11111111;
    2F03 : 11111111;
    2F04 : 11111111;
    2F05 : 11111111;
    2F06 : 11111111;
    2F07 : 11111111;
    2F08 : 11111111;
    2F09 : 11111111;
    2F0A : 11111111;
    2F0B : 11111111;
    2F0C : 11111111;
    2F0D : 11111111;
    2F0E : 11111111;
    2F0F : 11111111;
    2F10 : 11111111;
    2F11 : 11111111;
    2F12 : 11111111;
    2F13 : 11111111;
    2F14 : 11111111;
    2F15 : 11111111;
    2F16 : 11111110;
    2F17 : 11111101;
    2F18 : 11111101;
    2F19 : 11111011;
    2F1A : 11100110;
    2F1B : 10010011;
    2F1C : 11000011;
    2F1D : 11010111;
    2F1E : 11000111;
    2F1F : 11001101;
    2F20 : 11001100;
    2F21 : 01110101;
    2F22 : 01100001;
    2F23 : 01010110;
    2F24 : 01001110;
    2F25 : 10000000;
    2F26 : 11001011;
    2F27 : 11001000;
    2F28 : 10011101;
    2F29 : 00111011;
    2F2A : 01000000;
    2F2B : 01001101;
    2F2C : 01010100;
    2F2D : 10000001;
    2F2E : 10000011;
    2F2F : 01111100;
    2F30 : 01100100;
    2F31 : 01000001;
    2F32 : 01000011;
    2F33 : 01000100;
    2F34 : 01101111;
    2F35 : 10100010;
    2F36 : 11000001;
    2F37 : 10111111;
    2F38 : 01011100;
    2F39 : 00100010;
    2F3A : 00110110;
    2F3B : 00101110;
    2F3C : 10010100;
    2F3D : 11000101;
    2F3E : 11000010;
    2F3F : 10111111;
    2F40 : 11001001;
    2F41 : 10100110;
    2F42 : 01111000;
    2F43 : 11111000;
    2F44 : 11111111;
    2F45 : 11111101;
    2F46 : 11111111;
    2F47 : 11111101;
    2F48 : 11111111;
    2F49 : 11111111;
    2F4A : 11111111;
    2F4B : 11111111;
    2F4C : 11111111;
    2F4D : 11111111;
    2F4E : 11111111;
    2F4F : 11111111;
    2F50 : 11111111;
    2F51 : 11111111;
    2F52 : 11111111;
    2F53 : 11111111;
    2F54 : 11111111;
    2F55 : 11111111;
    2F56 : 11111111;
    2F57 : 11111111;
    2F58 : 11111111;
    2F59 : 11111111;
    2F5A : 11111111;
    2F5B : 11111111;
    2F5C : 11111111;
    2F5D : 11111111;
    2F5E : 11111111;
    2F5F : 11111111;
    2F60 : 11111111;
    2F61 : 11111111;
    2F62 : 11111111;
    2F63 : 11111111;
    2F64 : 11111111;
    2F65 : 11111111;
    2F66 : 11111111;
    2F67 : 11111111;
    2F68 : 11111111;
    2F69 : 11111111;
    2F6A : 11111111;
    2F6B : 11111111;
    2F6C : 11111111;
    2F6D : 11111111;
    2F6E : 11111111;
    2F6F : 11111111;
    2F70 : 11111111;
    2F71 : 11111111;
    2F72 : 11111111;
    2F73 : 11111111;
    2F74 : 11111111;
    2F75 : 11111111;
    2F76 : 11111111;
    2F77 : 11111111;
    2F78 : 11111111;
    2F79 : 11111111;
    2F7A : 11111111;
    2F7B : 11111111;
    2F7C : 11111111;
    2F7D : 11111111;
    2F7E : 11111111;
    2F7F : 11111111;
    2F80 : 11111111;
    2F81 : 11111111;
    2F82 : 11111111;
    2F83 : 11111111;
    2F84 : 11111111;
    2F85 : 11111111;
    2F86 : 11111111;
    2F87 : 11111111;
    2F88 : 11111111;
    2F89 : 11111111;
    2F8A : 11111111;
    2F8B : 11111111;
    2F8C : 11111111;
    2F8D : 11111111;
    2F8E : 11111111;
    2F8F : 11111111;
    2F90 : 11111111;
    2F91 : 11111111;
    2F92 : 11111111;
    2F93 : 11111111;
    2F94 : 11111111;
    2F95 : 11111111;
    2F96 : 11111111;
    2F97 : 11111111;
    2F98 : 11111111;
    2F99 : 11111111;
    2F9A : 11111111;
    2F9B : 11111111;
    2F9C : 11111111;
    2F9D : 11111111;
    2F9E : 11111111;
    2F9F : 11111111;
    2FA0 : 11111111;
    2FA1 : 11111111;
    2FA2 : 11111111;
    2FA3 : 11111111;
    2FA4 : 11111111;
    2FA5 : 11111111;
    2FA6 : 11111111;
    2FA7 : 11111111;
    2FA8 : 11111111;
    2FA9 : 11111111;
    2FAA : 11111111;
    2FAB : 11111111;
    2FAC : 11111111;
    2FAD : 11111111;
    2FAE : 11111111;
    2FAF : 11111111;
    2FB0 : 11111111;
    2FB1 : 11111111;
    2FB2 : 11111111;
    2FB3 : 11111111;
    2FB4 : 11111111;
    2FB5 : 11111111;
    2FB6 : 11111110;
    2FB7 : 11111101;
    2FB8 : 11111010;
    2FB9 : 11111010;
    2FBA : 11110010;
    2FBB : 10100100;
    2FBC : 10111110;
    2FBD : 11001010;
    2FBE : 11010000;
    2FBF : 11000000;
    2FC0 : 10000010;
    2FC1 : 01011101;
    2FC2 : 01011110;
    2FC3 : 01111011;
    2FC4 : 01011001;
    2FC5 : 01001000;
    2FC6 : 10010101;
    2FC7 : 11001000;
    2FC8 : 11001011;
    2FC9 : 10010001;
    2FCA : 00111001;
    2FCB : 00110100;
    2FCC : 01000010;
    2FCD : 01001001;
    2FCE : 01100110;
    2FCF : 01000010;
    2FD0 : 00100111;
    2FD1 : 00101111;
    2FD2 : 00110010;
    2FD3 : 01101101;
    2FD4 : 10101000;
    2FD5 : 11001000;
    2FD6 : 10111101;
    2FD7 : 01110001;
    2FD8 : 01001101;
    2FD9 : 01001010;
    2FDA : 01000001;
    2FDB : 00011101;
    2FDC : 00111001;
    2FDD : 10001010;
    2FDE : 11000100;
    2FDF : 11000011;
    2FE0 : 11000110;
    2FE1 : 10100100;
    2FE2 : 01111101;
    2FE3 : 11111010;
    2FE4 : 11111100;
    2FE5 : 11111100;
    2FE6 : 11111111;
    2FE7 : 11111100;
    2FE8 : 11111111;
    2FE9 : 11111111;
    2FEA : 11111111;
    2FEB : 11111111;
    2FEC : 11111111;
    2FED : 11111111;
    2FEE : 11111111;
    2FEF : 11111111;
    2FF0 : 11111111;
    2FF1 : 11111111;
    2FF2 : 11111111;
    2FF3 : 11111111;
    2FF4 : 11111111;
    2FF5 : 11111111;
    2FF6 : 11111111;
    2FF7 : 11111111;
    2FF8 : 11111111;
    2FF9 : 11111111;
    2FFA : 11111111;
    2FFB : 11111111;
    2FFC : 11111111;
    2FFD : 11111111;
    2FFE : 11111111;
    2FFF : 11111111;
    3000 : 11111111;
    3001 : 11111111;
    3002 : 11111111;
    3003 : 11111111;
    3004 : 11111111;
    3005 : 11111111;
    3006 : 11111111;
    3007 : 11111111;
    3008 : 11111111;
    3009 : 11111111;
    300A : 11111111;
    300B : 11111111;
    300C : 11111111;
    300D : 11111111;
    300E : 11111111;
    300F : 11111111;
    3010 : 11111111;
    3011 : 11111111;
    3012 : 11111111;
    3013 : 11111111;
    3014 : 11111111;
    3015 : 11111111;
    3016 : 11111111;
    3017 : 11111111;
    3018 : 11111111;
    3019 : 11111111;
    301A : 11111111;
    301B : 11111111;
    301C : 11111111;
    301D : 11111111;
    301E : 11111111;
    301F : 11111111;
    3020 : 11111111;
    3021 : 11111111;
    3022 : 11111111;
    3023 : 11111111;
    3024 : 11111111;
    3025 : 11111111;
    3026 : 11111111;
    3027 : 11111111;
    3028 : 11111111;
    3029 : 11111111;
    302A : 11111111;
    302B : 11111111;
    302C : 11111111;
    302D : 11111111;
    302E : 11111111;
    302F : 11111111;
    3030 : 11111111;
    3031 : 11111111;
    3032 : 11111111;
    3033 : 11111111;
    3034 : 11111111;
    3035 : 11111111;
    3036 : 11111111;
    3037 : 11111111;
    3038 : 11111111;
    3039 : 11111111;
    303A : 11111111;
    303B : 11111111;
    303C : 11111111;
    303D : 11111111;
    303E : 11111111;
    303F : 11111111;
    3040 : 11111111;
    3041 : 11111111;
    3042 : 11111111;
    3043 : 11111111;
    3044 : 11111111;
    3045 : 11111111;
    3046 : 11111111;
    3047 : 11111111;
    3048 : 11111111;
    3049 : 11111111;
    304A : 11111111;
    304B : 11111111;
    304C : 11111111;
    304D : 11111111;
    304E : 11111111;
    304F : 11111111;
    3050 : 11111111;
    3051 : 11111111;
    3052 : 11111111;
    3053 : 11111111;
    3054 : 11111111;
    3055 : 11111111;
    3056 : 11111110;
    3057 : 11111101;
    3058 : 11111010;
    3059 : 11111110;
    305A : 11111001;
    305B : 10101100;
    305C : 10110110;
    305D : 11001010;
    305E : 11010010;
    305F : 10010010;
    3060 : 00111111;
    3061 : 10000110;
    3062 : 01111011;
    3063 : 01110011;
    3064 : 01101110;
    3065 : 01001100;
    3066 : 01000011;
    3067 : 10010001;
    3068 : 11000100;
    3069 : 10111101;
    306A : 01110101;
    306B : 00111000;
    306C : 00111001;
    306D : 01000101;
    306E : 00111010;
    306F : 00110011;
    3070 : 00101111;
    3071 : 01001011;
    3072 : 01100101;
    3073 : 10010110;
    3074 : 10111001;
    3075 : 10100110;
    3076 : 01110010;
    3077 : 01100001;
    3078 : 01100001;
    3079 : 01000111;
    307A : 01000111;
    307B : 01001010;
    307C : 00011101;
    307D : 01001010;
    307E : 11000001;
    307F : 11000000;
    3080 : 11000101;
    3081 : 10011110;
    3082 : 10000000;
    3083 : 11111001;
    3084 : 11111001;
    3085 : 11111100;
    3086 : 11111111;
    3087 : 11111101;
    3088 : 11111111;
    3089 : 11111111;
    308A : 11111111;
    308B : 11111111;
    308C : 11111111;
    308D : 11111111;
    308E : 11111111;
    308F : 11111111;
    3090 : 11111111;
    3091 : 11111111;
    3092 : 11111111;
    3093 : 11111111;
    3094 : 11111111;
    3095 : 11111111;
    3096 : 11111111;
    3097 : 11111111;
    3098 : 11111111;
    3099 : 11111111;
    309A : 11111111;
    309B : 11111111;
    309C : 11111111;
    309D : 11111111;
    309E : 11111111;
    309F : 11111111;
    30A0 : 11111111;
    30A1 : 11111111;
    30A2 : 11111111;
    30A3 : 11111111;
    30A4 : 11111111;
    30A5 : 11111111;
    30A6 : 11111111;
    30A7 : 11111111;
    30A8 : 11111111;
    30A9 : 11111111;
    30AA : 11111111;
    30AB : 11111111;
    30AC : 11111111;
    30AD : 11111111;
    30AE : 11111111;
    30AF : 11111111;
    30B0 : 11111111;
    30B1 : 11111111;
    30B2 : 11111111;
    30B3 : 11111111;
    30B4 : 11111111;
    30B5 : 11111111;
    30B6 : 11111111;
    30B7 : 11111111;
    30B8 : 11111111;
    30B9 : 11111111;
    30BA : 11111111;
    30BB : 11111111;
    30BC : 11111111;
    30BD : 11111111;
    30BE : 11111111;
    30BF : 11111111;
    30C0 : 11111111;
    30C1 : 11111111;
    30C2 : 11111111;
    30C3 : 11111111;
    30C4 : 11111111;
    30C5 : 11111111;
    30C6 : 11111111;
    30C7 : 11111111;
    30C8 : 11111111;
    30C9 : 11111111;
    30CA : 11111111;
    30CB : 11111111;
    30CC : 11111111;
    30CD : 11111111;
    30CE : 11111111;
    30CF : 11111111;
    30D0 : 11111111;
    30D1 : 11111111;
    30D2 : 11111111;
    30D3 : 11111111;
    30D4 : 11111111;
    30D5 : 11111111;
    30D6 : 11111111;
    30D7 : 11111111;
    30D8 : 11111111;
    30D9 : 11111111;
    30DA : 11111111;
    30DB : 11111111;
    30DC : 11111111;
    30DD : 11111111;
    30DE : 11111111;
    30DF : 11111111;
    30E0 : 11111111;
    30E1 : 11111111;
    30E2 : 11111111;
    30E3 : 11111111;
    30E4 : 11111111;
    30E5 : 11111111;
    30E6 : 11111111;
    30E7 : 11111111;
    30E8 : 11111111;
    30E9 : 11111111;
    30EA : 11111111;
    30EB : 11111111;
    30EC : 11111111;
    30ED : 11111111;
    30EE : 11111111;
    30EF : 11111111;
    30F0 : 11111111;
    30F1 : 11111111;
    30F2 : 11111111;
    30F3 : 11111111;
    30F4 : 11111111;
    30F5 : 11111111;
    30F6 : 11111110;
    30F7 : 11111101;
    30F8 : 11111110;
    30F9 : 11111001;
    30FA : 11101100;
    30FB : 10011000;
    30FC : 10101110;
    30FD : 11010100;
    30FE : 10100100;
    30FF : 01100000;
    3100 : 01010110;
    3101 : 01010010;
    3102 : 01101100;
    3103 : 01111110;
    3104 : 01111100;
    3105 : 01111100;
    3106 : 01010101;
    3107 : 01000011;
    3108 : 01010011;
    3109 : 01011000;
    310A : 01110010;
    310B : 01110001;
    310C : 00110010;
    310D : 00111100;
    310E : 01000011;
    310F : 00111101;
    3110 : 01000010;
    3111 : 01001100;
    3112 : 10001100;
    3113 : 01111101;
    3114 : 01100110;
    3115 : 01110011;
    3116 : 01110000;
    3117 : 01101010;
    3118 : 01100110;
    3119 : 01100011;
    311A : 01011000;
    311B : 01000001;
    311C : 00100110;
    311D : 00101010;
    311E : 10000001;
    311F : 10111010;
    3120 : 11001010;
    3121 : 10011001;
    3122 : 10000011;
    3123 : 11111001;
    3124 : 11111010;
    3125 : 11111011;
    3126 : 11111101;
    3127 : 11111110;
    3128 : 11111111;
    3129 : 11111111;
    312A : 11111111;
    312B : 11111111;
    312C : 11111111;
    312D : 11111111;
    312E : 11111111;
    312F : 11111111;
    3130 : 11111111;
    3131 : 11111111;
    3132 : 11111111;
    3133 : 11111111;
    3134 : 11111111;
    3135 : 11111111;
    3136 : 11111111;
    3137 : 11111111;
    3138 : 11111111;
    3139 : 11111111;
    313A : 11111111;
    313B : 11111111;
    313C : 11111111;
    313D : 11111111;
    313E : 11111111;
    313F : 11111111;
    3140 : 11111111;
    3141 : 11111111;
    3142 : 11111111;
    3143 : 11111111;
    3144 : 11111111;
    3145 : 11111111;
    3146 : 11111111;
    3147 : 11111111;
    3148 : 11111111;
    3149 : 11111111;
    314A : 11111111;
    314B : 11111111;
    314C : 11111111;
    314D : 11111111;
    314E : 11111111;
    314F : 11111111;
    3150 : 11111111;
    3151 : 11111111;
    3152 : 11111111;
    3153 : 11111111;
    3154 : 11111111;
    3155 : 11111111;
    3156 : 11111111;
    3157 : 11111111;
    3158 : 11111111;
    3159 : 11111111;
    315A : 11111111;
    315B : 11111111;
    315C : 11111111;
    315D : 11111111;
    315E : 11111111;
    315F : 11111111;
    3160 : 11111111;
    3161 : 11111111;
    3162 : 11111111;
    3163 : 11111111;
    3164 : 11111111;
    3165 : 11111111;
    3166 : 11111111;
    3167 : 11111111;
    3168 : 11111111;
    3169 : 11111111;
    316A : 11111111;
    316B : 11111111;
    316C : 11111111;
    316D : 11111111;
    316E : 11111111;
    316F : 11111111;
    3170 : 11111111;
    3171 : 11111111;
    3172 : 11111111;
    3173 : 11111111;
    3174 : 11111111;
    3175 : 11111111;
    3176 : 11111111;
    3177 : 11111111;
    3178 : 11111111;
    3179 : 11111111;
    317A : 11111111;
    317B : 11111111;
    317C : 11111111;
    317D : 11111111;
    317E : 11111111;
    317F : 11111111;
    3180 : 11111111;
    3181 : 11111111;
    3182 : 11111111;
    3183 : 11111111;
    3184 : 11111111;
    3185 : 11111111;
    3186 : 11111111;
    3187 : 11111111;
    3188 : 11111111;
    3189 : 11111111;
    318A : 11111111;
    318B : 11111111;
    318C : 11111111;
    318D : 11111111;
    318E : 11111111;
    318F : 11111111;
    3190 : 11111111;
    3191 : 11111111;
    3192 : 11111111;
    3193 : 11111111;
    3194 : 11111111;
    3195 : 11111111;
    3196 : 11111110;
    3197 : 11111101;
    3198 : 11111101;
    3199 : 11110111;
    319A : 11111000;
    319B : 10010111;
    319C : 10101010;
    319D : 11000100;
    319E : 01100111;
    319F : 01101001;
    31A0 : 10010111;
    31A1 : 01111110;
    31A2 : 01110110;
    31A3 : 01101001;
    31A4 : 01101111;
    31A5 : 01101100;
    31A6 : 01101111;
    31A7 : 01011011;
    31A8 : 00110100;
    31A9 : 00011110;
    31AA : 01010111;
    31AB : 11000100;
    31AC : 01100110;
    31AD : 00110001;
    31AE : 01000100;
    31AF : 00111001;
    31B0 : 01010101;
    31B1 : 10010101;
    31B2 : 10101011;
    31B3 : 01100001;
    31B4 : 01101001;
    31B5 : 01111011;
    31B6 : 10000101;
    31B7 : 01111010;
    31B8 : 01101110;
    31B9 : 01100000;
    31BA : 01001000;
    31BB : 00111001;
    31BC : 00111000;
    31BD : 00100001;
    31BE : 00101100;
    31BF : 10110100;
    31C0 : 11010001;
    31C1 : 10010110;
    31C2 : 10000101;
    31C3 : 11111001;
    31C4 : 11111100;
    31C5 : 11111011;
    31C6 : 11111011;
    31C7 : 11111110;
    31C8 : 11111111;
    31C9 : 11111111;
    31CA : 11111111;
    31CB : 11111111;
    31CC : 11111111;
    31CD : 11111111;
    31CE : 11111111;
    31CF : 11111111;
    31D0 : 11111111;
    31D1 : 11111111;
    31D2 : 11111111;
    31D3 : 11111111;
    31D4 : 11111111;
    31D5 : 11111111;
    31D6 : 11111111;
    31D7 : 11111111;
    31D8 : 11111111;
    31D9 : 11111111;
    31DA : 11111111;
    31DB : 11111111;
    31DC : 11111111;
    31DD : 11111111;
    31DE : 11111111;
    31DF : 11111111;
    31E0 : 11111111;
    31E1 : 11111111;
    31E2 : 11111111;
    31E3 : 11111111;
    31E4 : 11111111;
    31E5 : 11111111;
    31E6 : 11111111;
    31E7 : 11111111;
    31E8 : 11111111;
    31E9 : 11111111;
    31EA : 11111111;
    31EB : 11111111;
    31EC : 11111111;
    31ED : 11111111;
    31EE : 11111111;
    31EF : 11111111;
    31F0 : 11111111;
    31F1 : 11111111;
    31F2 : 11111111;
    31F3 : 11111111;
    31F4 : 11111111;
    31F5 : 11111111;
    31F6 : 11111111;
    31F7 : 11111111;
    31F8 : 11111111;
    31F9 : 11111111;
    31FA : 11111111;
    31FB : 11111111;
    31FC : 11111111;
    31FD : 11111111;
    31FE : 11111111;
    31FF : 11111111;
    3200 : 11111111;
    3201 : 11111111;
    3202 : 11111111;
    3203 : 11111111;
    3204 : 11111111;
    3205 : 11111111;
    3206 : 11111111;
    3207 : 11111111;
    3208 : 11111111;
    3209 : 11111111;
    320A : 11111111;
    320B : 11111111;
    320C : 11111111;
    320D : 11111111;
    320E : 11111111;
    320F : 11111111;
    3210 : 11111111;
    3211 : 11111111;
    3212 : 11111111;
    3213 : 11111111;
    3214 : 11111111;
    3215 : 11111111;
    3216 : 11111111;
    3217 : 11111111;
    3218 : 11111111;
    3219 : 11111111;
    321A : 11111111;
    321B : 11111111;
    321C : 11111111;
    321D : 11111111;
    321E : 11111111;
    321F : 11111111;
    3220 : 11111111;
    3221 : 11111111;
    3222 : 11111111;
    3223 : 11111111;
    3224 : 11111111;
    3225 : 11111111;
    3226 : 11111111;
    3227 : 11111111;
    3228 : 11111111;
    3229 : 11111111;
    322A : 11111111;
    322B : 11111111;
    322C : 11111111;
    322D : 11111111;
    322E : 11111111;
    322F : 11111111;
    3230 : 11111111;
    3231 : 11111111;
    3232 : 11111111;
    3233 : 11111111;
    3234 : 11111111;
    3235 : 11111110;
    3236 : 11111110;
    3237 : 11111110;
    3238 : 11111001;
    3239 : 11111110;
    323A : 11110000;
    323B : 10100001;
    323C : 10101000;
    323D : 11001001;
    323E : 01101001;
    323F : 00111110;
    3240 : 01011111;
    3241 : 01110101;
    3242 : 01111101;
    3243 : 01111011;
    3244 : 01101111;
    3245 : 01100010;
    3246 : 01011111;
    3247 : 01010111;
    3248 : 01010000;
    3249 : 00110010;
    324A : 00110001;
    324B : 10011010;
    324C : 10110110;
    324D : 01100011;
    324E : 00110101;
    324F : 01010101;
    3250 : 10001001;
    3251 : 10110010;
    3252 : 10001011;
    3253 : 01111001;
    3254 : 10001100;
    3255 : 10001110;
    3256 : 10001010;
    3257 : 01110000;
    3258 : 01101101;
    3259 : 01100000;
    325A : 01010000;
    325B : 00110110;
    325C : 00100011;
    325D : 00001111;
    325E : 00110010;
    325F : 10011110;
    3260 : 11001001;
    3261 : 10001111;
    3262 : 10001101;
    3263 : 11111000;
    3264 : 11111010;
    3265 : 11111011;
    3266 : 11111100;
    3267 : 11111110;
    3268 : 11111111;
    3269 : 11111111;
    326A : 11111111;
    326B : 11111111;
    326C : 11111111;
    326D : 11111111;
    326E : 11111111;
    326F : 11111111;
    3270 : 11111111;
    3271 : 11111111;
    3272 : 11111111;
    3273 : 11111111;
    3274 : 11111111;
    3275 : 11111111;
    3276 : 11111111;
    3277 : 11111111;
    3278 : 11111111;
    3279 : 11111111;
    327A : 11111111;
    327B : 11111111;
    327C : 11111111;
    327D : 11111111;
    327E : 11111111;
    327F : 11111111;
    3280 : 11111111;
    3281 : 11111111;
    3282 : 11111111;
    3283 : 11111111;
    3284 : 11111111;
    3285 : 11111111;
    3286 : 11111111;
    3287 : 11111111;
    3288 : 11111111;
    3289 : 11111111;
    328A : 11111111;
    328B : 11111111;
    328C : 11111111;
    328D : 11111111;
    328E : 11111111;
    328F : 11111111;
    3290 : 11111111;
    3291 : 11111111;
    3292 : 11111111;
    3293 : 11111111;
    3294 : 11111111;
    3295 : 11111111;
    3296 : 11111111;
    3297 : 11111111;
    3298 : 11111111;
    3299 : 11111111;
    329A : 11111111;
    329B : 11111111;
    329C : 11111111;
    329D : 11111111;
    329E : 11111111;
    329F : 11111111;
    32A0 : 11111111;
    32A1 : 11111111;
    32A2 : 11111111;
    32A3 : 11111111;
    32A4 : 11111111;
    32A5 : 11111111;
    32A6 : 11111111;
    32A7 : 11111111;
    32A8 : 11111111;
    32A9 : 11111111;
    32AA : 11111111;
    32AB : 11111111;
    32AC : 11111111;
    32AD : 11111111;
    32AE : 11111111;
    32AF : 11111111;
    32B0 : 11111111;
    32B1 : 11111111;
    32B2 : 11111111;
    32B3 : 11111111;
    32B4 : 11111111;
    32B5 : 11111111;
    32B6 : 11111111;
    32B7 : 11111111;
    32B8 : 11111111;
    32B9 : 11111111;
    32BA : 11111111;
    32BB : 11111111;
    32BC : 11111111;
    32BD : 11111111;
    32BE : 11111111;
    32BF : 11111111;
    32C0 : 11111111;
    32C1 : 11111111;
    32C2 : 11111111;
    32C3 : 11111111;
    32C4 : 11111111;
    32C5 : 11111111;
    32C6 : 11111111;
    32C7 : 11111111;
    32C8 : 11111111;
    32C9 : 11111111;
    32CA : 11111111;
    32CB : 11111111;
    32CC : 11111111;
    32CD : 11111111;
    32CE : 11111111;
    32CF : 11111111;
    32D0 : 11111111;
    32D1 : 11111111;
    32D2 : 11111111;
    32D3 : 11111111;
    32D4 : 11111111;
    32D5 : 11111110;
    32D6 : 11111110;
    32D7 : 11111110;
    32D8 : 11111110;
    32D9 : 11111101;
    32DA : 11110111;
    32DB : 10101000;
    32DC : 10110000;
    32DD : 10101010;
    32DE : 01001101;
    32DF : 01011110;
    32E0 : 01110001;
    32E1 : 01101001;
    32E2 : 01100011;
    32E3 : 01100011;
    32E4 : 01100011;
    32E5 : 01100010;
    32E6 : 01011101;
    32E7 : 01010011;
    32E8 : 01001101;
    32E9 : 01000001;
    32EA : 00100000;
    32EB : 00101010;
    32EC : 10101010;
    32ED : 10110101;
    32EE : 01100101;
    32EF : 01111000;
    32F0 : 10111111;
    32F1 : 10100000;
    32F2 : 01100111;
    32F3 : 10001010;
    32F4 : 10010101;
    32F5 : 10001100;
    32F6 : 10000001;
    32F7 : 01111010;
    32F8 : 01101001;
    32F9 : 01101001;
    32FA : 01010001;
    32FB : 01000101;
    32FC : 00101011;
    32FD : 00100111;
    32FE : 00011001;
    32FF : 01100110;
    3300 : 11001110;
    3301 : 10001011;
    3302 : 10010100;
    3303 : 11111010;
    3304 : 11111001;
    3305 : 11111101;
    3306 : 11111010;
    3307 : 11111111;
    3308 : 11111111;
    3309 : 11111111;
    330A : 11111111;
    330B : 11111111;
    330C : 11111111;
    330D : 11111111;
    330E : 11111111;
    330F : 11111111;
    3310 : 11111111;
    3311 : 11111111;
    3312 : 11111111;
    3313 : 11111111;
    3314 : 11111111;
    3315 : 11111111;
    3316 : 11111111;
    3317 : 11111111;
    3318 : 11111111;
    3319 : 11111111;
    331A : 11111111;
    331B : 11111111;
    331C : 11111111;
    331D : 11111111;
    331E : 11111111;
    331F : 11111111;
    3320 : 11111111;
    3321 : 11111111;
    3322 : 11111111;
    3323 : 11111111;
    3324 : 11111111;
    3325 : 11111111;
    3326 : 11111111;
    3327 : 11111111;
    3328 : 11111111;
    3329 : 11111111;
    332A : 11111111;
    332B : 11111111;
    332C : 11111111;
    332D : 11111111;
    332E : 11111111;
    332F : 11111111;
    3330 : 11111111;
    3331 : 11111111;
    3332 : 11111111;
    3333 : 11111111;
    3334 : 11111111;
    3335 : 11111111;
    3336 : 11111111;
    3337 : 11111111;
    3338 : 11111111;
    3339 : 11111111;
    333A : 11111111;
    333B : 11111111;
    333C : 11111111;
    333D : 11111111;
    333E : 11111111;
    333F : 11111111;
    3340 : 11111111;
    3341 : 11111111;
    3342 : 11111111;
    3343 : 11111111;
    3344 : 11111111;
    3345 : 11111111;
    3346 : 11111111;
    3347 : 11111111;
    3348 : 11111111;
    3349 : 11111111;
    334A : 11111111;
    334B : 11111111;
    334C : 11111111;
    334D : 11111111;
    334E : 11111111;
    334F : 11111111;
    3350 : 11111111;
    3351 : 11111111;
    3352 : 11111111;
    3353 : 11111111;
    3354 : 11111111;
    3355 : 11111111;
    3356 : 11111111;
    3357 : 11111111;
    3358 : 11111111;
    3359 : 11111111;
    335A : 11111111;
    335B : 11111111;
    335C : 11111111;
    335D : 11111111;
    335E : 11111111;
    335F : 11111111;
    3360 : 11111111;
    3361 : 11111111;
    3362 : 11111111;
    3363 : 11111111;
    3364 : 11111111;
    3365 : 11111111;
    3366 : 11111111;
    3367 : 11111111;
    3368 : 11111111;
    3369 : 11111111;
    336A : 11111111;
    336B : 11111111;
    336C : 11111111;
    336D : 11111111;
    336E : 11111111;
    336F : 11111111;
    3370 : 11111110;
    3371 : 11111110;
    3372 : 11111111;
    3373 : 11111111;
    3374 : 11111111;
    3375 : 11111110;
    3376 : 11111110;
    3377 : 11111110;
    3378 : 11111000;
    3379 : 11110100;
    337A : 11111100;
    337B : 10101011;
    337C : 10100100;
    337D : 10100111;
    337E : 00111001;
    337F : 00111000;
    3380 : 01010011;
    3381 : 01100000;
    3382 : 01101010;
    3383 : 01101110;
    3384 : 01101110;
    3385 : 01100001;
    3386 : 01001111;
    3387 : 01001101;
    3388 : 01000100;
    3389 : 00111001;
    338A : 00001101;
    338B : 00010100;
    338C : 10001000;
    338D : 10111000;
    338E : 01100000;
    338F : 01101111;
    3390 : 10111011;
    3391 : 10000101;
    3392 : 01010010;
    3393 : 01111010;
    3394 : 10000011;
    3395 : 01111101;
    3396 : 01110110;
    3397 : 01100100;
    3398 : 01011010;
    3399 : 01011111;
    339A : 00111111;
    339B : 00110110;
    339C : 00100101;
    339D : 00011000;
    339E : 00010111;
    339F : 01101011;
    33A0 : 11010100;
    33A1 : 10000110;
    33A2 : 10011100;
    33A3 : 11111101;
    33A4 : 11111000;
    33A5 : 11111111;
    33A6 : 11111001;
    33A7 : 11111111;
    33A8 : 11111111;
    33A9 : 11111111;
    33AA : 11111111;
    33AB : 11111111;
    33AC : 11111111;
    33AD : 11111111;
    33AE : 11111111;
    33AF : 11111111;
    33B0 : 11111111;
    33B1 : 11111111;
    33B2 : 11111111;
    33B3 : 11111111;
    33B4 : 11111111;
    33B5 : 11111111;
    33B6 : 11111111;
    33B7 : 11111111;
    33B8 : 11111111;
    33B9 : 11111111;
    33BA : 11111111;
    33BB : 11111111;
    33BC : 11111111;
    33BD : 11111111;
    33BE : 11111111;
    33BF : 11111111;
    33C0 : 11111111;
    33C1 : 11111111;
    33C2 : 11111111;
    33C3 : 11111111;
    33C4 : 11111111;
    33C5 : 11111111;
    33C6 : 11111111;
    33C7 : 11111111;
    33C8 : 11111111;
    33C9 : 11111111;
    33CA : 11111111;
    33CB : 11111111;
    33CC : 11111111;
    33CD : 11111111;
    33CE : 11111111;
    33CF : 11111111;
    33D0 : 11111111;
    33D1 : 11111111;
    33D2 : 11111111;
    33D3 : 11111111;
    33D4 : 11111111;
    33D5 : 11111111;
    33D6 : 11111111;
    33D7 : 11111111;
    33D8 : 11111111;
    33D9 : 11111111;
    33DA : 11111111;
    33DB : 11111111;
    33DC : 11111111;
    33DD : 11111111;
    33DE : 11111111;
    33DF : 11111111;
    33E0 : 11111111;
    33E1 : 11111111;
    33E2 : 11111111;
    33E3 : 11111111;
    33E4 : 11111111;
    33E5 : 11111111;
    33E6 : 11111111;
    33E7 : 11111111;
    33E8 : 11111111;
    33E9 : 11111111;
    33EA : 11111111;
    33EB : 11111111;
    33EC : 11111111;
    33ED : 11111111;
    33EE : 11111111;
    33EF : 11111111;
    33F0 : 11111111;
    33F1 : 11111111;
    33F2 : 11111111;
    33F3 : 11111111;
    33F4 : 11111111;
    33F5 : 11111111;
    33F6 : 11111111;
    33F7 : 11111111;
    33F8 : 11111111;
    33F9 : 11111111;
    33FA : 11111111;
    33FB : 11111111;
    33FC : 11111111;
    33FD : 11111111;
    33FE : 11111111;
    33FF : 11111111;
    3400 : 11111111;
    3401 : 11111111;
    3402 : 11111111;
    3403 : 11111111;
    3404 : 11111111;
    3405 : 11111111;
    3406 : 11111111;
    3407 : 11111111;
    3408 : 11111111;
    3409 : 11111111;
    340A : 11111111;
    340B : 11111111;
    340C : 11111111;
    340D : 11111111;
    340E : 11111111;
    340F : 11111111;
    3410 : 11111110;
    3411 : 11111110;
    3412 : 11111111;
    3413 : 11111111;
    3414 : 11111111;
    3415 : 11111110;
    3416 : 11111110;
    3417 : 11111110;
    3418 : 11111111;
    3419 : 11111111;
    341A : 11111100;
    341B : 10110101;
    341C : 10011101;
    341D : 10111101;
    341E : 01010111;
    341F : 00101001;
    3420 : 00111011;
    3421 : 01000000;
    3422 : 01001011;
    3423 : 01011000;
    3424 : 01011000;
    3425 : 01001101;
    3426 : 01000110;
    3427 : 00111111;
    3428 : 00110011;
    3429 : 00011111;
    342A : 00001000;
    342B : 01001111;
    342C : 10101000;
    342D : 01110101;
    342E : 00101001;
    342F : 01000100;
    3430 : 10010010;
    3431 : 10100010;
    3432 : 01000000;
    3433 : 01000101;
    3434 : 01100001;
    3435 : 01011010;
    3436 : 01010110;
    3437 : 01010111;
    3438 : 01010011;
    3439 : 01001110;
    343A : 00111101;
    343B : 00101001;
    343C : 00100101;
    343D : 00010110;
    343E : 00011101;
    343F : 10010101;
    3440 : 11011001;
    3441 : 10000100;
    3442 : 10100000;
    3443 : 11111110;
    3444 : 11111000;
    3445 : 11111101;
    3446 : 11111100;
    3447 : 11111110;
    3448 : 11111110;
    3449 : 11111110;
    344A : 11111111;
    344B : 11111111;
    344C : 11111111;
    344D : 11111111;
    344E : 11111111;
    344F : 11111111;
    3450 : 11111111;
    3451 : 11111111;
    3452 : 11111111;
    3453 : 11111111;
    3454 : 11111111;
    3455 : 11111111;
    3456 : 11111111;
    3457 : 11111111;
    3458 : 11111111;
    3459 : 11111111;
    345A : 11111111;
    345B : 11111111;
    345C : 11111111;
    345D : 11111111;
    345E : 11111111;
    345F : 11111111;
    3460 : 11111111;
    3461 : 11111111;
    3462 : 11111111;
    3463 : 11111111;
    3464 : 11111111;
    3465 : 11111111;
    3466 : 11111111;
    3467 : 11111111;
    3468 : 11111111;
    3469 : 11111111;
    346A : 11111111;
    346B : 11111111;
    346C : 11111111;
    346D : 11111111;
    346E : 11111111;
    346F : 11111111;
    3470 : 11111111;
    3471 : 11111111;
    3472 : 11111111;
    3473 : 11111111;
    3474 : 11111111;
    3475 : 11111111;
    3476 : 11111111;
    3477 : 11111111;
    3478 : 11111111;
    3479 : 11111111;
    347A : 11111111;
    347B : 11111111;
    347C : 11111111;
    347D : 11111111;
    347E : 11111111;
    347F : 11111111;
    3480 : 11111111;
    3481 : 11111111;
    3482 : 11111111;
    3483 : 11111111;
    3484 : 11111111;
    3485 : 11111111;
    3486 : 11111111;
    3487 : 11111111;
    3488 : 11111111;
    3489 : 11111111;
    348A : 11111111;
    348B : 11111111;
    348C : 11111111;
    348D : 11111111;
    348E : 11111111;
    348F : 11111111;
    3490 : 11111111;
    3491 : 11111111;
    3492 : 11111111;
    3493 : 11111111;
    3494 : 11111111;
    3495 : 11111111;
    3496 : 11111111;
    3497 : 11111111;
    3498 : 11111111;
    3499 : 11111111;
    349A : 11111111;
    349B : 11111111;
    349C : 11111111;
    349D : 11111111;
    349E : 11111111;
    349F : 11111111;
    34A0 : 11111111;
    34A1 : 11111111;
    34A2 : 11111111;
    34A3 : 11111111;
    34A4 : 11111111;
    34A5 : 11111111;
    34A6 : 11111111;
    34A7 : 11111111;
    34A8 : 11111111;
    34A9 : 11111111;
    34AA : 11111111;
    34AB : 11111111;
    34AC : 11111111;
    34AD : 11111111;
    34AE : 11111111;
    34AF : 11111111;
    34B0 : 11111110;
    34B1 : 11111110;
    34B2 : 11111111;
    34B3 : 11111111;
    34B4 : 11111111;
    34B5 : 11111110;
    34B6 : 11111110;
    34B7 : 11111110;
    34B8 : 11111110;
    34B9 : 11110000;
    34BA : 11111111;
    34BB : 10110100;
    34BC : 10010010;
    34BD : 10111010;
    34BE : 01010000;
    34BF : 00110001;
    34C0 : 01001011;
    34C1 : 01000010;
    34C2 : 01000100;
    34C3 : 01010010;
    34C4 : 01000111;
    34C5 : 00111101;
    34C6 : 01000000;
    34C7 : 00101000;
    34C8 : 00011100;
    34C9 : 00000111;
    34CA : 01000111;
    34CB : 10110100;
    34CC : 01111111;
    34CD : 00101100;
    34CE : 00101010;
    34CF : 00110111;
    34D0 : 01000011;
    34D1 : 10011011;
    34D2 : 10011010;
    34D3 : 00101110;
    34D4 : 00100011;
    34D5 : 01000101;
    34D6 : 01000111;
    34D7 : 00111000;
    34D8 : 00111011;
    34D9 : 00110001;
    34DA : 00110100;
    34DB : 00011101;
    34DC : 00011000;
    34DD : 00011010;
    34DE : 00001111;
    34DF : 10001101;
    34E0 : 11011000;
    34E1 : 10000010;
    34E2 : 10100000;
    34E3 : 11111110;
    34E4 : 11111000;
    34E5 : 11111010;
    34E6 : 11111111;
    34E7 : 11111100;
    34E8 : 11111110;
    34E9 : 11111110;
    34EA : 11111111;
    34EB : 11111111;
    34EC : 11111111;
    34ED : 11111111;
    34EE : 11111111;
    34EF : 11111111;
    34F0 : 11111111;
    34F1 : 11111111;
    34F2 : 11111111;
    34F3 : 11111111;
    34F4 : 11111111;
    34F5 : 11111111;
    34F6 : 11111111;
    34F7 : 11111111;
    34F8 : 11111111;
    34F9 : 11111111;
    34FA : 11111111;
    34FB : 11111111;
    34FC : 11111111;
    34FD : 11111111;
    34FE : 11111111;
    34FF : 11111111;
    3500 : 11111111;
    3501 : 11111111;
    3502 : 11111111;
    3503 : 11111111;
    3504 : 11111111;
    3505 : 11111111;
    3506 : 11111111;
    3507 : 11111111;
    3508 : 11111111;
    3509 : 11111111;
    350A : 11111111;
    350B : 11111111;
    350C : 11111111;
    350D : 11111111;
    350E : 11111111;
    350F : 11111111;
    3510 : 11111111;
    3511 : 11111111;
    3512 : 11111111;
    3513 : 11111111;
    3514 : 11111111;
    3515 : 11111111;
    3516 : 11111111;
    3517 : 11111111;
    3518 : 11111111;
    3519 : 11111111;
    351A : 11111111;
    351B : 11111111;
    351C : 11111111;
    351D : 11111111;
    351E : 11111111;
    351F : 11111111;
    3520 : 11111111;
    3521 : 11111111;
    3522 : 11111111;
    3523 : 11111111;
    3524 : 11111111;
    3525 : 11111111;
    3526 : 11111111;
    3527 : 11111111;
    3528 : 11111111;
    3529 : 11111111;
    352A : 11111111;
    352B : 11111111;
    352C : 11111111;
    352D : 11111111;
    352E : 11111111;
    352F : 11111111;
    3530 : 11111111;
    3531 : 11111111;
    3532 : 11111111;
    3533 : 11111111;
    3534 : 11111111;
    3535 : 11111111;
    3536 : 11111111;
    3537 : 11111111;
    3538 : 11111111;
    3539 : 11111111;
    353A : 11111111;
    353B : 11111111;
    353C : 11111111;
    353D : 11111111;
    353E : 11111111;
    353F : 11111111;
    3540 : 11111111;
    3541 : 11111111;
    3542 : 11111111;
    3543 : 11111111;
    3544 : 11111111;
    3545 : 11111111;
    3546 : 11111111;
    3547 : 11111111;
    3548 : 11111111;
    3549 : 11111111;
    354A : 11111111;
    354B : 11111111;
    354C : 11111111;
    354D : 11111111;
    354E : 11111111;
    354F : 11111111;
    3550 : 11111110;
    3551 : 11111110;
    3552 : 11111111;
    3553 : 11111111;
    3554 : 11111111;
    3555 : 11111110;
    3556 : 11111110;
    3557 : 11111110;
    3558 : 11111001;
    3559 : 11111110;
    355A : 11111101;
    355B : 11001010;
    355C : 10011110;
    355D : 10101001;
    355E : 10000100;
    355F : 00101111;
    3560 : 00011111;
    3561 : 00110011;
    3562 : 00101100;
    3563 : 00100010;
    3564 : 00100000;
    3565 : 00011011;
    3566 : 00011010;
    3567 : 00010100;
    3568 : 00000111;
    3569 : 00001101;
    356A : 01001100;
    356B : 10000000;
    356C : 00110101;
    356D : 00101110;
    356E : 00111001;
    356F : 00111011;
    3570 : 00110011;
    3571 : 01001110;
    3572 : 10101101;
    3573 : 01100011;
    3574 : 00001110;
    3575 : 00010101;
    3576 : 00011101;
    3577 : 00101111;
    3578 : 00101001;
    3579 : 00100110;
    357A : 00100100;
    357B : 00010101;
    357C : 00010000;
    357D : 00001010;
    357E : 01000010;
    357F : 10101011;
    3580 : 11010001;
    3581 : 01111110;
    3582 : 10100100;
    3583 : 11111110;
    3584 : 11111001;
    3585 : 11111000;
    3586 : 11111111;
    3587 : 11111011;
    3588 : 11111101;
    3589 : 11111110;
    358A : 11111110;
    358B : 11111111;
    358C : 11111111;
    358D : 11111111;
    358E : 11111111;
    358F : 11111111;
    3590 : 11111111;
    3591 : 11111111;
    3592 : 11111111;
    3593 : 11111111;
    3594 : 11111111;
    3595 : 11111111;
    3596 : 11111111;
    3597 : 11111111;
    3598 : 11111111;
    3599 : 11111111;
    359A : 11111111;
    359B : 11111111;
    359C : 11111111;
    359D : 11111111;
    359E : 11111111;
    359F : 11111111;
    35A0 : 11111111;
    35A1 : 11111111;
    35A2 : 11111111;
    35A3 : 11111111;
    35A4 : 11111111;
    35A5 : 11111111;
    35A6 : 11111111;
    35A7 : 11111111;
    35A8 : 11111111;
    35A9 : 11111111;
    35AA : 11111111;
    35AB : 11111111;
    35AC : 11111111;
    35AD : 11111111;
    35AE : 11111111;
    35AF : 11111111;
    35B0 : 11111111;
    35B1 : 11111111;
    35B2 : 11111111;
    35B3 : 11111111;
    35B4 : 11111111;
    35B5 : 11111111;
    35B6 : 11111111;
    35B7 : 11111111;
    35B8 : 11111111;
    35B9 : 11111111;
    35BA : 11111111;
    35BB : 11111111;
    35BC : 11111111;
    35BD : 11111111;
    35BE : 11111111;
    35BF : 11111111;
    35C0 : 11111111;
    35C1 : 11111111;
    35C2 : 11111111;
    35C3 : 11111111;
    35C4 : 11111111;
    35C5 : 11111111;
    35C6 : 11111111;
    35C7 : 11111111;
    35C8 : 11111111;
    35C9 : 11111111;
    35CA : 11111111;
    35CB : 11111111;
    35CC : 11111111;
    35CD : 11111111;
    35CE : 11111111;
    35CF : 11111111;
    35D0 : 11111111;
    35D1 : 11111111;
    35D2 : 11111111;
    35D3 : 11111111;
    35D4 : 11111111;
    35D5 : 11111111;
    35D6 : 11111111;
    35D7 : 11111111;
    35D8 : 11111111;
    35D9 : 11111111;
    35DA : 11111111;
    35DB : 11111111;
    35DC : 11111111;
    35DD : 11111111;
    35DE : 11111111;
    35DF : 11111111;
    35E0 : 11111111;
    35E1 : 11111111;
    35E2 : 11111111;
    35E3 : 11111111;
    35E4 : 11111111;
    35E5 : 11111111;
    35E6 : 11111111;
    35E7 : 11111111;
    35E8 : 11111111;
    35E9 : 11111111;
    35EA : 11111111;
    35EB : 11111111;
    35EC : 11111111;
    35ED : 11111111;
    35EE : 11111111;
    35EF : 11111111;
    35F0 : 11111110;
    35F1 : 11111110;
    35F2 : 11111111;
    35F3 : 11111111;
    35F4 : 11111111;
    35F5 : 11111110;
    35F6 : 11111110;
    35F7 : 11111110;
    35F8 : 11111110;
    35F9 : 11111101;
    35FA : 11111111;
    35FB : 11001111;
    35FC : 10011010;
    35FD : 10110100;
    35FE : 10111010;
    35FF : 01011110;
    3600 : 00100001;
    3601 : 00101101;
    3602 : 00100100;
    3603 : 00010111;
    3604 : 00011111;
    3605 : 00010010;
    3606 : 00000111;
    3607 : 00100111;
    3608 : 01011111;
    3609 : 01011111;
    360A : 01010010;
    360B : 00110010;
    360C : 00110011;
    360D : 01001000;
    360E : 01010111;
    360F : 01000101;
    3610 : 00101101;
    3611 : 00111011;
    3612 : 01011010;
    3613 : 10001000;
    3614 : 01100100;
    3615 : 01000111;
    3616 : 00010110;
    3617 : 00010100;
    3618 : 00011011;
    3619 : 00011110;
    361A : 00010101;
    361B : 00010011;
    361C : 00001011;
    361D : 00001110;
    361E : 10010011;
    361F : 11001111;
    3620 : 11001000;
    3621 : 01111000;
    3622 : 10101100;
    3623 : 11111110;
    3624 : 11111000;
    3625 : 11111010;
    3626 : 11111110;
    3627 : 11111100;
    3628 : 11111101;
    3629 : 11111110;
    362A : 11111110;
    362B : 11111111;
    362C : 11111111;
    362D : 11111111;
    362E : 11111111;
    362F : 11111111;
    3630 : 11111111;
    3631 : 11111111;
    3632 : 11111111;
    3633 : 11111111;
    3634 : 11111111;
    3635 : 11111111;
    3636 : 11111111;
    3637 : 11111111;
    3638 : 11111111;
    3639 : 11111111;
    363A : 11111111;
    363B : 11111111;
    363C : 11111111;
    363D : 11111111;
    363E : 11111111;
    363F : 11111111;
    3640 : 11111111;
    3641 : 11111111;
    3642 : 11111111;
    3643 : 11111111;
    3644 : 11111111;
    3645 : 11111111;
    3646 : 11111111;
    3647 : 11111111;
    3648 : 11111111;
    3649 : 11111111;
    364A : 11111111;
    364B : 11111111;
    364C : 11111111;
    364D : 11111111;
    364E : 11111111;
    364F : 11111111;
    3650 : 11111111;
    3651 : 11111111;
    3652 : 11111111;
    3653 : 11111111;
    3654 : 11111111;
    3655 : 11111111;
    3656 : 11111111;
    3657 : 11111111;
    3658 : 11111111;
    3659 : 11111111;
    365A : 11111111;
    365B : 11111111;
    365C : 11111111;
    365D : 11111111;
    365E : 11111111;
    365F : 11111111;
    3660 : 11111111;
    3661 : 11111111;
    3662 : 11111111;
    3663 : 11111111;
    3664 : 11111111;
    3665 : 11111111;
    3666 : 11111111;
    3667 : 11111111;
    3668 : 11111111;
    3669 : 11111111;
    366A : 11111111;
    366B : 11111111;
    366C : 11111111;
    366D : 11111111;
    366E : 11111111;
    366F : 11111111;
    3670 : 11111111;
    3671 : 11111111;
    3672 : 11111111;
    3673 : 11111111;
    3674 : 11111111;
    3675 : 11111111;
    3676 : 11111111;
    3677 : 11111111;
    3678 : 11111111;
    3679 : 11111111;
    367A : 11111111;
    367B : 11111111;
    367C : 11111111;
    367D : 11111111;
    367E : 11111111;
    367F : 11111111;
    3680 : 11111111;
    3681 : 11111111;
    3682 : 11111111;
    3683 : 11111111;
    3684 : 11111111;
    3685 : 11111111;
    3686 : 11111111;
    3687 : 11111111;
    3688 : 11111111;
    3689 : 11111111;
    368A : 11111111;
    368B : 11111111;
    368C : 11111111;
    368D : 11111111;
    368E : 11111111;
    368F : 11111111;
    3690 : 11111110;
    3691 : 11111110;
    3692 : 11111111;
    3693 : 11111111;
    3694 : 11111111;
    3695 : 11111110;
    3696 : 11111110;
    3697 : 11111110;
    3698 : 11111110;
    3699 : 11110110;
    369A : 11111111;
    369B : 11010001;
    369C : 10010101;
    369D : 10101111;
    369E : 10110011;
    369F : 10010111;
    36A0 : 01001100;
    36A1 : 00010100;
    36A2 : 00010010;
    36A3 : 00011010;
    36A4 : 00010001;
    36A5 : 00001101;
    36A6 : 00110100;
    36A7 : 10010100;
    36A8 : 10111001;
    36A9 : 10010101;
    36AA : 01000110;
    36AB : 00110110;
    36AC : 01001111;
    36AD : 01101010;
    36AE : 10001010;
    36AF : 01101100;
    36B0 : 00101010;
    36B1 : 00111001;
    36B2 : 01000101;
    36B3 : 01011001;
    36B4 : 10110001;
    36B5 : 10111001;
    36B6 : 01100010;
    36B7 : 00011100;
    36B8 : 00010010;
    36B9 : 00010101;
    36BA : 00011001;
    36BB : 00011110;
    36BC : 00001011;
    36BD : 01000001;
    36BE : 10110100;
    36BF : 10111111;
    36C0 : 11000001;
    36C1 : 01110010;
    36C2 : 10110100;
    36C3 : 11111110;
    36C4 : 11111000;
    36C5 : 11111100;
    36C6 : 11111001;
    36C7 : 11111110;
    36C8 : 11111101;
    36C9 : 11111101;
    36CA : 11111110;
    36CB : 11111111;
    36CC : 11111111;
    36CD : 11111111;
    36CE : 11111111;
    36CF : 11111110;
    36D0 : 11111111;
    36D1 : 11111111;
    36D2 : 11111111;
    36D3 : 11111111;
    36D4 : 11111111;
    36D5 : 11111111;
    36D6 : 11111111;
    36D7 : 11111111;
    36D8 : 11111111;
    36D9 : 11111111;
    36DA : 11111111;
    36DB : 11111111;
    36DC : 11111111;
    36DD : 11111111;
    36DE : 11111111;
    36DF : 11111111;
    36E0 : 11111111;
    36E1 : 11111111;
    36E2 : 11111111;
    36E3 : 11111111;
    36E4 : 11111111;
    36E5 : 11111111;
    36E6 : 11111111;
    36E7 : 11111111;
    36E8 : 11111111;
    36E9 : 11111111;
    36EA : 11111111;
    36EB : 11111111;
    36EC : 11111111;
    36ED : 11111111;
    36EE : 11111111;
    36EF : 11111111;
    36F0 : 11111111;
    36F1 : 11111111;
    36F2 : 11111111;
    36F3 : 11111111;
    36F4 : 11111111;
    36F5 : 11111111;
    36F6 : 11111111;
    36F7 : 11111111;
    36F8 : 11111111;
    36F9 : 11111111;
    36FA : 11111111;
    36FB : 11111111;
    36FC : 11111111;
    36FD : 11111111;
    36FE : 11111111;
    36FF : 11111111;
    3700 : 11111111;
    3701 : 11111111;
    3702 : 11111111;
    3703 : 11111111;
    3704 : 11111111;
    3705 : 11111111;
    3706 : 11111111;
    3707 : 11111111;
    3708 : 11111111;
    3709 : 11111111;
    370A : 11111111;
    370B : 11111111;
    370C : 11111111;
    370D : 11111111;
    370E : 11111111;
    370F : 11111111;
    3710 : 11111111;
    3711 : 11111111;
    3712 : 11111111;
    3713 : 11111111;
    3714 : 11111111;
    3715 : 11111111;
    3716 : 11111111;
    3717 : 11111111;
    3718 : 11111111;
    3719 : 11111111;
    371A : 11111111;
    371B : 11111111;
    371C : 11111111;
    371D : 11111111;
    371E : 11111111;
    371F : 11111111;
    3720 : 11111111;
    3721 : 11111111;
    3722 : 11111111;
    3723 : 11111111;
    3724 : 11111111;
    3725 : 11111111;
    3726 : 11111111;
    3727 : 11111111;
    3728 : 11111111;
    3729 : 11111111;
    372A : 11111111;
    372B : 11111111;
    372C : 11111111;
    372D : 11111111;
    372E : 11111111;
    372F : 11111111;
    3730 : 11111110;
    3731 : 11111110;
    3732 : 11111111;
    3733 : 11111111;
    3734 : 11111111;
    3735 : 11111111;
    3736 : 11111111;
    3737 : 11111110;
    3738 : 11111100;
    3739 : 11111110;
    373A : 11111101;
    373B : 11001100;
    373C : 10010100;
    373D : 10110111;
    373E : 10110000;
    373F : 10111001;
    3740 : 10101100;
    3741 : 01011111;
    3742 : 00101001;
    3743 : 00010010;
    3744 : 00001011;
    3745 : 00110000;
    3746 : 10100100;
    3747 : 10110101;
    3748 : 10010101;
    3749 : 00111100;
    374A : 01000101;
    374B : 01111110;
    374C : 10000011;
    374D : 10000110;
    374E : 10101000;
    374F : 10100001;
    3750 : 01011010;
    3751 : 01010111;
    3752 : 01111101;
    3753 : 00111000;
    3754 : 01100101;
    3755 : 10101010;
    3756 : 11001000;
    3757 : 01110001;
    3758 : 00011011;
    3759 : 00001101;
    375A : 00001011;
    375B : 00001000;
    375C : 01001111;
    375D : 10110011;
    375E : 11000101;
    375F : 10111001;
    3760 : 11000001;
    3761 : 01110001;
    3762 : 10110011;
    3763 : 11111101;
    3764 : 11111010;
    3765 : 11111101;
    3766 : 11111101;
    3767 : 11111011;
    3768 : 11111101;
    3769 : 11111110;
    376A : 11111111;
    376B : 11111111;
    376C : 11111111;
    376D : 11111111;
    376E : 11111111;
    376F : 11111110;
    3770 : 11111111;
    3771 : 11111111;
    3772 : 11111111;
    3773 : 11111111;
    3774 : 11111111;
    3775 : 11111111;
    3776 : 11111111;
    3777 : 11111111;
    3778 : 11111111;
    3779 : 11111111;
    377A : 11111111;
    377B : 11111111;
    377C : 11111111;
    377D : 11111111;
    377E : 11111111;
    377F : 11111111;
    3780 : 11111111;
    3781 : 11111111;
    3782 : 11111111;
    3783 : 11111111;
    3784 : 11111111;
    3785 : 11111111;
    3786 : 11111111;
    3787 : 11111111;
    3788 : 11111111;
    3789 : 11111111;
    378A : 11111111;
    378B : 11111111;
    378C : 11111111;
    378D : 11111111;
    378E : 11111111;
    378F : 11111111;
    3790 : 11111111;
    3791 : 11111111;
    3792 : 11111111;
    3793 : 11111111;
    3794 : 11111111;
    3795 : 11111111;
    3796 : 11111111;
    3797 : 11111111;
    3798 : 11111111;
    3799 : 11111111;
    379A : 11111111;
    379B : 11111111;
    379C : 11111111;
    379D : 11111111;
    379E : 11111111;
    379F : 11111111;
    37A0 : 11111111;
    37A1 : 11111111;
    37A2 : 11111111;
    37A3 : 11111111;
    37A4 : 11111111;
    37A5 : 11111111;
    37A6 : 11111111;
    37A7 : 11111111;
    37A8 : 11111111;
    37A9 : 11111111;
    37AA : 11111111;
    37AB : 11111111;
    37AC : 11111111;
    37AD : 11111111;
    37AE : 11111111;
    37AF : 11111111;
    37B0 : 11111111;
    37B1 : 11111111;
    37B2 : 11111111;
    37B3 : 11111111;
    37B4 : 11111111;
    37B5 : 11111111;
    37B6 : 11111111;
    37B7 : 11111111;
    37B8 : 11111111;
    37B9 : 11111111;
    37BA : 11111111;
    37BB : 11111111;
    37BC : 11111111;
    37BD : 11111111;
    37BE : 11111111;
    37BF : 11111111;
    37C0 : 11111111;
    37C1 : 11111111;
    37C2 : 11111111;
    37C3 : 11111111;
    37C4 : 11111111;
    37C5 : 11111111;
    37C6 : 11111111;
    37C7 : 11111111;
    37C8 : 11111111;
    37C9 : 11111111;
    37CA : 11111111;
    37CB : 11111111;
    37CC : 11111111;
    37CD : 11111111;
    37CE : 11111111;
    37CF : 11111111;
    37D0 : 11111110;
    37D1 : 11111110;
    37D2 : 11111111;
    37D3 : 11111111;
    37D4 : 11111111;
    37D5 : 11111111;
    37D6 : 11111110;
    37D7 : 11111110;
    37D8 : 11111100;
    37D9 : 11111101;
    37DA : 11111110;
    37DB : 11010001;
    37DC : 10010110;
    37DD : 10111001;
    37DE : 10110010;
    37DF : 10110110;
    37E0 : 10111100;
    37E1 : 10110010;
    37E2 : 10010100;
    37E3 : 01010110;
    37E4 : 00011111;
    37E5 : 01110011;
    37E6 : 10110110;
    37E7 : 10100001;
    37E8 : 01001110;
    37E9 : 00011110;
    37EA : 01011100;
    37EB : 10001010;
    37EC : 10001010;
    37ED : 10110000;
    37EE : 10111000;
    37EF : 10101010;
    37F0 : 10001100;
    37F1 : 01010110;
    37F2 : 01100000;
    37F3 : 00111001;
    37F4 : 00111101;
    37F5 : 01101000;
    37F6 : 10110000;
    37F7 : 11000001;
    37F8 : 00111110;
    37F9 : 00001011;
    37FA : 00111000;
    37FB : 01100101;
    37FC : 10100101;
    37FD : 11000000;
    37FE : 10111011;
    37FF : 11000011;
    3800 : 10111101;
    3801 : 01110010;
    3802 : 11000100;
    3803 : 11111111;
    3804 : 11110110;
    3805 : 11110111;
    3806 : 11111100;
    3807 : 11111101;
    3808 : 11111101;
    3809 : 11111110;
    380A : 11111111;
    380B : 11111110;
    380C : 11111111;
    380D : 11111111;
    380E : 11111111;
    380F : 11111110;
    3810 : 11111111;
    3811 : 11111111;
    3812 : 11111111;
    3813 : 11111111;
    3814 : 11111111;
    3815 : 11111111;
    3816 : 11111111;
    3817 : 11111111;
    3818 : 11111111;
    3819 : 11111111;
    381A : 11111111;
    381B : 11111111;
    381C : 11111111;
    381D : 11111111;
    381E : 11111111;
    381F : 11111111;
    3820 : 11111111;
    3821 : 11111111;
    3822 : 11111111;
    3823 : 11111111;
    3824 : 11111111;
    3825 : 11111111;
    3826 : 11111111;
    3827 : 11111111;
    3828 : 11111111;
    3829 : 11111111;
    382A : 11111111;
    382B : 11111111;
    382C : 11111111;
    382D : 11111111;
    382E : 11111111;
    382F : 11111111;
    3830 : 11111111;
    3831 : 11111111;
    3832 : 11111111;
    3833 : 11111111;
    3834 : 11111111;
    3835 : 11111111;
    3836 : 11111111;
    3837 : 11111111;
    3838 : 11111111;
    3839 : 11111111;
    383A : 11111111;
    383B : 11111111;
    383C : 11111111;
    383D : 11111111;
    383E : 11111111;
    383F : 11111111;
    3840 : 11111111;
    3841 : 11111111;
    3842 : 11111111;
    3843 : 11111111;
    3844 : 11111111;
    3845 : 11111111;
    3846 : 11111111;
    3847 : 11111111;
    3848 : 11111111;
    3849 : 11111111;
    384A : 11111111;
    384B : 11111111;
    384C : 11111111;
    384D : 11111111;
    384E : 11111111;
    384F : 11111111;
    3850 : 11111111;
    3851 : 11111111;
    3852 : 11111111;
    3853 : 11111111;
    3854 : 11111111;
    3855 : 11111111;
    3856 : 11111111;
    3857 : 11111111;
    3858 : 11111111;
    3859 : 11111111;
    385A : 11111111;
    385B : 11111111;
    385C : 11111111;
    385D : 11111111;
    385E : 11111111;
    385F : 11111111;
    3860 : 11111111;
    3861 : 11111111;
    3862 : 11111111;
    3863 : 11111111;
    3864 : 11111111;
    3865 : 11111111;
    3866 : 11111111;
    3867 : 11111111;
    3868 : 11111111;
    3869 : 11111111;
    386A : 11111111;
    386B : 11111111;
    386C : 11111111;
    386D : 11111111;
    386E : 11111111;
    386F : 11111111;
    3870 : 11111110;
    3871 : 11111110;
    3872 : 11111111;
    3873 : 11111111;
    3874 : 11111111;
    3875 : 11111110;
    3876 : 11111110;
    3877 : 11111101;
    3878 : 11111101;
    3879 : 11111100;
    387A : 11111111;
    387B : 11011001;
    387C : 10011000;
    387D : 10111011;
    387E : 10110110;
    387F : 10110100;
    3880 : 10110000;
    3881 : 10111011;
    3882 : 10111111;
    3883 : 10110010;
    3884 : 10011110;
    3885 : 10110100;
    3886 : 10110000;
    3887 : 01001110;
    3888 : 00101010;
    3889 : 00111101;
    388A : 01100000;
    388B : 10001001;
    388C : 10010100;
    388D : 10100110;
    388E : 10101010;
    388F : 10011101;
    3890 : 10011010;
    3891 : 01100111;
    3892 : 00101111;
    3893 : 00101011;
    3894 : 00111010;
    3895 : 00111001;
    3896 : 01101110;
    3897 : 10110000;
    3898 : 10010101;
    3899 : 01110101;
    389A : 10101011;
    389B : 10111111;
    389C : 10111100;
    389D : 10110010;
    389E : 10111000;
    389F : 10111101;
    38A0 : 11000001;
    38A1 : 01110000;
    38A2 : 11001101;
    38A3 : 11111110;
    38A4 : 11110111;
    38A5 : 11111100;
    38A6 : 11111110;
    38A7 : 11111011;
    38A8 : 11111101;
    38A9 : 11111110;
    38AA : 11111111;
    38AB : 11111110;
    38AC : 11111111;
    38AD : 11111111;
    38AE : 11111111;
    38AF : 11111110;
    38B0 : 11111111;
    38B1 : 11111111;
    38B2 : 11111111;
    38B3 : 11111111;
    38B4 : 11111111;
    38B5 : 11111111;
    38B6 : 11111111;
    38B7 : 11111111;
    38B8 : 11111111;
    38B9 : 11111111;
    38BA : 11111111;
    38BB : 11111111;
    38BC : 11111111;
    38BD : 11111111;
    38BE : 11111111;
    38BF : 11111111;
    38C0 : 11111111;
    38C1 : 11111111;
    38C2 : 11111111;
    38C3 : 11111111;
    38C4 : 11111111;
    38C5 : 11111111;
    38C6 : 11111111;
    38C7 : 11111111;
    38C8 : 11111111;
    38C9 : 11111111;
    38CA : 11111111;
    38CB : 11111111;
    38CC : 11111111;
    38CD : 11111111;
    38CE : 11111111;
    38CF : 11111111;
    38D0 : 11111111;
    38D1 : 11111111;
    38D2 : 11111111;
    38D3 : 11111111;
    38D4 : 11111111;
    38D5 : 11111111;
    38D6 : 11111111;
    38D7 : 11111111;
    38D8 : 11111111;
    38D9 : 11111111;
    38DA : 11111111;
    38DB : 11111111;
    38DC : 11111111;
    38DD : 11111111;
    38DE : 11111111;
    38DF : 11111111;
    38E0 : 11111111;
    38E1 : 11111111;
    38E2 : 11111111;
    38E3 : 11111111;
    38E4 : 11111111;
    38E5 : 11111111;
    38E6 : 11111111;
    38E7 : 11111111;
    38E8 : 11111111;
    38E9 : 11111111;
    38EA : 11111111;
    38EB : 11111111;
    38EC : 11111111;
    38ED : 11111111;
    38EE : 11111111;
    38EF : 11111111;
    38F0 : 11111111;
    38F1 : 11111111;
    38F2 : 11111111;
    38F3 : 11111111;
    38F4 : 11111111;
    38F5 : 11111111;
    38F6 : 11111111;
    38F7 : 11111111;
    38F8 : 11111111;
    38F9 : 11111111;
    38FA : 11111111;
    38FB : 11111111;
    38FC : 11111111;
    38FD : 11111111;
    38FE : 11111111;
    38FF : 11111111;
    3900 : 11111111;
    3901 : 11111111;
    3902 : 11111111;
    3903 : 11111111;
    3904 : 11111111;
    3905 : 11111111;
    3906 : 11111111;
    3907 : 11111111;
    3908 : 11111111;
    3909 : 11111111;
    390A : 11111111;
    390B : 11111111;
    390C : 11111111;
    390D : 11111111;
    390E : 11111111;
    390F : 11111111;
    3910 : 11111110;
    3911 : 11111110;
    3912 : 11111111;
    3913 : 11111111;
    3914 : 11111110;
    3915 : 11111110;
    3916 : 11111101;
    3917 : 11111101;
    3918 : 11111110;
    3919 : 11111011;
    391A : 11111111;
    391B : 11100000;
    391C : 10011000;
    391D : 10111101;
    391E : 10111011;
    391F : 10110101;
    3920 : 10111011;
    3921 : 10110101;
    3922 : 10110000;
    3923 : 10110011;
    3924 : 10111011;
    3925 : 10101101;
    3926 : 01100011;
    3927 : 00100111;
    3928 : 00101011;
    3929 : 01010010;
    392A : 01110111;
    392B : 10010101;
    392C : 10011011;
    392D : 10100000;
    392E : 10100001;
    392F : 10010111;
    3930 : 10010100;
    3931 : 01111101;
    3932 : 01010000;
    3933 : 00100011;
    3934 : 00110100;
    3935 : 00111010;
    3936 : 00110110;
    3937 : 01111010;
    3938 : 10110110;
    3939 : 10111111;
    393A : 10110000;
    393B : 10110110;
    393C : 10111110;
    393D : 11000000;
    393E : 10111011;
    393F : 11000101;
    3940 : 10110111;
    3941 : 01100100;
    3942 : 11010100;
    3943 : 11111111;
    3944 : 11111010;
    3945 : 11111011;
    3946 : 11111100;
    3947 : 11111001;
    3948 : 11111101;
    3949 : 11111110;
    394A : 11111111;
    394B : 11111111;
    394C : 11111111;
    394D : 11111111;
    394E : 11111111;
    394F : 11111110;
    3950 : 11111111;
    3951 : 11111111;
    3952 : 11111111;
    3953 : 11111111;
    3954 : 11111111;
    3955 : 11111111;
    3956 : 11111111;
    3957 : 11111111;
    3958 : 11111111;
    3959 : 11111111;
    395A : 11111111;
    395B : 11111111;
    395C : 11111111;
    395D : 11111111;
    395E : 11111111;
    395F : 11111111;
    3960 : 11111111;
    3961 : 11111111;
    3962 : 11111111;
    3963 : 11111111;
    3964 : 11111111;
    3965 : 11111111;
    3966 : 11111111;
    3967 : 11111111;
    3968 : 11111111;
    3969 : 11111111;
    396A : 11111111;
    396B : 11111111;
    396C : 11111111;
    396D : 11111111;
    396E : 11111111;
    396F : 11111111;
    3970 : 11111111;
    3971 : 11111111;
    3972 : 11111111;
    3973 : 11111111;
    3974 : 11111111;
    3975 : 11111111;
    3976 : 11111111;
    3977 : 11111111;
    3978 : 11111111;
    3979 : 11111111;
    397A : 11111111;
    397B : 11111111;
    397C : 11111111;
    397D : 11111111;
    397E : 11111111;
    397F : 11111111;
    3980 : 11111111;
    3981 : 11111111;
    3982 : 11111111;
    3983 : 11111111;
    3984 : 11111111;
    3985 : 11111111;
    3986 : 11111111;
    3987 : 11111111;
    3988 : 11111111;
    3989 : 11111111;
    398A : 11111111;
    398B : 11111111;
    398C : 11111111;
    398D : 11111111;
    398E : 11111111;
    398F : 11111111;
    3990 : 11111111;
    3991 : 11111111;
    3992 : 11111111;
    3993 : 11111111;
    3994 : 11111111;
    3995 : 11111111;
    3996 : 11111111;
    3997 : 11111111;
    3998 : 11111111;
    3999 : 11111111;
    399A : 11111111;
    399B : 11111111;
    399C : 11111111;
    399D : 11111111;
    399E : 11111111;
    399F : 11111111;
    39A0 : 11111111;
    39A1 : 11111111;
    39A2 : 11111111;
    39A3 : 11111111;
    39A4 : 11111111;
    39A5 : 11111111;
    39A6 : 11111111;
    39A7 : 11111111;
    39A8 : 11111111;
    39A9 : 11111111;
    39AA : 11111111;
    39AB : 11111111;
    39AC : 11111111;
    39AD : 11111111;
    39AE : 11111111;
    39AF : 11111111;
    39B0 : 11111110;
    39B1 : 11111110;
    39B2 : 11111111;
    39B3 : 11111111;
    39B4 : 11111110;
    39B5 : 11111110;
    39B6 : 11111101;
    39B7 : 11111101;
    39B8 : 11111110;
    39B9 : 11111010;
    39BA : 11111111;
    39BB : 11100010;
    39BC : 10010110;
    39BD : 10111100;
    39BE : 10111111;
    39BF : 10110111;
    39C0 : 10110110;
    39C1 : 10111110;
    39C2 : 10111100;
    39C3 : 10111111;
    39C4 : 10110101;
    39C5 : 01110000;
    39C6 : 00100100;
    39C7 : 00110000;
    39C8 : 01000011;
    39C9 : 01110110;
    39CA : 10001111;
    39CB : 10010100;
    39CC : 10011111;
    39CD : 10011001;
    39CE : 10011000;
    39CF : 10011010;
    39D0 : 10000111;
    39D1 : 01111000;
    39D2 : 01101000;
    39D3 : 00101101;
    39D4 : 00011111;
    39D5 : 00101010;
    39D6 : 00110001;
    39D7 : 01000101;
    39D8 : 10000010;
    39D9 : 10101110;
    39DA : 10110001;
    39DB : 10111001;
    39DC : 10101010;
    39DD : 10110110;
    39DE : 10111001;
    39DF : 10111011;
    39E0 : 10111001;
    39E1 : 01011110;
    39E2 : 11010010;
    39E3 : 11111011;
    39E4 : 11111011;
    39E5 : 11111110;
    39E6 : 11111110;
    39E7 : 11111101;
    39E8 : 11111100;
    39E9 : 11111110;
    39EA : 11111111;
    39EB : 11111111;
    39EC : 11111111;
    39ED : 11111111;
    39EE : 11111111;
    39EF : 11111111;
    39F0 : 11111111;
    39F1 : 11111111;
    39F2 : 11111111;
    39F3 : 11111111;
    39F4 : 11111111;
    39F5 : 11111111;
    39F6 : 11111111;
    39F7 : 11111111;
    39F8 : 11111111;
    39F9 : 11111111;
    39FA : 11111111;
    39FB : 11111111;
    39FC : 11111111;
    39FD : 11111111;
    39FE : 11111111;
    39FF : 11111111;
    3A00 : 11111111;
    3A01 : 11111111;
    3A02 : 11111111;
    3A03 : 11111111;
    3A04 : 11111111;
    3A05 : 11111111;
    3A06 : 11111111;
    3A07 : 11111111;
    3A08 : 11111111;
    3A09 : 11111111;
    3A0A : 11111111;
    3A0B : 11111111;
    3A0C : 11111111;
    3A0D : 11111111;
    3A0E : 11111111;
    3A0F : 11111111;
    3A10 : 11111111;
    3A11 : 11111111;
    3A12 : 11111111;
    3A13 : 11111111;
    3A14 : 11111111;
    3A15 : 11111111;
    3A16 : 11111111;
    3A17 : 11111111;
    3A18 : 11111111;
    3A19 : 11111111;
    3A1A : 11111111;
    3A1B : 11111111;
    3A1C : 11111111;
    3A1D : 11111111;
    3A1E : 11111111;
    3A1F : 11111111;
    3A20 : 11111111;
    3A21 : 11111111;
    3A22 : 11111111;
    3A23 : 11111111;
    3A24 : 11111111;
    3A25 : 11111111;
    3A26 : 11111111;
    3A27 : 11111111;
    3A28 : 11111111;
    3A29 : 11111111;
    3A2A : 11111111;
    3A2B : 11111111;
    3A2C : 11111111;
    3A2D : 11111111;
    3A2E : 11111111;
    3A2F : 11111111;
    3A30 : 11111111;
    3A31 : 11111111;
    3A32 : 11111111;
    3A33 : 11111111;
    3A34 : 11111111;
    3A35 : 11111111;
    3A36 : 11111111;
    3A37 : 11111111;
    3A38 : 11111111;
    3A39 : 11111111;
    3A3A : 11111111;
    3A3B : 11111111;
    3A3C : 11111111;
    3A3D : 11111111;
    3A3E : 11111111;
    3A3F : 11111111;
    3A40 : 11111111;
    3A41 : 11111111;
    3A42 : 11111111;
    3A43 : 11111111;
    3A44 : 11111111;
    3A45 : 11111111;
    3A46 : 11111111;
    3A47 : 11111111;
    3A48 : 11111111;
    3A49 : 11111111;
    3A4A : 11111111;
    3A4B : 11111111;
    3A4C : 11111111;
    3A4D : 11111111;
    3A4E : 11111111;
    3A4F : 11111111;
    3A50 : 11111110;
    3A51 : 11111110;
    3A52 : 11111111;
    3A53 : 11111110;
    3A54 : 11111110;
    3A55 : 11111110;
    3A56 : 11111101;
    3A57 : 11111101;
    3A58 : 11111100;
    3A59 : 11111001;
    3A5A : 11111101;
    3A5B : 11100010;
    3A5C : 10010010;
    3A5D : 10111001;
    3A5E : 11000000;
    3A5F : 10111010;
    3A60 : 10110001;
    3A61 : 10110101;
    3A62 : 10111101;
    3A63 : 10111100;
    3A64 : 01111111;
    3A65 : 00101110;
    3A66 : 00110100;
    3A67 : 01100001;
    3A68 : 01111111;
    3A69 : 01111111;
    3A6A : 10010110;
    3A6B : 10011010;
    3A6C : 10001011;
    3A6D : 10001000;
    3A6E : 10011001;
    3A6F : 10001011;
    3A70 : 10001100;
    3A71 : 01110001;
    3A72 : 01011001;
    3A73 : 01000110;
    3A74 : 00110100;
    3A75 : 00101001;
    3A76 : 01000100;
    3A77 : 00101101;
    3A78 : 01000000;
    3A79 : 10000010;
    3A7A : 10101111;
    3A7B : 10110110;
    3A7C : 10110100;
    3A7D : 10111111;
    3A7E : 10110111;
    3A7F : 10111110;
    3A80 : 10101111;
    3A81 : 01011011;
    3A82 : 11010100;
    3A83 : 11111011;
    3A84 : 11111101;
    3A85 : 11111101;
    3A86 : 11111011;
    3A87 : 11111011;
    3A88 : 11111100;
    3A89 : 11111110;
    3A8A : 11111111;
    3A8B : 11111111;
    3A8C : 11111111;
    3A8D : 11111111;
    3A8E : 11111111;
    3A8F : 11111111;
    3A90 : 11111111;
    3A91 : 11111111;
    3A92 : 11111111;
    3A93 : 11111111;
    3A94 : 11111111;
    3A95 : 11111111;
    3A96 : 11111111;
    3A97 : 11111111;
    3A98 : 11111111;
    3A99 : 11111111;
    3A9A : 11111111;
    3A9B : 11111111;
    3A9C : 11111111;
    3A9D : 11111111;
    3A9E : 11111111;
    3A9F : 11111111;
    3AA0 : 11111111;
    3AA1 : 11111111;
    3AA2 : 11111111;
    3AA3 : 11111111;
    3AA4 : 11111111;
    3AA5 : 11111111;
    3AA6 : 11111111;
    3AA7 : 11111111;
    3AA8 : 11111111;
    3AA9 : 11111111;
    3AAA : 11111111;
    3AAB : 11111111;
    3AAC : 11111111;
    3AAD : 11111111;
    3AAE : 11111111;
    3AAF : 11111111;
    3AB0 : 11111111;
    3AB1 : 11111111;
    3AB2 : 11111111;
    3AB3 : 11111111;
    3AB4 : 11111111;
    3AB5 : 11111111;
    3AB6 : 11111111;
    3AB7 : 11111111;
    3AB8 : 11111111;
    3AB9 : 11111111;
    3ABA : 11111111;
    3ABB : 11111111;
    3ABC : 11111111;
    3ABD : 11111111;
    3ABE : 11111111;
    3ABF : 11111111;
    3AC0 : 11111111;
    3AC1 : 11111111;
    3AC2 : 11111111;
    3AC3 : 11111111;
    3AC4 : 11111111;
    3AC5 : 11111111;
    3AC6 : 11111111;
    3AC7 : 11111111;
    3AC8 : 11111111;
    3AC9 : 11111111;
    3ACA : 11111111;
    3ACB : 11111111;
    3ACC : 11111111;
    3ACD : 11111111;
    3ACE : 11111111;
    3ACF : 11111111;
    3AD0 : 11111111;
    3AD1 : 11111111;
    3AD2 : 11111111;
    3AD3 : 11111111;
    3AD4 : 11111111;
    3AD5 : 11111111;
    3AD6 : 11111111;
    3AD7 : 11111111;
    3AD8 : 11111111;
    3AD9 : 11111111;
    3ADA : 11111111;
    3ADB : 11111111;
    3ADC : 11111111;
    3ADD : 11111111;
    3ADE : 11111111;
    3ADF : 11111111;
    3AE0 : 11111111;
    3AE1 : 11111111;
    3AE2 : 11111111;
    3AE3 : 11111111;
    3AE4 : 11111111;
    3AE5 : 11111111;
    3AE6 : 11111111;
    3AE7 : 11111111;
    3AE8 : 11111111;
    3AE9 : 11111111;
    3AEA : 11111111;
    3AEB : 11111111;
    3AEC : 11111111;
    3AED : 11111111;
    3AEE : 11111111;
    3AEF : 11111111;
    3AF0 : 11111101;
    3AF1 : 11111101;
    3AF2 : 11111101;
    3AF3 : 11111101;
    3AF4 : 11111101;
    3AF5 : 11111101;
    3AF6 : 11111100;
    3AF7 : 11111100;
    3AF8 : 11111011;
    3AF9 : 11111010;
    3AFA : 11111100;
    3AFB : 11100010;
    3AFC : 10010000;
    3AFD : 10110110;
    3AFE : 10111111;
    3AFF : 10111011;
    3B00 : 11000000;
    3B01 : 11000011;
    3B02 : 10111010;
    3B03 : 10000111;
    3B04 : 00110101;
    3B05 : 00110001;
    3B06 : 01001100;
    3B07 : 01111101;
    3B08 : 01111011;
    3B09 : 01110011;
    3B0A : 10010110;
    3B0B : 10010010;
    3B0C : 10001100;
    3B0D : 10010100;
    3B0E : 10000100;
    3B0F : 10001111;
    3B10 : 10000011;
    3B11 : 01100011;
    3B12 : 01010010;
    3B13 : 01000100;
    3B14 : 00111000;
    3B15 : 00111000;
    3B16 : 00110100;
    3B17 : 00110000;
    3B18 : 00110100;
    3B19 : 01000110;
    3B1A : 10000100;
    3B1B : 10101110;
    3B1C : 10110011;
    3B1D : 10110000;
    3B1E : 10110111;
    3B1F : 11000010;
    3B20 : 10100011;
    3B21 : 01011101;
    3B22 : 11011001;
    3B23 : 11111110;
    3B24 : 11111101;
    3B25 : 11111011;
    3B26 : 11111100;
    3B27 : 11111110;
    3B28 : 11111010;
    3B29 : 11111101;
    3B2A : 11111111;
    3B2B : 11111110;
    3B2C : 11111110;
    3B2D : 11111111;
    3B2E : 11111111;
    3B2F : 11111111;
    3B30 : 11111111;
    3B31 : 11111111;
    3B32 : 11111111;
    3B33 : 11111111;
    3B34 : 11111111;
    3B35 : 11111111;
    3B36 : 11111111;
    3B37 : 11111111;
    3B38 : 11111111;
    3B39 : 11111111;
    3B3A : 11111111;
    3B3B : 11111111;
    3B3C : 11111111;
    3B3D : 11111111;
    3B3E : 11111111;
    3B3F : 11111111;
    3B40 : 11111111;
    3B41 : 11111111;
    3B42 : 11111111;
    3B43 : 11111111;
    3B44 : 11111111;
    3B45 : 11111111;
    3B46 : 11111111;
    3B47 : 11111111;
    3B48 : 11111111;
    3B49 : 11111111;
    3B4A : 11111111;
    3B4B : 11111111;
    3B4C : 11111111;
    3B4D : 11111111;
    3B4E : 11111111;
    3B4F : 11111111;
    3B50 : 11111111;
    3B51 : 11111111;
    3B52 : 11111111;
    3B53 : 11111111;
    3B54 : 11111111;
    3B55 : 11111111;
    3B56 : 11111111;
    3B57 : 11111111;
    3B58 : 11111111;
    3B59 : 11111111;
    3B5A : 11111111;
    3B5B : 11111111;
    3B5C : 11111111;
    3B5D : 11111111;
    3B5E : 11111111;
    3B5F : 11111111;
    3B60 : 11111111;
    3B61 : 11111111;
    3B62 : 11111111;
    3B63 : 11111111;
    3B64 : 11111111;
    3B65 : 11111111;
    3B66 : 11111111;
    3B67 : 11111111;
    3B68 : 11111111;
    3B69 : 11111111;
    3B6A : 11111111;
    3B6B : 11111111;
    3B6C : 11111111;
    3B6D : 11111111;
    3B6E : 11111111;
    3B6F : 11111111;
    3B70 : 11111111;
    3B71 : 11111111;
    3B72 : 11111111;
    3B73 : 11111111;
    3B74 : 11111111;
    3B75 : 11111111;
    3B76 : 11111111;
    3B77 : 11111111;
    3B78 : 11111111;
    3B79 : 11111111;
    3B7A : 11111111;
    3B7B : 11111111;
    3B7C : 11111111;
    3B7D : 11111111;
    3B7E : 11111111;
    3B7F : 11111111;
    3B80 : 11111111;
    3B81 : 11111111;
    3B82 : 11111111;
    3B83 : 11111111;
    3B84 : 11111111;
    3B85 : 11111111;
    3B86 : 11111111;
    3B87 : 11111111;
    3B88 : 11111111;
    3B89 : 11111111;
    3B8A : 11111111;
    3B8B : 11111111;
    3B8C : 11111111;
    3B8D : 11111111;
    3B8E : 11111111;
    3B8F : 11111111;
    3B90 : 11111100;
    3B91 : 11111100;
    3B92 : 11111101;
    3B93 : 11111101;
    3B94 : 11111101;
    3B95 : 11111100;
    3B96 : 11111100;
    3B97 : 11111100;
    3B98 : 11111010;
    3B99 : 11111011;
    3B9A : 11111100;
    3B9B : 11100011;
    3B9C : 10010000;
    3B9D : 10110110;
    3B9E : 10111110;
    3B9F : 10111100;
    3BA0 : 10110101;
    3BA1 : 11001000;
    3BA2 : 10001111;
    3BA3 : 00111011;
    3BA4 : 00111100;
    3BA5 : 00110010;
    3BA6 : 00111110;
    3BA7 : 01000111;
    3BA8 : 01010011;
    3BA9 : 01111001;
    3BAA : 10001011;
    3BAB : 10001011;
    3BAC : 01111110;
    3BAD : 10000001;
    3BAE : 10000001;
    3BAF : 10000001;
    3BB0 : 01101010;
    3BB1 : 01011111;
    3BB2 : 01001001;
    3BB3 : 01000010;
    3BB4 : 00110011;
    3BB5 : 01000010;
    3BB6 : 00110000;
    3BB7 : 00100011;
    3BB8 : 00110010;
    3BB9 : 00101101;
    3BBA : 01000110;
    3BBB : 10001010;
    3BBC : 10110000;
    3BBD : 10101101;
    3BBE : 10110000;
    3BBF : 10111010;
    3BC0 : 10100100;
    3BC1 : 01000110;
    3BC2 : 10011101;
    3BC3 : 10111011;
    3BC4 : 11001111;
    3BC5 : 11100111;
    3BC6 : 11101100;
    3BC7 : 11101010;
    3BC8 : 11111001;
    3BC9 : 11111100;
    3BCA : 11111110;
    3BCB : 11111110;
    3BCC : 11111101;
    3BCD : 11111110;
    3BCE : 11111111;
    3BCF : 11111111;
    3BD0 : 11111111;
    3BD1 : 11111111;
    3BD2 : 11111111;
    3BD3 : 11111111;
    3BD4 : 11111111;
    3BD5 : 11111111;
    3BD6 : 11111111;
    3BD7 : 11111111;
    3BD8 : 11111111;
    3BD9 : 11111111;
    3BDA : 11111111;
    3BDB : 11111111;
    3BDC : 11111111;
    3BDD : 11111111;
    3BDE : 11111111;
    3BDF : 11111111;
    3BE0 : 11111111;
    3BE1 : 11111111;
    3BE2 : 11111111;
    3BE3 : 11111111;
    3BE4 : 11111111;
    3BE5 : 11111111;
    3BE6 : 11111111;
    3BE7 : 11111111;
    3BE8 : 11111111;
    3BE9 : 11111111;
    3BEA : 11111111;
    3BEB : 11111111;
    3BEC : 11111111;
    3BED : 11111111;
    3BEE : 11111111;
    3BEF : 11111111;
    3BF0 : 11111111;
    3BF1 : 11111111;
    3BF2 : 11111111;
    3BF3 : 11111111;
    3BF4 : 11111111;
    3BF5 : 11111111;
    3BF6 : 11111111;
    3BF7 : 11111111;
    3BF8 : 11111111;
    3BF9 : 11111111;
    3BFA : 11111111;
    3BFB : 11111111;
    3BFC : 11111111;
    3BFD : 11111111;
    3BFE : 11111111;
    3BFF : 11111111;
    3C00 : 11111111;
    3C01 : 11111111;
    3C02 : 11111111;
    3C03 : 11111111;
    3C04 : 11111111;
    3C05 : 11111111;
    3C06 : 11111111;
    3C07 : 11111111;
    3C08 : 11111111;
    3C09 : 11111111;
    3C0A : 11111111;
    3C0B : 11111111;
    3C0C : 11111111;
    3C0D : 11111111;
    3C0E : 11111111;
    3C0F : 11111111;
    3C10 : 11111111;
    3C11 : 11111111;
    3C12 : 11111111;
    3C13 : 11111111;
    3C14 : 11111111;
    3C15 : 11111111;
    3C16 : 11111111;
    3C17 : 11111111;
    3C18 : 11111111;
    3C19 : 11111111;
    3C1A : 11111111;
    3C1B : 11111111;
    3C1C : 11111111;
    3C1D : 11111111;
    3C1E : 11111111;
    3C1F : 11111111;
    3C20 : 11111111;
    3C21 : 11111111;
    3C22 : 11111111;
    3C23 : 11111111;
    3C24 : 11111111;
    3C25 : 11111111;
    3C26 : 11111111;
    3C27 : 11111111;
    3C28 : 11111111;
    3C29 : 11111111;
    3C2A : 11111111;
    3C2B : 11111111;
    3C2C : 11111111;
    3C2D : 11111110;
    3C2E : 11111110;
    3C2F : 11111110;
    3C30 : 11111101;
    3C31 : 11111101;
    3C32 : 11111110;
    3C33 : 11111010;
    3C34 : 11111001;
    3C35 : 11101000;
    3C36 : 11000010;
    3C37 : 10101111;
    3C38 : 10100010;
    3C39 : 10010100;
    3C3A : 01111001;
    3C3B : 01110000;
    3C3C : 01100111;
    3C3D : 10111011;
    3C3E : 10111100;
    3C3F : 10111101;
    3C40 : 10111011;
    3C41 : 10100000;
    3C42 : 00111101;
    3C43 : 00101110;
    3C44 : 00111010;
    3C45 : 00111000;
    3C46 : 00110101;
    3C47 : 00110110;
    3C48 : 01110000;
    3C49 : 01010111;
    3C4A : 01101110;
    3C4B : 01101010;
    3C4C : 01111001;
    3C4D : 01110011;
    3C4E : 01100111;
    3C4F : 01101101;
    3C50 : 01100001;
    3C51 : 01011011;
    3C52 : 01000010;
    3C53 : 00110111;
    3C54 : 01000110;
    3C55 : 00100100;
    3C56 : 00011111;
    3C57 : 00101111;
    3C58 : 00110101;
    3C59 : 00110100;
    3C5A : 00110010;
    3C5B : 01000011;
    3C5C : 10000101;
    3C5D : 10110010;
    3C5E : 10101000;
    3C5F : 10101011;
    3C60 : 10101101;
    3C61 : 00110011;
    3C62 : 00100000;
    3C63 : 00101111;
    3C64 : 01001010;
    3C65 : 01101010;
    3C66 : 01111110;
    3C67 : 10000011;
    3C68 : 11101100;
    3C69 : 11111011;
    3C6A : 11111110;
    3C6B : 11111101;
    3C6C : 11111111;
    3C6D : 11111111;
    3C6E : 11111100;
    3C6F : 11111110;
    3C70 : 11111111;
    3C71 : 11111111;
    3C72 : 11111111;
    3C73 : 11111111;
    3C74 : 11111111;
    3C75 : 11111111;
    3C76 : 11111111;
    3C77 : 11111111;
    3C78 : 11111111;
    3C79 : 11111111;
    3C7A : 11111111;
    3C7B : 11111111;
    3C7C : 11111111;
    3C7D : 11111111;
    3C7E : 11111111;
    3C7F : 11111111;
    3C80 : 11111111;
    3C81 : 11111111;
    3C82 : 11111111;
    3C83 : 11111111;
    3C84 : 11111111;
    3C85 : 11111111;
    3C86 : 11111111;
    3C87 : 11111111;
    3C88 : 11111111;
    3C89 : 11111111;
    3C8A : 11111111;
    3C8B : 11111111;
    3C8C : 11111111;
    3C8D : 11111111;
    3C8E : 11111111;
    3C8F : 11111111;
    3C90 : 11111111;
    3C91 : 11111111;
    3C92 : 11111111;
    3C93 : 11111111;
    3C94 : 11111111;
    3C95 : 11111111;
    3C96 : 11111111;
    3C97 : 11111111;
    3C98 : 11111111;
    3C99 : 11111111;
    3C9A : 11111111;
    3C9B : 11111111;
    3C9C : 11111111;
    3C9D : 11111111;
    3C9E : 11111111;
    3C9F : 11111111;
    3CA0 : 11111111;
    3CA1 : 11111111;
    3CA2 : 11111111;
    3CA3 : 11111111;
    3CA4 : 11111111;
    3CA5 : 11111111;
    3CA6 : 11111111;
    3CA7 : 11111111;
    3CA8 : 11111111;
    3CA9 : 11111111;
    3CAA : 11111111;
    3CAB : 11111111;
    3CAC : 11111111;
    3CAD : 11111111;
    3CAE : 11111111;
    3CAF : 11111111;
    3CB0 : 11111111;
    3CB1 : 11111111;
    3CB2 : 11111111;
    3CB3 : 11111111;
    3CB4 : 11111111;
    3CB5 : 11111111;
    3CB6 : 11111111;
    3CB7 : 11111111;
    3CB8 : 11111111;
    3CB9 : 11111111;
    3CBA : 11111111;
    3CBB : 11111111;
    3CBC : 11111111;
    3CBD : 11111111;
    3CBE : 11111111;
    3CBF : 11111111;
    3CC0 : 11111111;
    3CC1 : 11111111;
    3CC2 : 11111111;
    3CC3 : 11111111;
    3CC4 : 11111111;
    3CC5 : 11111111;
    3CC6 : 11111111;
    3CC7 : 11111111;
    3CC8 : 11111111;
    3CC9 : 11111111;
    3CCA : 11111111;
    3CCB : 11111111;
    3CCC : 11111111;
    3CCD : 11111110;
    3CCE : 11111110;
    3CCF : 11111101;
    3CD0 : 11111111;
    3CD1 : 11111111;
    3CD2 : 11111010;
    3CD3 : 11110111;
    3CD4 : 11110110;
    3CD5 : 11010101;
    3CD6 : 01101001;
    3CD7 : 00011111;
    3CD8 : 00011110;
    3CD9 : 00011001;
    3CDA : 00100110;
    3CDB : 00101011;
    3CDC : 01010111;
    3CDD : 10111001;
    3CDE : 10110111;
    3CDF : 10111111;
    3CE0 : 10101111;
    3CE1 : 00111110;
    3CE2 : 00110111;
    3CE3 : 01000010;
    3CE4 : 00110101;
    3CE5 : 00110101;
    3CE6 : 00111001;
    3CE7 : 00110111;
    3CE8 : 00111011;
    3CE9 : 01001110;
    3CEA : 01011000;
    3CEB : 01001010;
    3CEC : 01111010;
    3CED : 01100001;
    3CEE : 01010100;
    3CEF : 01010111;
    3CF0 : 01100001;
    3CF1 : 01001001;
    3CF2 : 01000110;
    3CF3 : 00110101;
    3CF4 : 00111000;
    3CF5 : 00110011;
    3CF6 : 00011001;
    3CF7 : 00101110;
    3CF8 : 00110000;
    3CF9 : 00110010;
    3CFA : 00110000;
    3CFB : 00101111;
    3CFC : 01010010;
    3CFD : 10001111;
    3CFE : 10110010;
    3CFF : 10110011;
    3D00 : 10011110;
    3D01 : 00101111;
    3D02 : 00011011;
    3D03 : 00101100;
    3D04 : 00110101;
    3D05 : 01000000;
    3D06 : 00111110;
    3D07 : 01110001;
    3D08 : 11110001;
    3D09 : 11111011;
    3D0A : 11111110;
    3D0B : 11111101;
    3D0C : 11111111;
    3D0D : 11111110;
    3D0E : 11111101;
    3D0F : 11111110;
    3D10 : 11111111;
    3D11 : 11111111;
    3D12 : 11111111;
    3D13 : 11111111;
    3D14 : 11111111;
    3D15 : 11111111;
    3D16 : 11111111;
    3D17 : 11111111;
    3D18 : 11111111;
    3D19 : 11111111;
    3D1A : 11111111;
    3D1B : 11111111;
    3D1C : 11111111;
    3D1D : 11111111;
    3D1E : 11111111;
    3D1F : 11111111;
    3D20 : 11111111;
    3D21 : 11111111;
    3D22 : 11111111;
    3D23 : 11111111;
    3D24 : 11111111;
    3D25 : 11111111;
    3D26 : 11111111;
    3D27 : 11111111;
    3D28 : 11111111;
    3D29 : 11111111;
    3D2A : 11111111;
    3D2B : 11111111;
    3D2C : 11111111;
    3D2D : 11111111;
    3D2E : 11111111;
    3D2F : 11111111;
    3D30 : 11111111;
    3D31 : 11111111;
    3D32 : 11111111;
    3D33 : 11111111;
    3D34 : 11111111;
    3D35 : 11111111;
    3D36 : 11111111;
    3D37 : 11111111;
    3D38 : 11111111;
    3D39 : 11111111;
    3D3A : 11111111;
    3D3B : 11111111;
    3D3C : 11111111;
    3D3D : 11111111;
    3D3E : 11111111;
    3D3F : 11111111;
    3D40 : 11111111;
    3D41 : 11111111;
    3D42 : 11111111;
    3D43 : 11111111;
    3D44 : 11111111;
    3D45 : 11111111;
    3D46 : 11111111;
    3D47 : 11111111;
    3D48 : 11111111;
    3D49 : 11111111;
    3D4A : 11111111;
    3D4B : 11111111;
    3D4C : 11111111;
    3D4D : 11111111;
    3D4E : 11111111;
    3D4F : 11111111;
    3D50 : 11111111;
    3D51 : 11111111;
    3D52 : 11111111;
    3D53 : 11111111;
    3D54 : 11111111;
    3D55 : 11111111;
    3D56 : 11111111;
    3D57 : 11111111;
    3D58 : 11111111;
    3D59 : 11111111;
    3D5A : 11111111;
    3D5B : 11111111;
    3D5C : 11111111;
    3D5D : 11111111;
    3D5E : 11111111;
    3D5F : 11111111;
    3D60 : 11111111;
    3D61 : 11111111;
    3D62 : 11111111;
    3D63 : 11111111;
    3D64 : 11111111;
    3D65 : 11111111;
    3D66 : 11111111;
    3D67 : 11111111;
    3D68 : 11111110;
    3D69 : 11111110;
    3D6A : 11111111;
    3D6B : 11111110;
    3D6C : 11111110;
    3D6D : 11111110;
    3D6E : 11111101;
    3D6F : 11111101;
    3D70 : 11111100;
    3D71 : 11111010;
    3D72 : 11110111;
    3D73 : 11111101;
    3D74 : 11111111;
    3D75 : 11101001;
    3D76 : 01111011;
    3D77 : 00100001;
    3D78 : 00101101;
    3D79 : 00110100;
    3D7A : 01001011;
    3D7B : 01001001;
    3D7C : 01001110;
    3D7D : 10101100;
    3D7E : 11001010;
    3D7F : 10101010;
    3D80 : 01001110;
    3D81 : 00101000;
    3D82 : 00111010;
    3D83 : 00110001;
    3D84 : 00110100;
    3D85 : 00111000;
    3D86 : 00110111;
    3D87 : 00110101;
    3D88 : 00101011;
    3D89 : 01010001;
    3D8A : 01001101;
    3D8B : 00110010;
    3D8C : 01101000;
    3D8D : 01000011;
    3D8E : 01011000;
    3D8F : 01100010;
    3D90 : 01001101;
    3D91 : 01000101;
    3D92 : 01001111;
    3D93 : 01001110;
    3D94 : 00011111;
    3D95 : 00011100;
    3D96 : 00101001;
    3D97 : 00110000;
    3D98 : 00110010;
    3D99 : 00101111;
    3D9A : 00110000;
    3D9B : 00110010;
    3D9C : 00110101;
    3D9D : 01011000;
    3D9E : 10010100;
    3D9F : 10110100;
    3DA0 : 10100000;
    3DA1 : 00110001;
    3DA2 : 00011010;
    3DA3 : 00100101;
    3DA4 : 00101010;
    3DA5 : 01000010;
    3DA6 : 01000100;
    3DA7 : 10100010;
    3DA8 : 11110110;
    3DA9 : 11111010;
    3DAA : 11111101;
    3DAB : 11111110;
    3DAC : 11111110;
    3DAD : 11111101;
    3DAE : 11111110;
    3DAF : 11111111;
    3DB0 : 11111111;
    3DB1 : 11111111;
    3DB2 : 11111111;
    3DB3 : 11111111;
    3DB4 : 11111111;
    3DB5 : 11111111;
    3DB6 : 11111111;
    3DB7 : 11111111;
    3DB8 : 11111111;
    3DB9 : 11111111;
    3DBA : 11111111;
    3DBB : 11111111;
    3DBC : 11111111;
    3DBD : 11111111;
    3DBE : 11111111;
    3DBF : 11111111;
    3DC0 : 11111111;
    3DC1 : 11111111;
    3DC2 : 11111111;
    3DC3 : 11111111;
    3DC4 : 11111111;
    3DC5 : 11111111;
    3DC6 : 11111111;
    3DC7 : 11111111;
    3DC8 : 11111111;
    3DC9 : 11111111;
    3DCA : 11111111;
    3DCB : 11111111;
    3DCC : 11111111;
    3DCD : 11111111;
    3DCE : 11111111;
    3DCF : 11111111;
    3DD0 : 11111111;
    3DD1 : 11111111;
    3DD2 : 11111111;
    3DD3 : 11111111;
    3DD4 : 11111111;
    3DD5 : 11111111;
    3DD6 : 11111111;
    3DD7 : 11111111;
    3DD8 : 11111111;
    3DD9 : 11111111;
    3DDA : 11111111;
    3DDB : 11111111;
    3DDC : 11111111;
    3DDD : 11111111;
    3DDE : 11111111;
    3DDF : 11111111;
    3DE0 : 11111111;
    3DE1 : 11111111;
    3DE2 : 11111111;
    3DE3 : 11111111;
    3DE4 : 11111111;
    3DE5 : 11111111;
    3DE6 : 11111111;
    3DE7 : 11111111;
    3DE8 : 11111111;
    3DE9 : 11111111;
    3DEA : 11111111;
    3DEB : 11111111;
    3DEC : 11111111;
    3DED : 11111111;
    3DEE : 11111111;
    3DEF : 11111111;
    3DF0 : 11111111;
    3DF1 : 11111111;
    3DF2 : 11111111;
    3DF3 : 11111111;
    3DF4 : 11111111;
    3DF5 : 11111111;
    3DF6 : 11111111;
    3DF7 : 11111111;
    3DF8 : 11111111;
    3DF9 : 11111111;
    3DFA : 11111111;
    3DFB : 11111111;
    3DFC : 11111111;
    3DFD : 11111111;
    3DFE : 11111111;
    3DFF : 11111111;
    3E00 : 11111111;
    3E01 : 11111111;
    3E02 : 11111111;
    3E03 : 11111111;
    3E04 : 11111111;
    3E05 : 11111111;
    3E06 : 11111111;
    3E07 : 11111111;
    3E08 : 11111111;
    3E09 : 11111111;
    3E0A : 11111111;
    3E0B : 11111111;
    3E0C : 11111110;
    3E0D : 11111110;
    3E0E : 11111101;
    3E0F : 11111101;
    3E10 : 11111110;
    3E11 : 11111111;
    3E12 : 11111110;
    3E13 : 11111001;
    3E14 : 11110110;
    3E15 : 11111001;
    3E16 : 10101000;
    3E17 : 00101010;
    3E18 : 00101100;
    3E19 : 00110101;
    3E1A : 01001010;
    3E1B : 01011111;
    3E1C : 01001100;
    3E1D : 10101010;
    3E1E : 10110001;
    3E1F : 01010100;
    3E20 : 00100111;
    3E21 : 00111010;
    3E22 : 00111001;
    3E23 : 00110101;
    3E24 : 00110110;
    3E25 : 00110100;
    3E26 : 00110000;
    3E27 : 00110011;
    3E28 : 00110101;
    3E29 : 00110100;
    3E2A : 00111110;
    3E2B : 00111111;
    3E2C : 01011110;
    3E2D : 00111001;
    3E2E : 01011111;
    3E2F : 01001010;
    3E30 : 01001010;
    3E31 : 01010001;
    3E32 : 00101011;
    3E33 : 00110010;
    3E34 : 00101100;
    3E35 : 00100111;
    3E36 : 00110010;
    3E37 : 00101101;
    3E38 : 00110011;
    3E39 : 00101101;
    3E3A : 00101100;
    3E3B : 00110100;
    3E3C : 00110010;
    3E3D : 00101111;
    3E3E : 01011011;
    3E3F : 10011101;
    3E40 : 10011100;
    3E41 : 00110001;
    3E42 : 00101101;
    3E43 : 00101001;
    3E44 : 00011110;
    3E45 : 00101011;
    3E46 : 01000011;
    3E47 : 10111110;
    3E48 : 11111001;
    3E49 : 11111000;
    3E4A : 11111011;
    3E4B : 11111111;
    3E4C : 11111110;
    3E4D : 11111101;
    3E4E : 11111111;
    3E4F : 11111111;
    3E50 : 11111111;
    3E51 : 11111111;
    3E52 : 11111111;
    3E53 : 11111111;
    3E54 : 11111111;
    3E55 : 11111111;
    3E56 : 11111111;
    3E57 : 11111111;
    3E58 : 11111111;
    3E59 : 11111111;
    3E5A : 11111111;
    3E5B : 11111111;
    3E5C : 11111111;
    3E5D : 11111111;
    3E5E : 11111111;
    3E5F : 11111111;
    3E60 : 11111111;
    3E61 : 11111111;
    3E62 : 11111111;
    3E63 : 11111111;
    3E64 : 11111111;
    3E65 : 11111111;
    3E66 : 11111111;
    3E67 : 11111111;
    3E68 : 11111111;
    3E69 : 11111111;
    3E6A : 11111111;
    3E6B : 11111111;
    3E6C : 11111111;
    3E6D : 11111111;
    3E6E : 11111111;
    3E6F : 11111111;
    3E70 : 11111111;
    3E71 : 11111111;
    3E72 : 11111111;
    3E73 : 11111111;
    3E74 : 11111111;
    3E75 : 11111111;
    3E76 : 11111111;
    3E77 : 11111111;
    3E78 : 11111111;
    3E79 : 11111111;
    3E7A : 11111111;
    3E7B : 11111111;
    3E7C : 11111111;
    3E7D : 11111111;
    3E7E : 11111111;
    3E7F : 11111111;
    3E80 : 11111111;
    3E81 : 11111111;
    3E82 : 11111111;
    3E83 : 11111111;
    3E84 : 11111111;
    3E85 : 11111111;
    3E86 : 11111111;
    3E87 : 11111111;
    3E88 : 11111111;
    3E89 : 11111111;
    3E8A : 11111111;
    3E8B : 11111111;
    3E8C : 11111111;
    3E8D : 11111111;
    3E8E : 11111111;
    3E8F : 11111111;
    3E90 : 11111111;
    3E91 : 11111111;
    3E92 : 11111111;
    3E93 : 11111111;
    3E94 : 11111111;
    3E95 : 11111111;
    3E96 : 11111111;
    3E97 : 11111111;
    3E98 : 11111111;
    3E99 : 11111111;
    3E9A : 11111111;
    3E9B : 11111111;
    3E9C : 11111111;
    3E9D : 11111111;
    3E9E : 11111111;
    3E9F : 11111111;
    3EA0 : 11111111;
    3EA1 : 11111111;
    3EA2 : 11111111;
    3EA3 : 11111111;
    3EA4 : 11111111;
    3EA5 : 11111111;
    3EA6 : 11111111;
    3EA7 : 11111111;
    3EA8 : 11111111;
    3EA9 : 11111111;
    3EAA : 11111111;
    3EAB : 11111111;
    3EAC : 11111111;
    3EAD : 11111110;
    3EAE : 11111110;
    3EAF : 11111110;
    3EB0 : 11111101;
    3EB1 : 11110111;
    3EB2 : 11111100;
    3EB3 : 11111100;
    3EB4 : 11110110;
    3EB5 : 11111010;
    3EB6 : 11001100;
    3EB7 : 01000011;
    3EB8 : 00111100;
    3EB9 : 01001001;
    3EBA : 01100011;
    3EBB : 10000000;
    3EBC : 01101111;
    3EBD : 10011000;
    3EBE : 01100111;
    3EBF : 00100101;
    3EC0 : 00111010;
    3EC1 : 00110101;
    3EC2 : 00110001;
    3EC3 : 00110111;
    3EC4 : 00110110;
    3EC5 : 00111100;
    3EC6 : 00101100;
    3EC7 : 00110111;
    3EC8 : 00110111;
    3EC9 : 00110111;
    3ECA : 00101100;
    3ECB : 00101011;
    3ECC : 01001111;
    3ECD : 00101101;
    3ECE : 01000001;
    3ECF : 01001011;
    3ED0 : 00110011;
    3ED1 : 00111011;
    3ED2 : 00101100;
    3ED3 : 00101000;
    3ED4 : 00110001;
    3ED5 : 00110001;
    3ED6 : 00101110;
    3ED7 : 00110011;
    3ED8 : 00101100;
    3ED9 : 00110000;
    3EDA : 00110101;
    3EDB : 00110101;
    3EDC : 00111010;
    3EDD : 00110010;
    3EDE : 00110110;
    3EDF : 01100011;
    3EE0 : 10010001;
    3EE1 : 01001100;
    3EE2 : 01101101;
    3EE3 : 01100100;
    3EE4 : 01010010;
    3EE5 : 00110100;
    3EE6 : 01010110;
    3EE7 : 11100011;
    3EE8 : 11111001;
    3EE9 : 11110111;
    3EEA : 11111010;
    3EEB : 11111111;
    3EEC : 11111111;
    3EED : 11111110;
    3EEE : 11111111;
    3EEF : 11111111;
    3EF0 : 11111111;
    3EF1 : 11111111;
    3EF2 : 11111111;
    3EF3 : 11111111;
    3EF4 : 11111111;
    3EF5 : 11111111;
    3EF6 : 11111111;
    3EF7 : 11111111;
    3EF8 : 11111111;
    3EF9 : 11111111;
    3EFA : 11111111;
    3EFB : 11111111;
    3EFC : 11111111;
    3EFD : 11111111;
    3EFE : 11111111;
    3EFF : 11111111;
    3F00 : 11111111;
    3F01 : 11111111;
    3F02 : 11111111;
    3F03 : 11111111;
    3F04 : 11111111;
    3F05 : 11111111;
    3F06 : 11111111;
    3F07 : 11111111;
    3F08 : 11111111;
    3F09 : 11111111;
    3F0A : 11111111;
    3F0B : 11111111;
    3F0C : 11111111;
    3F0D : 11111111;
    3F0E : 11111111;
    3F0F : 11111111;
    3F10 : 11111111;
    3F11 : 11111111;
    3F12 : 11111111;
    3F13 : 11111111;
    3F14 : 11111111;
    3F15 : 11111111;
    3F16 : 11111111;
    3F17 : 11111111;
    3F18 : 11111111;
    3F19 : 11111111;
    3F1A : 11111111;
    3F1B : 11111111;
    3F1C : 11111111;
    3F1D : 11111111;
    3F1E : 11111111;
    3F1F : 11111111;
    3F20 : 11111111;
    3F21 : 11111111;
    3F22 : 11111111;
    3F23 : 11111111;
    3F24 : 11111111;
    3F25 : 11111111;
    3F26 : 11111111;
    3F27 : 11111111;
    3F28 : 11111111;
    3F29 : 11111111;
    3F2A : 11111111;
    3F2B : 11111111;
    3F2C : 11111111;
    3F2D : 11111111;
    3F2E : 11111111;
    3F2F : 11111111;
    3F30 : 11111111;
    3F31 : 11111111;
    3F32 : 11111111;
    3F33 : 11111111;
    3F34 : 11111111;
    3F35 : 11111111;
    3F36 : 11111111;
    3F37 : 11111111;
    3F38 : 11111111;
    3F39 : 11111111;
    3F3A : 11111111;
    3F3B : 11111111;
    3F3C : 11111111;
    3F3D : 11111111;
    3F3E : 11111111;
    3F3F : 11111111;
    3F40 : 11111111;
    3F41 : 11111111;
    3F42 : 11111111;
    3F43 : 11111111;
    3F44 : 11111111;
    3F45 : 11111111;
    3F46 : 11111111;
    3F47 : 11111111;
    3F48 : 11111111;
    3F49 : 11111111;
    3F4A : 11111111;
    3F4B : 11111111;
    3F4C : 11111111;
    3F4D : 11111110;
    3F4E : 11111110;
    3F4F : 11111110;
    3F50 : 11111100;
    3F51 : 11110011;
    3F52 : 11110111;
    3F53 : 11111000;
    3F54 : 11111010;
    3F55 : 11110111;
    3F56 : 11011011;
    3F57 : 01101111;
    3F58 : 01011110;
    3F59 : 10000000;
    3F5A : 10011101;
    3F5B : 10110000;
    3F5C : 10000011;
    3F5D : 01010100;
    3F5E : 00111100;
    3F5F : 01000011;
    3F60 : 00110101;
    3F61 : 00111001;
    3F62 : 00111101;
    3F63 : 00110011;
    3F64 : 00110101;
    3F65 : 00111110;
    3F66 : 00110111;
    3F67 : 00110111;
    3F68 : 00110011;
    3F69 : 00110011;
    3F6A : 00111000;
    3F6B : 00111011;
    3F6C : 00111011;
    3F6D : 00100101;
    3F6E : 00110011;
    3F6F : 00110110;
    3F70 : 00101100;
    3F71 : 00100100;
    3F72 : 00110101;
    3F73 : 00110011;
    3F74 : 00101110;
    3F75 : 00110010;
    3F76 : 00110101;
    3F77 : 00101111;
    3F78 : 00101111;
    3F79 : 00101100;
    3F7A : 00110010;
    3F7B : 00101110;
    3F7C : 00110101;
    3F7D : 00111100;
    3F7E : 00110011;
    3F7F : 00111111;
    3F80 : 01000111;
    3F81 : 01000011;
    3F82 : 01111110;
    3F83 : 10001010;
    3F84 : 10100110;
    3F85 : 10000011;
    3F86 : 10010000;
    3F87 : 11110101;
    3F88 : 11111001;
    3F89 : 11111001;
    3F8A : 11111010;
    3F8B : 11111110;
    3F8C : 11111111;
    3F8D : 11111110;
    3F8E : 11111101;
    3F8F : 11111111;
    3F90 : 11111111;
    3F91 : 11111111;
    3F92 : 11111111;
    3F93 : 11111111;
    3F94 : 11111111;
    3F95 : 11111111;
    3F96 : 11111111;
    3F97 : 11111111;
    3F98 : 11111111;
    3F99 : 11111111;
    3F9A : 11111111;
    3F9B : 11111111;
    3F9C : 11111111;
    3F9D : 11111111;
    3F9E : 11111111;
    3F9F : 11111111;
    3FA0 : 11111111;
    3FA1 : 11111111;
    3FA2 : 11111111;
    3FA3 : 11111111;
    3FA4 : 11111111;
    3FA5 : 11111111;
    3FA6 : 11111111;
    3FA7 : 11111111;
    3FA8 : 11111111;
    3FA9 : 11111111;
    3FAA : 11111111;
    3FAB : 11111111;
    3FAC : 11111111;
    3FAD : 11111111;
    3FAE : 11111111;
    3FAF : 11111111;
    3FB0 : 11111111;
    3FB1 : 11111111;
    3FB2 : 11111111;
    3FB3 : 11111111;
    3FB4 : 11111111;
    3FB5 : 11111111;
    3FB6 : 11111111;
    3FB7 : 11111111;
    3FB8 : 11111111;
    3FB9 : 11111111;
    3FBA : 11111111;
    3FBB : 11111111;
    3FBC : 11111111;
    3FBD : 11111111;
    3FBE : 11111111;
    3FBF : 11111111;
    3FC0 : 11111111;
    3FC1 : 11111111;
    3FC2 : 11111111;
    3FC3 : 11111111;
    3FC4 : 11111111;
    3FC5 : 11111111;
    3FC6 : 11111111;
    3FC7 : 11111111;
    3FC8 : 11111111;
    3FC9 : 11111111;
    3FCA : 11111111;
    3FCB : 11111111;
    3FCC : 11111111;
    3FCD : 11111111;
    3FCE : 11111111;
    3FCF : 11111111;
    3FD0 : 11111111;
    3FD1 : 11111111;
    3FD2 : 11111111;
    3FD3 : 11111111;
    3FD4 : 11111111;
    3FD5 : 11111111;
    3FD6 : 11111111;
    3FD7 : 11111111;
    3FD8 : 11111111;
    3FD9 : 11111111;
    3FDA : 11111111;
    3FDB : 11111111;
    3FDC : 11111111;
    3FDD : 11111111;
    3FDE : 11111111;
    3FDF : 11111111;
    3FE0 : 11111111;
    3FE1 : 11111111;
    3FE2 : 11111111;
    3FE3 : 11111111;
    3FE4 : 11111111;
    3FE5 : 11111111;
    3FE6 : 11111111;
    3FE7 : 11111111;
    3FE8 : 11111111;
    3FE9 : 11111111;
    3FEA : 11111111;
    3FEB : 11111111;
    3FEC : 11111111;
    3FED : 11111110;
    3FEE : 11111110;
    3FEF : 11111101;
    3FF0 : 11111000;
    3FF1 : 11111110;
    3FF2 : 11111011;
    3FF3 : 11110100;
    3FF4 : 11111110;
    3FF5 : 11101100;
    3FF6 : 10111110;
    3FF7 : 10000010;
    3FF8 : 10010000;
    3FF9 : 10110100;
    3FFA : 10111101;
    3FFB : 10111101;
    3FFC : 10001000;
    3FFD : 00111011;
    3FFE : 00110100;
    3FFF : 00101110;
    4000 : 00110101;
    4001 : 00111001;
    4002 : 01000010;
    4003 : 01000000;
    4004 : 00110101;
    4005 : 00110010;
    4006 : 01000000;
    4007 : 00110110;
    4008 : 00111001;
    4009 : 00111010;
    400A : 00110110;
    400B : 00110111;
    400C : 00111000;
    400D : 00101111;
    400E : 00101111;
    400F : 00100111;
    4010 : 00110001;
    4011 : 00110100;
    4012 : 00110011;
    4013 : 00101110;
    4014 : 00110001;
    4015 : 00101110;
    4016 : 00110100;
    4017 : 00111101;
    4018 : 00111010;
    4019 : 00110100;
    401A : 00111001;
    401B : 00111000;
    401C : 00110010;
    401D : 00101000;
    401E : 00011100;
    401F : 00011101;
    4020 : 00110110;
    4021 : 01010110;
    4022 : 10000101;
    4023 : 10100110;
    4024 : 11100101;
    4025 : 11100001;
    4026 : 11010101;
    4027 : 11110010;
    4028 : 11111001;
    4029 : 11111101;
    402A : 11111100;
    402B : 11111100;
    402C : 11111111;
    402D : 11111111;
    402E : 11111100;
    402F : 11111111;
    4030 : 11111111;
    4031 : 11111111;
    4032 : 11111111;
    4033 : 11111111;
    4034 : 11111111;
    4035 : 11111111;
    4036 : 11111111;
    4037 : 11111111;
    4038 : 11111111;
    4039 : 11111111;
    403A : 11111111;
    403B : 11111111;
    403C : 11111111;
    403D : 11111111;
    403E : 11111111;
    403F : 11111111;
    4040 : 11111111;
    4041 : 11111111;
    4042 : 11111111;
    4043 : 11111111;
    4044 : 11111111;
    4045 : 11111111;
    4046 : 11111111;
    4047 : 11111111;
    4048 : 11111111;
    4049 : 11111111;
    404A : 11111111;
    404B : 11111111;
    404C : 11111111;
    404D : 11111111;
    404E : 11111111;
    404F : 11111111;
    4050 : 11111111;
    4051 : 11111111;
    4052 : 11111111;
    4053 : 11111111;
    4054 : 11111111;
    4055 : 11111111;
    4056 : 11111111;
    4057 : 11111111;
    4058 : 11111111;
    4059 : 11111111;
    405A : 11111111;
    405B : 11111111;
    405C : 11111111;
    405D : 11111111;
    405E : 11111111;
    405F : 11111111;
    4060 : 11111111;
    4061 : 11111111;
    4062 : 11111111;
    4063 : 11111111;
    4064 : 11111111;
    4065 : 11111111;
    4066 : 11111111;
    4067 : 11111111;
    4068 : 11111111;
    4069 : 11111111;
    406A : 11111111;
    406B : 11111111;
    406C : 11111111;
    406D : 11111111;
    406E : 11111111;
    406F : 11111111;
    4070 : 11111111;
    4071 : 11111111;
    4072 : 11111111;
    4073 : 11111111;
    4074 : 11111111;
    4075 : 11111111;
    4076 : 11111111;
    4077 : 11111111;
    4078 : 11111111;
    4079 : 11111111;
    407A : 11111111;
    407B : 11111111;
    407C : 11111111;
    407D : 11111111;
    407E : 11111111;
    407F : 11111111;
    4080 : 11111111;
    4081 : 11111111;
    4082 : 11111111;
    4083 : 11111111;
    4084 : 11111111;
    4085 : 11111111;
    4086 : 11111111;
    4087 : 11111111;
    4088 : 11111110;
    4089 : 11111111;
    408A : 11111111;
    408B : 11111111;
    408C : 11111110;
    408D : 11111110;
    408E : 11111101;
    408F : 11111101;
    4090 : 11111100;
    4091 : 11111100;
    4092 : 11110111;
    4093 : 11111010;
    4094 : 11101111;
    4095 : 10011111;
    4096 : 01100010;
    4097 : 10000010;
    4098 : 10101010;
    4099 : 11000110;
    409A : 11000101;
    409B : 10111000;
    409C : 10110100;
    409D : 10011111;
    409E : 10000000;
    409F : 01010110;
    40A0 : 00101101;
    40A1 : 00101101;
    40A2 : 00101010;
    40A3 : 00101100;
    40A4 : 00111000;
    40A5 : 00111010;
    40A6 : 00110110;
    40A7 : 01000000;
    40A8 : 00111100;
    40A9 : 00111110;
    40AA : 00111001;
    40AB : 00111000;
    40AC : 00110110;
    40AD : 00110010;
    40AE : 00111001;
    40AF : 00110011;
    40B0 : 00110111;
    40B1 : 00101101;
    40B2 : 00110001;
    40B3 : 00110101;
    40B4 : 00111001;
    40B5 : 00111100;
    40B6 : 00110101;
    40B7 : 00110101;
    40B8 : 00111001;
    40B9 : 00110100;
    40BA : 00100101;
    40BB : 00100000;
    40BC : 00011111;
    40BD : 00100011;
    40BE : 00111111;
    40BF : 01011111;
    40C0 : 01110011;
    40C1 : 10001000;
    40C2 : 10010000;
    40C3 : 10101101;
    40C4 : 11011110;
    40C5 : 11110100;
    40C6 : 11110011;
    40C7 : 11110110;
    40C8 : 11111010;
    40C9 : 11111111;
    40CA : 11111101;
    40CB : 11111011;
    40CC : 11111111;
    40CD : 11111111;
    40CE : 11111011;
    40CF : 11111111;
    40D0 : 11111111;
    40D1 : 11111111;
    40D2 : 11111111;
    40D3 : 11111111;
    40D4 : 11111111;
    40D5 : 11111111;
    40D6 : 11111111;
    40D7 : 11111111;
    40D8 : 11111111;
    40D9 : 11111111;
    40DA : 11111111;
    40DB : 11111111;
    40DC : 11111111;
    40DD : 11111111;
    40DE : 11111111;
    40DF : 11111111;
    40E0 : 11111111;
    40E1 : 11111111;
    40E2 : 11111111;
    40E3 : 11111111;
    40E4 : 11111111;
    40E5 : 11111111;
    40E6 : 11111111;
    40E7 : 11111111;
    40E8 : 11111111;
    40E9 : 11111111;
    40EA : 11111111;
    40EB : 11111111;
    40EC : 11111111;
    40ED : 11111111;
    40EE : 11111111;
    40EF : 11111111;
    40F0 : 11111111;
    40F1 : 11111111;
    40F2 : 11111111;
    40F3 : 11111111;
    40F4 : 11111111;
    40F5 : 11111111;
    40F6 : 11111111;
    40F7 : 11111111;
    40F8 : 11111111;
    40F9 : 11111111;
    40FA : 11111111;
    40FB : 11111111;
    40FC : 11111111;
    40FD : 11111111;
    40FE : 11111111;
    40FF : 11111111;
    4100 : 11111111;
    4101 : 11111111;
    4102 : 11111111;
    4103 : 11111111;
    4104 : 11111111;
    4105 : 11111111;
    4106 : 11111111;
    4107 : 11111111;
    4108 : 11111111;
    4109 : 11111111;
    410A : 11111111;
    410B : 11111111;
    410C : 11111111;
    410D : 11111111;
    410E : 11111111;
    410F : 11111111;
    4110 : 11111111;
    4111 : 11111111;
    4112 : 11111111;
    4113 : 11111111;
    4114 : 11111111;
    4115 : 11111111;
    4116 : 11111111;
    4117 : 11111111;
    4118 : 11111111;
    4119 : 11111111;
    411A : 11111111;
    411B : 11111111;
    411C : 11111111;
    411D : 11111111;
    411E : 11111111;
    411F : 11111111;
    4120 : 11111111;
    4121 : 11111111;
    4122 : 11111111;
    4123 : 11111111;
    4124 : 11111111;
    4125 : 11111111;
    4126 : 11111111;
    4127 : 11111111;
    4128 : 11111111;
    4129 : 11111111;
    412A : 11111111;
    412B : 11111111;
    412C : 11111111;
    412D : 11111111;
    412E : 11111110;
    412F : 11111110;
    4130 : 11111010;
    4131 : 11111001;
    4132 : 11110000;
    4133 : 11110101;
    4134 : 10110000;
    4135 : 01001110;
    4136 : 01011010;
    4137 : 10010101;
    4138 : 10110001;
    4139 : 11001001;
    413A : 10111111;
    413B : 10111011;
    413C : 10111001;
    413D : 11000010;
    413E : 10111101;
    413F : 10111101;
    4140 : 10101000;
    4141 : 01111010;
    4142 : 01010110;
    4143 : 00111010;
    4144 : 00101100;
    4145 : 00101001;
    4146 : 00101001;
    4147 : 00101100;
    4148 : 00101111;
    4149 : 00101011;
    414A : 00110010;
    414B : 00101010;
    414C : 00110000;
    414D : 00110111;
    414E : 00110100;
    414F : 00101101;
    4150 : 00110001;
    4151 : 00110010;
    4152 : 00101110;
    4153 : 00101011;
    4154 : 00101000;
    4155 : 00100010;
    4156 : 00100000;
    4157 : 00100000;
    4158 : 00100101;
    4159 : 00100111;
    415A : 00100010;
    415B : 01000001;
    415C : 01100001;
    415D : 01110000;
    415E : 01110000;
    415F : 01101111;
    4160 : 01101111;
    4161 : 10001010;
    4162 : 11000011;
    4163 : 11100110;
    4164 : 11101100;
    4165 : 11111001;
    4166 : 11110100;
    4167 : 11111001;
    4168 : 11111000;
    4169 : 11111100;
    416A : 11111011;
    416B : 11111111;
    416C : 11111111;
    416D : 11111111;
    416E : 11111101;
    416F : 11111111;
    4170 : 11111111;
    4171 : 11111111;
    4172 : 11111111;
    4173 : 11111111;
    4174 : 11111111;
    4175 : 11111111;
    4176 : 11111111;
    4177 : 11111111;
    4178 : 11111111;
    4179 : 11111111;
    417A : 11111111;
    417B : 11111111;
    417C : 11111111;
    417D : 11111111;
    417E : 11111111;
    417F : 11111111;
    4180 : 11111111;
    4181 : 11111111;
    4182 : 11111111;
    4183 : 11111111;
    4184 : 11111111;
    4185 : 11111111;
    4186 : 11111111;
    4187 : 11111111;
    4188 : 11111111;
    4189 : 11111111;
    418A : 11111111;
    418B : 11111111;
    418C : 11111111;
    418D : 11111111;
    418E : 11111111;
    418F : 11111111;
    4190 : 11111111;
    4191 : 11111111;
    4192 : 11111111;
    4193 : 11111111;
    4194 : 11111111;
    4195 : 11111111;
    4196 : 11111111;
    4197 : 11111111;
    4198 : 11111111;
    4199 : 11111111;
    419A : 11111111;
    419B : 11111111;
    419C : 11111111;
    419D : 11111111;
    419E : 11111111;
    419F : 11111111;
    41A0 : 11111111;
    41A1 : 11111111;
    41A2 : 11111111;
    41A3 : 11111111;
    41A4 : 11111111;
    41A5 : 11111111;
    41A6 : 11111111;
    41A7 : 11111111;
    41A8 : 11111111;
    41A9 : 11111111;
    41AA : 11111111;
    41AB : 11111111;
    41AC : 11111111;
    41AD : 11111111;
    41AE : 11111111;
    41AF : 11111111;
    41B0 : 11111111;
    41B1 : 11111111;
    41B2 : 11111111;
    41B3 : 11111111;
    41B4 : 11111111;
    41B5 : 11111111;
    41B6 : 11111111;
    41B7 : 11111111;
    41B8 : 11111111;
    41B9 : 11111111;
    41BA : 11111111;
    41BB : 11111111;
    41BC : 11111111;
    41BD : 11111111;
    41BE : 11111111;
    41BF : 11111111;
    41C0 : 11111111;
    41C1 : 11111111;
    41C2 : 11111111;
    41C3 : 11111111;
    41C4 : 11111111;
    41C5 : 11111111;
    41C6 : 11111111;
    41C7 : 11111111;
    41C8 : 11111111;
    41C9 : 11111111;
    41CA : 11111111;
    41CB : 11111111;
    41CC : 11111110;
    41CD : 11111110;
    41CE : 11111101;
    41CF : 11111100;
    41D0 : 11111100;
    41D1 : 11110101;
    41D2 : 11111000;
    41D3 : 11110000;
    41D4 : 01111001;
    41D5 : 00110010;
    41D6 : 01011011;
    41D7 : 10001010;
    41D8 : 10111000;
    41D9 : 10111111;
    41DA : 10111101;
    41DB : 10111100;
    41DC : 10111001;
    41DD : 10111111;
    41DE : 11000100;
    41DF : 10111001;
    41E0 : 11000110;
    41E1 : 10111010;
    41E2 : 10011010;
    41E3 : 01101000;
    41E4 : 01111111;
    41E5 : 10010011;
    41E6 : 01111001;
    41E7 : 01100100;
    41E8 : 01100001;
    41E9 : 01001000;
    41EA : 01000010;
    41EB : 00110110;
    41EC : 00101000;
    41ED : 00011111;
    41EE : 00011001;
    41EF : 00011011;
    41F0 : 00011100;
    41F1 : 00011100;
    41F2 : 00110100;
    41F3 : 00111101;
    41F4 : 01000110;
    41F5 : 01100000;
    41F6 : 01100001;
    41F7 : 01110001;
    41F8 : 10010000;
    41F9 : 10010011;
    41FA : 01110110;
    41FB : 01111000;
    41FC : 01101011;
    41FD : 01100011;
    41FE : 01100010;
    41FF : 01100101;
    4200 : 01111000;
    4201 : 01111000;
    4202 : 10100110;
    4203 : 11101001;
    4204 : 11111010;
    4205 : 11110101;
    4206 : 11111000;
    4207 : 11110111;
    4208 : 11110111;
    4209 : 11111000;
    420A : 11111111;
    420B : 11111110;
    420C : 11111101;
    420D : 11111111;
    420E : 11111111;
    420F : 11111111;
    4210 : 11111111;
    4211 : 11111111;
    4212 : 11111111;
    4213 : 11111111;
    4214 : 11111111;
    4215 : 11111111;
    4216 : 11111111;
    4217 : 11111111;
    4218 : 11111111;
    4219 : 11111111;
    421A : 11111111;
    421B : 11111111;
    421C : 11111111;
    421D : 11111111;
    421E : 11111111;
    421F : 11111111;
    4220 : 11111111;
    4221 : 11111111;
    4222 : 11111111;
    4223 : 11111111;
    4224 : 11111111;
    4225 : 11111111;
    4226 : 11111111;
    4227 : 11111111;
    4228 : 11111111;
    4229 : 11111111;
    422A : 11111111;
    422B : 11111111;
    422C : 11111111;
    422D : 11111111;
    422E : 11111111;
    422F : 11111111;
    4230 : 11111111;
    4231 : 11111111;
    4232 : 11111111;
    4233 : 11111111;
    4234 : 11111111;
    4235 : 11111111;
    4236 : 11111111;
    4237 : 11111111;
    4238 : 11111111;
    4239 : 11111111;
    423A : 11111111;
    423B : 11111111;
    423C : 11111111;
    423D : 11111111;
    423E : 11111111;
    423F : 11111111;
    4240 : 11111111;
    4241 : 11111111;
    4242 : 11111111;
    4243 : 11111111;
    4244 : 11111111;
    4245 : 11111111;
    4246 : 11111111;
    4247 : 11111111;
    4248 : 11111111;
    4249 : 11111111;
    424A : 11111111;
    424B : 11111111;
    424C : 11111111;
    424D : 11111111;
    424E : 11111111;
    424F : 11111111;
    4250 : 11111111;
    4251 : 11111111;
    4252 : 11111111;
    4253 : 11111111;
    4254 : 11111111;
    4255 : 11111111;
    4256 : 11111111;
    4257 : 11111111;
    4258 : 11111111;
    4259 : 11111111;
    425A : 11111111;
    425B : 11111111;
    425C : 11111111;
    425D : 11111111;
    425E : 11111111;
    425F : 11111111;
    4260 : 11111111;
    4261 : 11111111;
    4262 : 11111111;
    4263 : 11111111;
    4264 : 11111111;
    4265 : 11111111;
    4266 : 11111111;
    4267 : 11111111;
    4268 : 11111111;
    4269 : 11111111;
    426A : 11111111;
    426B : 11111110;
    426C : 11111110;
    426D : 11111101;
    426E : 11111100;
    426F : 11111011;
    4270 : 11111001;
    4271 : 11111100;
    4272 : 11110100;
    4273 : 11111000;
    4274 : 10011100;
    4275 : 01000100;
    4276 : 01001011;
    4277 : 01111111;
    4278 : 10100000;
    4279 : 11000001;
    427A : 10111100;
    427B : 10110111;
    427C : 10111010;
    427D : 10110101;
    427E : 10101101;
    427F : 10101110;
    4280 : 10100001;
    4281 : 01110101;
    4282 : 01001001;
    4283 : 00100000;
    4284 : 10010000;
    4285 : 11010011;
    4286 : 11000101;
    4287 : 11000011;
    4288 : 10111110;
    4289 : 11001000;
    428A : 10110110;
    428B : 10111001;
    428C : 01111100;
    428D : 00011111;
    428E : 00010011;
    428F : 00010010;
    4290 : 00001100;
    4291 : 01101011;
    4292 : 10101110;
    4293 : 10111011;
    4294 : 10111001;
    4295 : 11000000;
    4296 : 11001100;
    4297 : 11000110;
    4298 : 11001001;
    4299 : 10111111;
    429A : 01110111;
    429B : 01010011;
    429C : 01011110;
    429D : 01011010;
    429E : 01011010;
    429F : 01100011;
    42A0 : 01101111;
    42A1 : 10010110;
    42A2 : 11000110;
    42A3 : 11101110;
    42A4 : 11111101;
    42A5 : 11110110;
    42A6 : 11110111;
    42A7 : 11111000;
    42A8 : 11111111;
    42A9 : 11111010;
    42AA : 11111101;
    42AB : 11111101;
    42AC : 11111111;
    42AD : 11111100;
    42AE : 11111110;
    42AF : 11111111;
    42B0 : 11111111;
    42B1 : 11111111;
    42B2 : 11111111;
    42B3 : 11111111;
    42B4 : 11111111;
    42B5 : 11111111;
    42B6 : 11111111;
    42B7 : 11111111;
    42B8 : 11111111;
    42B9 : 11111111;
    42BA : 11111111;
    42BB : 11111111;
    42BC : 11111111;
    42BD : 11111111;
    42BE : 11111111;
    42BF : 11111111;
    42C0 : 11111111;
    42C1 : 11111111;
    42C2 : 11111111;
    42C3 : 11111111;
    42C4 : 11111111;
    42C5 : 11111111;
    42C6 : 11111111;
    42C7 : 11111111;
    42C8 : 11111111;
    42C9 : 11111111;
    42CA : 11111111;
    42CB : 11111111;
    42CC : 11111111;
    42CD : 11111111;
    42CE : 11111111;
    42CF : 11111111;
    42D0 : 11111111;
    42D1 : 11111111;
    42D2 : 11111111;
    42D3 : 11111111;
    42D4 : 11111111;
    42D5 : 11111111;
    42D6 : 11111111;
    42D7 : 11111111;
    42D8 : 11111111;
    42D9 : 11111111;
    42DA : 11111111;
    42DB : 11111111;
    42DC : 11111111;
    42DD : 11111111;
    42DE : 11111111;
    42DF : 11111111;
    42E0 : 11111111;
    42E1 : 11111111;
    42E2 : 11111111;
    42E3 : 11111111;
    42E4 : 11111111;
    42E5 : 11111111;
    42E6 : 11111111;
    42E7 : 11111111;
    42E8 : 11111111;
    42E9 : 11111111;
    42EA : 11111111;
    42EB : 11111111;
    42EC : 11111111;
    42ED : 11111111;
    42EE : 11111111;
    42EF : 11111111;
    42F0 : 11111111;
    42F1 : 11111111;
    42F2 : 11111111;
    42F3 : 11111111;
    42F4 : 11111111;
    42F5 : 11111111;
    42F6 : 11111111;
    42F7 : 11111111;
    42F8 : 11111111;
    42F9 : 11111111;
    42FA : 11111111;
    42FB : 11111111;
    42FC : 11111111;
    42FD : 11111111;
    42FE : 11111111;
    42FF : 11111111;
    4300 : 11111111;
    4301 : 11111111;
    4302 : 11111111;
    4303 : 11111111;
    4304 : 11111111;
    4305 : 11111111;
    4306 : 11111111;
    4307 : 11111111;
    4308 : 11111111;
    4309 : 11111111;
    430A : 11111111;
    430B : 11111111;
    430C : 11111110;
    430D : 11111101;
    430E : 11111100;
    430F : 11111011;
    4310 : 11111110;
    4311 : 11111000;
    4312 : 11110011;
    4313 : 11111000;
    4314 : 10101111;
    4315 : 01010110;
    4316 : 01010111;
    4317 : 01011110;
    4318 : 10000010;
    4319 : 10101011;
    431A : 10111110;
    431B : 10101011;
    431C : 10100111;
    431D : 10011111;
    431E : 10011100;
    431F : 01110101;
    4320 : 01000001;
    4321 : 00011100;
    4322 : 00011001;
    4323 : 00010100;
    4324 : 10010100;
    4325 : 11001101;
    4326 : 11000000;
    4327 : 11000111;
    4328 : 11000001;
    4329 : 10111100;
    432A : 10111111;
    432B : 11000110;
    432C : 10000101;
    432D : 00110001;
    432E : 00100001;
    432F : 00101110;
    4330 : 00100011;
    4331 : 10000011;
    4332 : 11001000;
    4333 : 10111000;
    4334 : 10111111;
    4335 : 11000010;
    4336 : 11000000;
    4337 : 10111110;
    4338 : 11000100;
    4339 : 10111001;
    433A : 01111111;
    433B : 01001011;
    433C : 00111011;
    433D : 00111011;
    433E : 01001010;
    433F : 01011110;
    4340 : 10010011;
    4341 : 11001101;
    4342 : 11110111;
    4343 : 11110100;
    4344 : 11101111;
    4345 : 11110010;
    4346 : 11110111;
    4347 : 11111010;
    4348 : 11101000;
    4349 : 11111100;
    434A : 11111011;
    434B : 11111101;
    434C : 11111110;
    434D : 11111011;
    434E : 11111110;
    434F : 11111111;
    4350 : 11111111;
    4351 : 11111111;
    4352 : 11111111;
    4353 : 11111111;
    4354 : 11111111;
    4355 : 11111111;
    4356 : 11111111;
    4357 : 11111111;
    4358 : 11111111;
    4359 : 11111111;
    435A : 11111111;
    435B : 11111111;
    435C : 11111111;
    435D : 11111111;
    435E : 11111111;
    435F : 11111111;
    4360 : 11111111;
    4361 : 11111111;
    4362 : 11111111;
    4363 : 11111111;
    4364 : 11111111;
    4365 : 11111111;
    4366 : 11111111;
    4367 : 11111111;
    4368 : 11111111;
    4369 : 11111111;
    436A : 11111111;
    436B : 11111111;
    436C : 11111111;
    436D : 11111111;
    436E : 11111111;
    436F : 11111111;
    4370 : 11111111;
    4371 : 11111111;
    4372 : 11111111;
    4373 : 11111111;
    4374 : 11111111;
    4375 : 11111111;
    4376 : 11111111;
    4377 : 11111111;
    4378 : 11111111;
    4379 : 11111111;
    437A : 11111111;
    437B : 11111111;
    437C : 11111111;
    437D : 11111111;
    437E : 11111111;
    437F : 11111111;
    4380 : 11111111;
    4381 : 11111111;
    4382 : 11111111;
    4383 : 11111111;
    4384 : 11111111;
    4385 : 11111111;
    4386 : 11111111;
    4387 : 11111111;
    4388 : 11111111;
    4389 : 11111111;
    438A : 11111111;
    438B : 11111111;
    438C : 11111111;
    438D : 11111111;
    438E : 11111111;
    438F : 11111111;
    4390 : 11111111;
    4391 : 11111111;
    4392 : 11111111;
    4393 : 11111111;
    4394 : 11111111;
    4395 : 11111111;
    4396 : 11111111;
    4397 : 11111111;
    4398 : 11111111;
    4399 : 11111111;
    439A : 11111111;
    439B : 11111111;
    439C : 11111111;
    439D : 11111111;
    439E : 11111111;
    439F : 11111111;
    43A0 : 11111111;
    43A1 : 11111111;
    43A2 : 11111111;
    43A3 : 11111111;
    43A4 : 11111111;
    43A5 : 11111111;
    43A6 : 11111111;
    43A7 : 11111111;
    43A8 : 11111111;
    43A9 : 11111111;
    43AA : 11111111;
    43AB : 11111111;
    43AC : 11111110;
    43AD : 11111110;
    43AE : 11111101;
    43AF : 11111101;
    43B0 : 11111100;
    43B1 : 11110000;
    43B2 : 11111001;
    43B3 : 11111001;
    43B4 : 10111101;
    43B5 : 01011000;
    43B6 : 01101001;
    43B7 : 01100010;
    43B8 : 01100100;
    43B9 : 10000111;
    43BA : 10011111;
    43BB : 10001101;
    43BC : 10011001;
    43BD : 10011100;
    43BE : 10101101;
    43BF : 10000001;
    43C0 : 01000001;
    43C1 : 00110010;
    43C2 : 00100111;
    43C3 : 00100111;
    43C4 : 01100000;
    43C5 : 10000011;
    43C6 : 01110110;
    43C7 : 01101010;
    43C8 : 01101001;
    43C9 : 01011010;
    43CA : 01100011;
    43CB : 01100000;
    43CC : 01000010;
    43CD : 00110010;
    43CE : 00110000;
    43CF : 00101010;
    43D0 : 00110001;
    43D1 : 01001000;
    43D2 : 01011111;
    43D3 : 01100010;
    43D4 : 01110000;
    43D5 : 01110101;
    43D6 : 01110001;
    43D7 : 01111111;
    43D8 : 10000001;
    43D9 : 10001000;
    43DA : 01100101;
    43DB : 00110011;
    43DC : 00111000;
    43DD : 00111101;
    43DE : 01100110;
    43DF : 10110100;
    43E0 : 10110011;
    43E1 : 10110110;
    43E2 : 11001110;
    43E3 : 11110010;
    43E4 : 11111110;
    43E5 : 11111110;
    43E6 : 11110001;
    43E7 : 11000010;
    43E8 : 10101100;
    43E9 : 11111010;
    43EA : 11111101;
    43EB : 11111101;
    43EC : 11111011;
    43ED : 11111110;
    43EE : 11111111;
    43EF : 11111110;
    43F0 : 11111111;
    43F1 : 11111111;
    43F2 : 11111111;
    43F3 : 11111111;
    43F4 : 11111111;
    43F5 : 11111111;
    43F6 : 11111111;
    43F7 : 11111111;
    43F8 : 11111111;
    43F9 : 11111111;
    43FA : 11111111;
    43FB : 11111111;
    43FC : 11111111;
    43FD : 11111111;
    43FE : 11111111;
    43FF : 11111111;
    4400 : 11111111;
    4401 : 11111111;
    4402 : 11111111;
    4403 : 11111111;
    4404 : 11111111;
    4405 : 11111111;
    4406 : 11111111;
    4407 : 11111111;
    4408 : 11111111;
    4409 : 11111111;
    440A : 11111111;
    440B : 11111111;
    440C : 11111111;
    440D : 11111111;
    440E : 11111111;
    440F : 11111111;
    4410 : 11111111;
    4411 : 11111111;
    4412 : 11111111;
    4413 : 11111111;
    4414 : 11111111;
    4415 : 11111111;
    4416 : 11111111;
    4417 : 11111111;
    4418 : 11111111;
    4419 : 11111111;
    441A : 11111111;
    441B : 11111111;
    441C : 11111111;
    441D : 11111111;
    441E : 11111111;
    441F : 11111111;
    4420 : 11111111;
    4421 : 11111111;
    4422 : 11111111;
    4423 : 11111111;
    4424 : 11111111;
    4425 : 11111111;
    4426 : 11111111;
    4427 : 11111111;
    4428 : 11111111;
    4429 : 11111111;
    442A : 11111111;
    442B : 11111111;
    442C : 11111111;
    442D : 11111111;
    442E : 11111111;
    442F : 11111111;
    4430 : 11111111;
    4431 : 11111111;
    4432 : 11111111;
    4433 : 11111111;
    4434 : 11111111;
    4435 : 11111111;
    4436 : 11111111;
    4437 : 11111111;
    4438 : 11111111;
    4439 : 11111111;
    443A : 11111111;
    443B : 11111111;
    443C : 11111111;
    443D : 11111111;
    443E : 11111111;
    443F : 11111111;
    4440 : 11111111;
    4441 : 11111111;
    4442 : 11111111;
    4443 : 11111111;
    4444 : 11111111;
    4445 : 11111111;
    4446 : 11111111;
    4447 : 11111111;
    4448 : 11111111;
    4449 : 11111111;
    444A : 11111111;
    444B : 11111111;
    444C : 11111111;
    444D : 11111111;
    444E : 11111110;
    444F : 11111110;
    4450 : 11111110;
    4451 : 11111010;
    4452 : 11111011;
    4453 : 11110110;
    4454 : 11011111;
    4455 : 01100110;
    4456 : 01010010;
    4457 : 01011110;
    4458 : 01010110;
    4459 : 01010100;
    445A : 01000100;
    445B : 01011001;
    445C : 01011110;
    445D : 01010100;
    445E : 01000111;
    445F : 00101110;
    4460 : 00110000;
    4461 : 01000000;
    4462 : 00111001;
    4463 : 01000110;
    4464 : 00101111;
    4465 : 01000100;
    4466 : 00111110;
    4467 : 01000100;
    4468 : 01011001;
    4469 : 01010100;
    446A : 01010111;
    446B : 01011010;
    446C : 01010111;
    446D : 00110001;
    446E : 00110101;
    446F : 01100011;
    4470 : 01100011;
    4471 : 01100110;
    4472 : 01110010;
    4473 : 01110110;
    4474 : 01100111;
    4475 : 01110011;
    4476 : 01011110;
    4477 : 01011100;
    4478 : 01110000;
    4479 : 01100000;
    447A : 01001100;
    447B : 01001111;
    447C : 01001000;
    447D : 01000100;
    447E : 01001101;
    447F : 01111101;
    4480 : 10001010;
    4481 : 10000011;
    4482 : 01111001;
    4483 : 10011100;
    4484 : 10101101;
    4485 : 10100011;
    4486 : 01111011;
    4487 : 01000010;
    4488 : 10101010;
    4489 : 11111101;
    448A : 11111011;
    448B : 11111110;
    448C : 11111100;
    448D : 11111111;
    448E : 11111111;
    448F : 11111110;
    4490 : 11111111;
    4491 : 11111111;
    4492 : 11111111;
    4493 : 11111111;
    4494 : 11111111;
    4495 : 11111111;
    4496 : 11111111;
    4497 : 11111111;
    4498 : 11111111;
    4499 : 11111111;
    449A : 11111111;
    449B : 11111111;
    449C : 11111111;
    449D : 11111111;
    449E : 11111111;
    449F : 11111111;
    44A0 : 11111111;
    44A1 : 11111111;
    44A2 : 11111111;
    44A3 : 11111111;
    44A4 : 11111111;
    44A5 : 11111111;
    44A6 : 11111111;
    44A7 : 11111111;
    44A8 : 11111111;
    44A9 : 11111111;
    44AA : 11111111;
    44AB : 11111111;
    44AC : 11111111;
    44AD : 11111111;
    44AE : 11111111;
    44AF : 11111111;
    44B0 : 11111111;
    44B1 : 11111111;
    44B2 : 11111111;
    44B3 : 11111111;
    44B4 : 11111111;
    44B5 : 11111111;
    44B6 : 11111111;
    44B7 : 11111111;
    44B8 : 11111111;
    44B9 : 11111111;
    44BA : 11111111;
    44BB : 11111111;
    44BC : 11111111;
    44BD : 11111111;
    44BE : 11111111;
    44BF : 11111111;
    44C0 : 11111111;
    44C1 : 11111111;
    44C2 : 11111111;
    44C3 : 11111111;
    44C4 : 11111111;
    44C5 : 11111111;
    44C6 : 11111111;
    44C7 : 11111111;
    44C8 : 11111111;
    44C9 : 11111111;
    44CA : 11111111;
    44CB : 11111111;
    44CC : 11111111;
    44CD : 11111111;
    44CE : 11111111;
    44CF : 11111111;
    44D0 : 11111111;
    44D1 : 11111111;
    44D2 : 11111111;
    44D3 : 11111111;
    44D4 : 11111111;
    44D5 : 11111111;
    44D6 : 11111111;
    44D7 : 11111111;
    44D8 : 11111111;
    44D9 : 11111111;
    44DA : 11111111;
    44DB : 11111111;
    44DC : 11111111;
    44DD : 11111111;
    44DE : 11111111;
    44DF : 11111111;
    44E0 : 11111111;
    44E1 : 11111111;
    44E2 : 11111111;
    44E3 : 11111111;
    44E4 : 11111111;
    44E5 : 11111111;
    44E6 : 11111111;
    44E7 : 11111111;
    44E8 : 11111111;
    44E9 : 11111111;
    44EA : 11111111;
    44EB : 11111111;
    44EC : 11111111;
    44ED : 11111111;
    44EE : 11111110;
    44EF : 11111110;
    44F0 : 11111010;
    44F1 : 11111001;
    44F2 : 11111011;
    44F3 : 11110011;
    44F4 : 11110101;
    44F5 : 10101000;
    44F6 : 01110011;
    44F7 : 01110110;
    44F8 : 01011111;
    44F9 : 01001010;
    44FA : 01001100;
    44FB : 01010111;
    44FC : 00110011;
    44FD : 00100100;
    44FE : 01010111;
    44FF : 01011101;
    4500 : 01011101;
    4501 : 01101101;
    4502 : 10000010;
    4503 : 01110101;
    4504 : 01011000;
    4505 : 10000001;
    4506 : 01010011;
    4507 : 01011101;
    4508 : 01110001;
    4509 : 00111000;
    450A : 00111110;
    450B : 01011100;
    450C : 10010110;
    450D : 01100101;
    450E : 00101101;
    450F : 01101111;
    4510 : 01011111;
    4511 : 01011111;
    4512 : 10010101;
    4513 : 01101000;
    4514 : 01100011;
    4515 : 10011001;
    4516 : 01100000;
    4517 : 01110000;
    4518 : 10000110;
    4519 : 01110000;
    451A : 01111100;
    451B : 01100001;
    451C : 10001110;
    451D : 01000011;
    451E : 01010111;
    451F : 01011011;
    4520 : 01010000;
    4521 : 01100010;
    4522 : 01001110;
    4523 : 00110011;
    4524 : 00011101;
    4525 : 00011011;
    4526 : 00010001;
    4527 : 00101110;
    4528 : 11011011;
    4529 : 11111110;
    452A : 11110111;
    452B : 11111110;
    452C : 11111110;
    452D : 11111110;
    452E : 11111010;
    452F : 11111110;
    4530 : 11111111;
    4531 : 11111111;
    4532 : 11111111;
    4533 : 11111111;
    4534 : 11111111;
    4535 : 11111111;
    4536 : 11111111;
    4537 : 11111111;
    4538 : 11111111;
    4539 : 11111111;
    453A : 11111111;
    453B : 11111111;
    453C : 11111111;
    453D : 11111111;
    453E : 11111111;
    453F : 11111111;
    4540 : 11111111;
    4541 : 11111111;
    4542 : 11111111;
    4543 : 11111111;
    4544 : 11111111;
    4545 : 11111111;
    4546 : 11111111;
    4547 : 11111111;
    4548 : 11111111;
    4549 : 11111111;
    454A : 11111111;
    454B : 11111111;
    454C : 11111111;
    454D : 11111111;
    454E : 11111111;
    454F : 11111111;
    4550 : 11111111;
    4551 : 11111111;
    4552 : 11111111;
    4553 : 11111111;
    4554 : 11111111;
    4555 : 11111111;
    4556 : 11111111;
    4557 : 11111111;
    4558 : 11111111;
    4559 : 11111111;
    455A : 11111111;
    455B : 11111111;
    455C : 11111111;
    455D : 11111111;
    455E : 11111111;
    455F : 11111111;
    4560 : 11111111;
    4561 : 11111111;
    4562 : 11111111;
    4563 : 11111111;
    4564 : 11111111;
    4565 : 11111111;
    4566 : 11111111;
    4567 : 11111111;
    4568 : 11111111;
    4569 : 11111111;
    456A : 11111111;
    456B : 11111111;
    456C : 11111111;
    456D : 11111111;
    456E : 11111111;
    456F : 11111111;
    4570 : 11111111;
    4571 : 11111111;
    4572 : 11111111;
    4573 : 11111111;
    4574 : 11111111;
    4575 : 11111111;
    4576 : 11111111;
    4577 : 11111111;
    4578 : 11111111;
    4579 : 11111111;
    457A : 11111111;
    457B : 11111111;
    457C : 11111111;
    457D : 11111111;
    457E : 11111111;
    457F : 11111111;
    4580 : 11111111;
    4581 : 11111111;
    4582 : 11111111;
    4583 : 11111111;
    4584 : 11111111;
    4585 : 11111111;
    4586 : 11111111;
    4587 : 11111111;
    4588 : 11111111;
    4589 : 11111111;
    458A : 11111111;
    458B : 11111111;
    458C : 11111111;
    458D : 11111110;
    458E : 11111110;
    458F : 11111110;
    4590 : 11111101;
    4591 : 11111000;
    4592 : 11111001;
    4593 : 11110111;
    4594 : 11111101;
    4595 : 11000000;
    4596 : 01101100;
    4597 : 10000011;
    4598 : 01101000;
    4599 : 01100100;
    459A : 10000010;
    459B : 01001100;
    459C : 01010010;
    459D : 00101101;
    459E : 10000000;
    459F : 01101111;
    45A0 : 00110010;
    45A1 : 01001100;
    45A2 : 10000110;
    45A3 : 00101100;
    45A4 : 00100100;
    45A5 : 10000101;
    45A6 : 01000100;
    45A7 : 01010010;
    45A8 : 10000000;
    45A9 : 01011000;
    45AA : 01001001;
    45AB : 00111010;
    45AC : 01101101;
    45AD : 01110010;
    45AE : 01011111;
    45AF : 01100110;
    45B0 : 00111010;
    45B1 : 01000111;
    45B2 : 10001101;
    45B3 : 01010000;
    45B4 : 01100110;
    45B5 : 10001011;
    45B6 : 01010101;
    45B7 : 10000010;
    45B8 : 01111000;
    45B9 : 01110101;
    45BA : 01111011;
    45BB : 01101101;
    45BC : 01111101;
    45BD : 01000110;
    45BE : 01101101;
    45BF : 01101101;
    45C0 : 01110001;
    45C1 : 01101011;
    45C2 : 01101110;
    45C3 : 01000111;
    45C4 : 00011001;
    45C5 : 00011011;
    45C6 : 00010000;
    45C7 : 01100100;
    45C8 : 11110010;
    45C9 : 11111110;
    45CA : 11111011;
    45CB : 11111101;
    45CC : 11111110;
    45CD : 11111111;
    45CE : 11111010;
    45CF : 11111110;
    45D0 : 11111111;
    45D1 : 11111111;
    45D2 : 11111111;
    45D3 : 11111111;
    45D4 : 11111111;
    45D5 : 11111111;
    45D6 : 11111111;
    45D7 : 11111111;
    45D8 : 11111111;
    45D9 : 11111111;
    45DA : 11111111;
    45DB : 11111111;
    45DC : 11111111;
    45DD : 11111111;
    45DE : 11111111;
    45DF : 11111111;
    45E0 : 11111111;
    45E1 : 11111111;
    45E2 : 11111111;
    45E3 : 11111111;
    45E4 : 11111111;
    45E5 : 11111111;
    45E6 : 11111111;
    45E7 : 11111111;
    45E8 : 11111111;
    45E9 : 11111111;
    45EA : 11111111;
    45EB : 11111111;
    45EC : 11111111;
    45ED : 11111111;
    45EE : 11111111;
    45EF : 11111111;
    45F0 : 11111111;
    45F1 : 11111111;
    45F2 : 11111111;
    45F3 : 11111111;
    45F4 : 11111111;
    45F5 : 11111111;
    45F6 : 11111111;
    45F7 : 11111111;
    45F8 : 11111111;
    45F9 : 11111111;
    45FA : 11111111;
    45FB : 11111111;
    45FC : 11111111;
    45FD : 11111111;
    45FE : 11111111;
    45FF : 11111111;
    4600 : 11111111;
    4601 : 11111111;
    4602 : 11111111;
    4603 : 11111111;
    4604 : 11111111;
    4605 : 11111111;
    4606 : 11111111;
    4607 : 11111111;
    4608 : 11111111;
    4609 : 11111111;
    460A : 11111111;
    460B : 11111111;
    460C : 11111111;
    460D : 11111111;
    460E : 11111111;
    460F : 11111111;
    4610 : 11111111;
    4611 : 11111111;
    4612 : 11111111;
    4613 : 11111111;
    4614 : 11111111;
    4615 : 11111111;
    4616 : 11111111;
    4617 : 11111111;
    4618 : 11111111;
    4619 : 11111111;
    461A : 11111111;
    461B : 11111111;
    461C : 11111111;
    461D : 11111111;
    461E : 11111111;
    461F : 11111111;
    4620 : 11111111;
    4621 : 11111111;
    4622 : 11111111;
    4623 : 11111111;
    4624 : 11111111;
    4625 : 11111111;
    4626 : 11111111;
    4627 : 11111111;
    4628 : 11111111;
    4629 : 11111111;
    462A : 11111111;
    462B : 11111111;
    462C : 11111111;
    462D : 11111110;
    462E : 11111110;
    462F : 11111110;
    4630 : 11111100;
    4631 : 11111010;
    4632 : 11110110;
    4633 : 11111001;
    4634 : 11111101;
    4635 : 11011100;
    4636 : 01111110;
    4637 : 01111000;
    4638 : 01110001;
    4639 : 01010000;
    463A : 01110111;
    463B : 00111100;
    463C : 00110011;
    463D : 00110111;
    463E : 01110010;
    463F : 01011001;
    4640 : 00011011;
    4641 : 01001100;
    4642 : 10001000;
    4643 : 00101101;
    4644 : 00011101;
    4645 : 01111010;
    4646 : 01010010;
    4647 : 01001100;
    4648 : 10010010;
    4649 : 01011011;
    464A : 00111011;
    464B : 00111110;
    464C : 01011011;
    464D : 00111011;
    464E : 01111111;
    464F : 01110111;
    4650 : 00110100;
    4651 : 01011111;
    4652 : 10000001;
    4653 : 01000010;
    4654 : 01101001;
    4655 : 10010111;
    4656 : 01011010;
    4657 : 10001001;
    4658 : 10010110;
    4659 : 01111010;
    465A : 01011100;
    465B : 01110111;
    465C : 01110010;
    465D : 01000011;
    465E : 01101011;
    465F : 01001100;
    4660 : 01101111;
    4661 : 01101000;
    4662 : 00110010;
    4663 : 00101100;
    4664 : 00011011;
    4665 : 00011100;
    4666 : 00010100;
    4667 : 10010100;
    4668 : 11111010;
    4669 : 11111010;
    466A : 11111010;
    466B : 11111100;
    466C : 11111111;
    466D : 11111111;
    466E : 11111101;
    466F : 11111110;
    4670 : 11111111;
    4671 : 11111111;
    4672 : 11111111;
    4673 : 11111111;
    4674 : 11111111;
    4675 : 11111111;
    4676 : 11111111;
    4677 : 11111111;
    4678 : 11111111;
    4679 : 11111111;
    467A : 11111111;
    467B : 11111111;
    467C : 11111111;
    467D : 11111111;
    467E : 11111111;
    467F : 11111111;
    4680 : 11111111;
    4681 : 11111111;
    4682 : 11111111;
    4683 : 11111111;
    4684 : 11111111;
    4685 : 11111111;
    4686 : 11111111;
    4687 : 11111111;
    4688 : 11111111;
    4689 : 11111111;
    468A : 11111111;
    468B : 11111111;
    468C : 11111111;
    468D : 11111111;
    468E : 11111111;
    468F : 11111111;
    4690 : 11111111;
    4691 : 11111111;
    4692 : 11111111;
    4693 : 11111111;
    4694 : 11111111;
    4695 : 11111111;
    4696 : 11111111;
    4697 : 11111111;
    4698 : 11111111;
    4699 : 11111111;
    469A : 11111111;
    469B : 11111111;
    469C : 11111111;
    469D : 11111111;
    469E : 11111111;
    469F : 11111111;
    46A0 : 11111111;
    46A1 : 11111111;
    46A2 : 11111111;
    46A3 : 11111111;
    46A4 : 11111111;
    46A5 : 11111111;
    46A6 : 11111111;
    46A7 : 11111111;
    46A8 : 11111111;
    46A9 : 11111111;
    46AA : 11111111;
    46AB : 11111111;
    46AC : 11111111;
    46AD : 11111111;
    46AE : 11111111;
    46AF : 11111111;
    46B0 : 11111111;
    46B1 : 11111111;
    46B2 : 11111111;
    46B3 : 11111111;
    46B4 : 11111111;
    46B5 : 11111111;
    46B6 : 11111111;
    46B7 : 11111111;
    46B8 : 11111111;
    46B9 : 11111111;
    46BA : 11111111;
    46BB : 11111111;
    46BC : 11111111;
    46BD : 11111111;
    46BE : 11111111;
    46BF : 11111111;
    46C0 : 11111111;
    46C1 : 11111111;
    46C2 : 11111111;
    46C3 : 11111111;
    46C4 : 11111111;
    46C5 : 11111111;
    46C6 : 11111111;
    46C7 : 11111111;
    46C8 : 11111111;
    46C9 : 11111111;
    46CA : 11111111;
    46CB : 11111111;
    46CC : 11111111;
    46CD : 11111110;
    46CE : 11111110;
    46CF : 11111110;
    46D0 : 11111111;
    46D1 : 11110111;
    46D2 : 11111111;
    46D3 : 11110111;
    46D4 : 11111011;
    46D5 : 11110010;
    46D6 : 10010111;
    46D7 : 01110001;
    46D8 : 01101011;
    46D9 : 01010100;
    46DA : 01000011;
    46DB : 01101101;
    46DC : 01010000;
    46DD : 00110000;
    46DE : 01110101;
    46DF : 01100000;
    46E0 : 00100011;
    46E1 : 01000101;
    46E2 : 10001001;
    46E3 : 00110111;
    46E4 : 00010100;
    46E5 : 01101001;
    46E6 : 01001010;
    46E7 : 01001010;
    46E8 : 01111011;
    46E9 : 00100011;
    46EA : 00101101;
    46EB : 01001111;
    46EC : 01100111;
    46ED : 00101100;
    46EE : 01011100;
    46EF : 10001101;
    46F0 : 00110110;
    46F1 : 01010010;
    46F2 : 01111111;
    46F3 : 00111011;
    46F4 : 01100010;
    46F5 : 10010000;
    46F6 : 01001101;
    46F7 : 10000100;
    46F8 : 01100001;
    46F9 : 01100001;
    46FA : 01101111;
    46FB : 01110100;
    46FC : 01101101;
    46FD : 00110110;
    46FE : 01101100;
    46FF : 01000011;
    4700 : 00101101;
    4701 : 10000111;
    4702 : 01011111;
    4703 : 00011111;
    4704 : 00100000;
    4705 : 00010101;
    4706 : 00011111;
    4707 : 10111011;
    4708 : 11111010;
    4709 : 11111010;
    470A : 11111011;
    470B : 11111101;
    470C : 11111110;
    470D : 11111110;
    470E : 11111110;
    470F : 11111110;
    4710 : 11111111;
    4711 : 11111111;
    4712 : 11111111;
    4713 : 11111111;
    4714 : 11111111;
    4715 : 11111111;
    4716 : 11111111;
    4717 : 11111111;
    4718 : 11111111;
    4719 : 11111111;
    471A : 11111111;
    471B : 11111111;
    471C : 11111111;
    471D : 11111111;
    471E : 11111111;
    471F : 11111111;
    4720 : 11111111;
    4721 : 11111111;
    4722 : 11111111;
    4723 : 11111111;
    4724 : 11111111;
    4725 : 11111111;
    4726 : 11111111;
    4727 : 11111111;
    4728 : 11111111;
    4729 : 11111111;
    472A : 11111111;
    472B : 11111111;
    472C : 11111111;
    472D : 11111111;
    472E : 11111111;
    472F : 11111111;
    4730 : 11111111;
    4731 : 11111111;
    4732 : 11111111;
    4733 : 11111111;
    4734 : 11111111;
    4735 : 11111111;
    4736 : 11111111;
    4737 : 11111111;
    4738 : 11111111;
    4739 : 11111111;
    473A : 11111111;
    473B : 11111111;
    473C : 11111111;
    473D : 11111111;
    473E : 11111111;
    473F : 11111111;
    4740 : 11111111;
    4741 : 11111111;
    4742 : 11111111;
    4743 : 11111111;
    4744 : 11111111;
    4745 : 11111111;
    4746 : 11111111;
    4747 : 11111111;
    4748 : 11111111;
    4749 : 11111111;
    474A : 11111111;
    474B : 11111111;
    474C : 11111111;
    474D : 11111111;
    474E : 11111111;
    474F : 11111111;
    4750 : 11111111;
    4751 : 11111111;
    4752 : 11111111;
    4753 : 11111111;
    4754 : 11111111;
    4755 : 11111111;
    4756 : 11111111;
    4757 : 11111111;
    4758 : 11111111;
    4759 : 11111111;
    475A : 11111111;
    475B : 11111111;
    475C : 11111111;
    475D : 11111111;
    475E : 11111111;
    475F : 11111111;
    4760 : 11111111;
    4761 : 11111111;
    4762 : 11111111;
    4763 : 11111111;
    4764 : 11111111;
    4765 : 11111111;
    4766 : 11111111;
    4767 : 11111111;
    4768 : 11111111;
    4769 : 11111111;
    476A : 11111111;
    476B : 11111111;
    476C : 11111111;
    476D : 11111110;
    476E : 11111110;
    476F : 11111110;
    4770 : 11111110;
    4771 : 11111010;
    4772 : 11111110;
    4773 : 11111000;
    4774 : 11111010;
    4775 : 11111110;
    4776 : 10111011;
    4777 : 01101100;
    4778 : 01101010;
    4779 : 01101001;
    477A : 01001001;
    477B : 00101111;
    477C : 01111100;
    477D : 01001111;
    477E : 01110001;
    477F : 01101001;
    4780 : 00100001;
    4781 : 01000110;
    4782 : 10001001;
    4783 : 01000011;
    4784 : 00100001;
    4785 : 01111001;
    4786 : 01100011;
    4787 : 01001100;
    4788 : 10000101;
    4789 : 01011100;
    478A : 01100101;
    478B : 01100101;
    478C : 01110101;
    478D : 00111110;
    478E : 00110000;
    478F : 01010100;
    4790 : 00110001;
    4791 : 01011000;
    4792 : 01111111;
    4793 : 01000101;
    4794 : 01101011;
    4795 : 10001101;
    4796 : 01010110;
    4797 : 10001100;
    4798 : 01100111;
    4799 : 01111110;
    479A : 01101001;
    479B : 01100101;
    479C : 01101001;
    479D : 01011001;
    479E : 01111001;
    479F : 01010110;
    47A0 : 00110110;
    47A1 : 01000111;
    47A2 : 10000101;
    47A3 : 00110010;
    47A4 : 00011101;
    47A5 : 00010001;
    47A6 : 01010000;
    47A7 : 11011110;
    47A8 : 11111000;
    47A9 : 11111010;
    47AA : 11111100;
    47AB : 11111101;
    47AC : 11111110;
    47AD : 11111110;
    47AE : 11111110;
    47AF : 11111111;
    47B0 : 11111111;
    47B1 : 11111111;
    47B2 : 11111111;
    47B3 : 11111111;
    47B4 : 11111111;
    47B5 : 11111111;
    47B6 : 11111111;
    47B7 : 11111111;
    47B8 : 11111111;
    47B9 : 11111111;
    47BA : 11111111;
    47BB : 11111111;
    47BC : 11111111;
    47BD : 11111111;
    47BE : 11111111;
    47BF : 11111111;
    47C0 : 11111111;
    47C1 : 11111111;
    47C2 : 11111111;
    47C3 : 11111111;
    47C4 : 11111111;
    47C5 : 11111111;
    47C6 : 11111111;
    47C7 : 11111111;
    47C8 : 11111111;
    47C9 : 11111111;
    47CA : 11111111;
    47CB : 11111111;
    47CC : 11111111;
    47CD : 11111111;
    47CE : 11111111;
    47CF : 11111111;
    47D0 : 11111111;
    47D1 : 11111111;
    47D2 : 11111111;
    47D3 : 11111111;
    47D4 : 11111111;
    47D5 : 11111111;
    47D6 : 11111111;
    47D7 : 11111111;
    47D8 : 11111111;
    47D9 : 11111111;
    47DA : 11111111;
    47DB : 11111111;
    47DC : 11111111;
    47DD : 11111111;
    47DE : 11111111;
    47DF : 11111111;
    47E0 : 11111111;
    47E1 : 11111111;
    47E2 : 11111111;
    47E3 : 11111111;
    47E4 : 11111111;
    47E5 : 11111111;
    47E6 : 11111111;
    47E7 : 11111111;
    47E8 : 11111111;
    47E9 : 11111111;
    47EA : 11111111;
    47EB : 11111111;
    47EC : 11111111;
    47ED : 11111111;
    47EE : 11111111;
    47EF : 11111111;
    47F0 : 11111111;
    47F1 : 11111111;
    47F2 : 11111111;
    47F3 : 11111111;
    47F4 : 11111111;
    47F5 : 11111111;
    47F6 : 11111111;
    47F7 : 11111111;
    47F8 : 11111111;
    47F9 : 11111111;
    47FA : 11111111;
    47FB : 11111111;
    47FC : 11111111;
    47FD : 11111111;
    47FE : 11111111;
    47FF : 11111111;
    4800 : 11111111;
    4801 : 11111111;
    4802 : 11111111;
    4803 : 11111111;
    4804 : 11111111;
    4805 : 11111111;
    4806 : 11111111;
    4807 : 11111111;
    4808 : 11111111;
    4809 : 11111111;
    480A : 11111111;
    480B : 11111111;
    480C : 11111111;
    480D : 11111110;
    480E : 11111110;
    480F : 11111110;
    4810 : 11111011;
    4811 : 11111110;
    4812 : 11111101;
    4813 : 11111011;
    4814 : 11111100;
    4815 : 11111011;
    4816 : 11011011;
    4817 : 01111111;
    4818 : 01110101;
    4819 : 01101000;
    481A : 01101000;
    481B : 01100100;
    481C : 10000011;
    481D : 01001000;
    481E : 01101110;
    481F : 01101000;
    4820 : 00110001;
    4821 : 01000110;
    4822 : 01101011;
    4823 : 01000101;
    4824 : 00100100;
    4825 : 01000111;
    4826 : 00111001;
    4827 : 00100011;
    4828 : 00110001;
    4829 : 00101001;
    482A : 00100100;
    482B : 00011001;
    482C : 00100010;
    482D : 00101101;
    482E : 00111000;
    482F : 00110101;
    4830 : 00111101;
    4831 : 00110110;
    4832 : 00111100;
    4833 : 00111100;
    4834 : 00111011;
    4835 : 00111111;
    4836 : 00111100;
    4837 : 01001001;
    4838 : 01010010;
    4839 : 01000111;
    483A : 01000111;
    483B : 01011110;
    483C : 01100111;
    483D : 01101000;
    483E : 01000101;
    483F : 01011001;
    4840 : 01011010;
    4841 : 01101001;
    4842 : 01110011;
    4843 : 00101000;
    4844 : 00010101;
    4845 : 00001100;
    4846 : 10100011;
    4847 : 11111011;
    4848 : 11111000;
    4849 : 11111010;
    484A : 11111101;
    484B : 11111101;
    484C : 11111101;
    484D : 11111101;
    484E : 11111110;
    484F : 11111111;
    4850 : 11111111;
    4851 : 11111111;
    4852 : 11111111;
    4853 : 11111111;
    4854 : 11111111;
    4855 : 11111111;
    4856 : 11111111;
    4857 : 11111111;
    4858 : 11111111;
    4859 : 11111111;
    485A : 11111111;
    485B : 11111111;
    485C : 11111111;
    485D : 11111111;
    485E : 11111111;
    485F : 11111111;
    4860 : 11111111;
    4861 : 11111111;
    4862 : 11111111;
    4863 : 11111111;
    4864 : 11111111;
    4865 : 11111111;
    4866 : 11111111;
    4867 : 11111111;
    4868 : 11111111;
    4869 : 11111111;
    486A : 11111111;
    486B : 11111111;
    486C : 11111111;
    486D : 11111111;
    486E : 11111111;
    486F : 11111111;
    4870 : 11111111;
    4871 : 11111111;
    4872 : 11111111;
    4873 : 11111111;
    4874 : 11111111;
    4875 : 11111111;
    4876 : 11111111;
    4877 : 11111111;
    4878 : 11111111;
    4879 : 11111111;
    487A : 11111111;
    487B : 11111111;
    487C : 11111111;
    487D : 11111111;
    487E : 11111111;
    487F : 11111111;
    4880 : 11111111;
    4881 : 11111111;
    4882 : 11111111;
    4883 : 11111111;
    4884 : 11111111;
    4885 : 11111111;
    4886 : 11111111;
    4887 : 11111111;
    4888 : 11111111;
    4889 : 11111111;
    488A : 11111111;
    488B : 11111111;
    488C : 11111111;
    488D : 11111111;
    488E : 11111111;
    488F : 11111111;
    4890 : 11111111;
    4891 : 11111111;
    4892 : 11111111;
    4893 : 11111111;
    4894 : 11111111;
    4895 : 11111111;
    4896 : 11111111;
    4897 : 11111111;
    4898 : 11111111;
    4899 : 11111111;
    489A : 11111111;
    489B : 11111111;
    489C : 11111111;
    489D : 11111111;
    489E : 11111111;
    489F : 11111111;
    48A0 : 11111111;
    48A1 : 11111111;
    48A2 : 11111111;
    48A3 : 11111111;
    48A4 : 11111111;
    48A5 : 11111111;
    48A6 : 11111111;
    48A7 : 11111111;
    48A8 : 11111111;
    48A9 : 11111111;
    48AA : 11111111;
    48AB : 11111111;
    48AC : 11111111;
    48AD : 11111110;
    48AE : 11111110;
    48AF : 11111110;
    48B0 : 11111011;
    48B1 : 11111110;
    48B2 : 11111010;
    48B3 : 11111011;
    48B4 : 11111101;
    48B5 : 11110101;
    48B6 : 11101110;
    48B7 : 10110011;
    48B8 : 01110010;
    48B9 : 01100100;
    48BA : 01000110;
    48BB : 01000110;
    48BC : 00111101;
    48BD : 00110011;
    48BE : 00110101;
    48BF : 00101001;
    48C0 : 00100110;
    48C1 : 00101010;
    48C2 : 00100001;
    48C3 : 00011001;
    48C4 : 00011011;
    48C5 : 00011100;
    48C6 : 00101001;
    48C7 : 00101100;
    48C8 : 00101001;
    48C9 : 00110000;
    48CA : 01000001;
    48CB : 01100000;
    48CC : 01101001;
    48CD : 00110010;
    48CE : 00011011;
    48CF : 00010101;
    48D0 : 00101111;
    48D1 : 01101011;
    48D2 : 01110110;
    48D3 : 10001100;
    48D4 : 01110110;
    48D5 : 01011100;
    48D6 : 01011010;
    48D7 : 01000110;
    48D8 : 01001101;
    48D9 : 01010011;
    48DA : 01010100;
    48DB : 01001010;
    48DC : 01001000;
    48DD : 01000011;
    48DE : 00101111;
    48DF : 00100101;
    48E0 : 00100001;
    48E1 : 00100000;
    48E2 : 00011011;
    48E3 : 00001100;
    48E4 : 00100110;
    48E5 : 01111000;
    48E6 : 11100001;
    48E7 : 11111010;
    48E8 : 11111000;
    48E9 : 11111011;
    48EA : 11111110;
    48EB : 11111110;
    48EC : 11111101;
    48ED : 11111101;
    48EE : 11111110;
    48EF : 11111110;
    48F0 : 11111111;
    48F1 : 11111111;
    48F2 : 11111111;
    48F3 : 11111111;
    48F4 : 11111111;
    48F5 : 11111111;
    48F6 : 11111111;
    48F7 : 11111111;
    48F8 : 11111111;
    48F9 : 11111111;
    48FA : 11111111;
    48FB : 11111111;
    48FC : 11111111;
    48FD : 11111111;
    48FE : 11111111;
    48FF : 11111111;
    4900 : 11111111;
    4901 : 11111111;
    4902 : 11111111;
    4903 : 11111111;
    4904 : 11111111;
    4905 : 11111111;
    4906 : 11111111;
    4907 : 11111111;
    4908 : 11111111;
    4909 : 11111111;
    490A : 11111111;
    490B : 11111111;
    490C : 11111111;
    490D : 11111111;
    490E : 11111111;
    490F : 11111111;
    4910 : 11111111;
    4911 : 11111111;
    4912 : 11111111;
    4913 : 11111111;
    4914 : 11111111;
    4915 : 11111111;
    4916 : 11111111;
    4917 : 11111111;
    4918 : 11111111;
    4919 : 11111111;
    491A : 11111111;
    491B : 11111111;
    491C : 11111111;
    491D : 11111111;
    491E : 11111111;
    491F : 11111111;
    4920 : 11111111;
    4921 : 11111111;
    4922 : 11111111;
    4923 : 11111111;
    4924 : 11111111;
    4925 : 11111111;
    4926 : 11111111;
    4927 : 11111111;
    4928 : 11111111;
    4929 : 11111111;
    492A : 11111111;
    492B : 11111111;
    492C : 11111111;
    492D : 11111111;
    492E : 11111111;
    492F : 11111111;
    4930 : 11111111;
    4931 : 11111111;
    4932 : 11111111;
    4933 : 11111111;
    4934 : 11111111;
    4935 : 11111111;
    4936 : 11111111;
    4937 : 11111111;
    4938 : 11111111;
    4939 : 11111111;
    493A : 11111111;
    493B : 11111111;
    493C : 11111111;
    493D : 11111111;
    493E : 11111111;
    493F : 11111111;
    4940 : 11111111;
    4941 : 11111111;
    4942 : 11111111;
    4943 : 11111111;
    4944 : 11111111;
    4945 : 11111111;
    4946 : 11111111;
    4947 : 11111111;
    4948 : 11111111;
    4949 : 11111111;
    494A : 11111111;
    494B : 11111111;
    494C : 11111111;
    494D : 11111110;
    494E : 11111110;
    494F : 11111110;
    4950 : 11111110;
    4951 : 11111110;
    4952 : 11111110;
    4953 : 11111001;
    4954 : 11111101;
    4955 : 11111000;
    4956 : 11110110;
    4957 : 11101010;
    4958 : 10100111;
    4959 : 01111101;
    495A : 01110001;
    495B : 00111001;
    495C : 00110011;
    495D : 00110110;
    495E : 00110110;
    495F : 00111110;
    4960 : 00101010;
    4961 : 00100011;
    4962 : 00010000;
    4963 : 00110101;
    4964 : 10010110;
    4965 : 10110101;
    4966 : 11001101;
    4967 : 11010100;
    4968 : 11011000;
    4969 : 11100000;
    496A : 11101001;
    496B : 11110011;
    496C : 11101100;
    496D : 01011011;
    496E : 00001101;
    496F : 00001100;
    4970 : 00110000;
    4971 : 11011000;
    4972 : 11111011;
    4973 : 11101111;
    4974 : 11101100;
    4975 : 11100100;
    4976 : 11011011;
    4977 : 11011001;
    4978 : 11010111;
    4979 : 11011110;
    497A : 10100101;
    497B : 00111010;
    497C : 00100100;
    497D : 00101101;
    497E : 01000010;
    497F : 01101010;
    4980 : 01101001;
    4981 : 01100011;
    4982 : 01011101;
    4983 : 10000000;
    4984 : 10111011;
    4985 : 11101101;
    4986 : 11111000;
    4987 : 11110101;
    4988 : 11111010;
    4989 : 11111101;
    498A : 11111110;
    498B : 11111110;
    498C : 11111110;
    498D : 11111110;
    498E : 11111110;
    498F : 11111110;
    4990 : 11111111;
    4991 : 11111111;
    4992 : 11111111;
    4993 : 11111111;
    4994 : 11111111;
    4995 : 11111111;
    4996 : 11111111;
    4997 : 11111111;
    4998 : 11111111;
    4999 : 11111111;
    499A : 11111111;
    499B : 11111111;
    499C : 11111111;
    499D : 11111111;
    499E : 11111111;
    499F : 11111111;
    49A0 : 11111111;
    49A1 : 11111111;
    49A2 : 11111111;
    49A3 : 11111111;
    49A4 : 11111111;
    49A5 : 11111111;
    49A6 : 11111111;
    49A7 : 11111111;
    49A8 : 11111111;
    49A9 : 11111111;
    49AA : 11111111;
    49AB : 11111111;
    49AC : 11111111;
    49AD : 11111111;
    49AE : 11111111;
    49AF : 11111111;
    49B0 : 11111111;
    49B1 : 11111111;
    49B2 : 11111111;
    49B3 : 11111111;
    49B4 : 11111111;
    49B5 : 11111111;
    49B6 : 11111111;
    49B7 : 11111111;
    49B8 : 11111111;
    49B9 : 11111111;
    49BA : 11111111;
    49BB : 11111111;
    49BC : 11111111;
    49BD : 11111111;
    49BE : 11111111;
    49BF : 11111111;
    49C0 : 11111111;
    49C1 : 11111111;
    49C2 : 11111111;
    49C3 : 11111111;
    49C4 : 11111111;
    49C5 : 11111111;
    49C6 : 11111111;
    49C7 : 11111111;
    49C8 : 11111111;
    49C9 : 11111111;
    49CA : 11111111;
    49CB : 11111111;
    49CC : 11111111;
    49CD : 11111111;
    49CE : 11111111;
    49CF : 11111111;
    49D0 : 11111111;
    49D1 : 11111111;
    49D2 : 11111111;
    49D3 : 11111111;
    49D4 : 11111111;
    49D5 : 11111111;
    49D6 : 11111111;
    49D7 : 11111111;
    49D8 : 11111111;
    49D9 : 11111111;
    49DA : 11111111;
    49DB : 11111111;
    49DC : 11111111;
    49DD : 11111111;
    49DE : 11111111;
    49DF : 11111111;
    49E0 : 11111111;
    49E1 : 11111111;
    49E2 : 11111111;
    49E3 : 11111111;
    49E4 : 11111111;
    49E5 : 11111111;
    49E6 : 11111111;
    49E7 : 11111111;
    49E8 : 11111111;
    49E9 : 11111111;
    49EA : 11111111;
    49EB : 11111111;
    49EC : 11111111;
    49ED : 11111110;
    49EE : 11111110;
    49EF : 11111110;
    49F0 : 11111111;
    49F1 : 11111101;
    49F2 : 11111111;
    49F3 : 11111010;
    49F4 : 11111101;
    49F5 : 11111100;
    49F6 : 11111000;
    49F7 : 11111111;
    49F8 : 11111100;
    49F9 : 11110010;
    49FA : 11101101;
    49FB : 11000110;
    49FC : 11000110;
    49FD : 10111111;
    49FE : 11000011;
    49FF : 10010101;
    4A00 : 00110001;
    4A01 : 00011100;
    4A02 : 00010100;
    4A03 : 00111001;
    4A04 : 11001011;
    4A05 : 11111011;
    4A06 : 11110111;
    4A07 : 11111000;
    4A08 : 11111110;
    4A09 : 11110110;
    4A0A : 11111011;
    4A0B : 11110101;
    4A0C : 10111101;
    4A0D : 01000010;
    4A0E : 00100010;
    4A0F : 00010100;
    4A10 : 00011110;
    4A11 : 10101011;
    4A12 : 11111000;
    4A13 : 11110111;
    4A14 : 11111000;
    4A15 : 11111011;
    4A16 : 11111100;
    4A17 : 11111011;
    4A18 : 11111011;
    4A19 : 11111001;
    4A1A : 10001111;
    4A1B : 00110011;
    4A1C : 00101000;
    4A1D : 00001110;
    4A1E : 01010101;
    4A1F : 11101100;
    4A20 : 11110011;
    4A21 : 11110101;
    4A22 : 11111000;
    4A23 : 11110111;
    4A24 : 11111110;
    4A25 : 11110111;
    4A26 : 11111000;
    4A27 : 11111100;
    4A28 : 11111100;
    4A29 : 11111110;
    4A2A : 11111111;
    4A2B : 11111110;
    4A2C : 11111110;
    4A2D : 11111110;
    4A2E : 11111110;
    4A2F : 11111110;
    4A30 : 11111111;
    4A31 : 11111111;
    4A32 : 11111111;
    4A33 : 11111111;
    4A34 : 11111111;
    4A35 : 11111111;
    4A36 : 11111111;
    4A37 : 11111111;
    4A38 : 11111111;
    4A39 : 11111111;
    4A3A : 11111111;
    4A3B : 11111111;
    4A3C : 11111111;
    4A3D : 11111111;
    4A3E : 11111111;
    4A3F : 11111111;
    4A40 : 11111111;
    4A41 : 11111111;
    4A42 : 11111111;
    4A43 : 11111111;
    4A44 : 11111111;
    4A45 : 11111111;
    4A46 : 11111111;
    4A47 : 11111111;
    4A48 : 11111111;
    4A49 : 11111111;
    4A4A : 11111111;
    4A4B : 11111111;
    4A4C : 11111111;
    4A4D : 11111111;
    4A4E : 11111111;
    4A4F : 11111111;
    4A50 : 11111111;
    4A51 : 11111111;
    4A52 : 11111111;
    4A53 : 11111111;
    4A54 : 11111111;
    4A55 : 11111111;
    4A56 : 11111111;
    4A57 : 11111111;
    4A58 : 11111111;
    4A59 : 11111111;
    4A5A : 11111111;
    4A5B : 11111111;
    4A5C : 11111111;
    4A5D : 11111111;
    4A5E : 11111111;
    4A5F : 11111111;
    4A60 : 11111111;
    4A61 : 11111111;
    4A62 : 11111111;
    4A63 : 11111111;
    4A64 : 11111111;
    4A65 : 11111111;
    4A66 : 11111111;
    4A67 : 11111111;
    4A68 : 11111111;
    4A69 : 11111111;
    4A6A : 11111111;
    4A6B : 11111111;
    4A6C : 11111111;
    4A6D : 11111111;
    4A6E : 11111111;
    4A6F : 11111111;
    4A70 : 11111111;
    4A71 : 11111111;
    4A72 : 11111111;
    4A73 : 11111111;
    4A74 : 11111111;
    4A75 : 11111111;
    4A76 : 11111111;
    4A77 : 11111111;
    4A78 : 11111111;
    4A79 : 11111111;
    4A7A : 11111111;
    4A7B : 11111111;
    4A7C : 11111111;
    4A7D : 11111111;
    4A7E : 11111111;
    4A7F : 11111111;
    4A80 : 11111111;
    4A81 : 11111111;
    4A82 : 11111111;
    4A83 : 11111111;
    4A84 : 11111111;
    4A85 : 11111111;
    4A86 : 11111111;
    4A87 : 11111111;
    4A88 : 11111111;
    4A89 : 11111111;
    4A8A : 11111111;
    4A8B : 11111111;
    4A8C : 11111111;
    4A8D : 11111110;
    4A8E : 11111110;
    4A8F : 11111110;
    4A90 : 11111011;
    4A91 : 11111111;
    4A92 : 11111111;
    4A93 : 11111110;
    4A94 : 11111110;
    4A95 : 11111001;
    4A96 : 11111001;
    4A97 : 11111000;
    4A98 : 11111100;
    4A99 : 11111001;
    4A9A : 11111000;
    4A9B : 11111110;
    4A9C : 11111100;
    4A9D : 11111011;
    4A9E : 11111110;
    4A9F : 10010011;
    4AA0 : 00100101;
    4AA1 : 00100000;
    4AA2 : 00100000;
    4AA3 : 00001000;
    4AA4 : 10011001;
    4AA5 : 11110110;
    4AA6 : 11110110;
    4AA7 : 11111000;
    4AA8 : 11110110;
    4AA9 : 11110011;
    4AAA : 11110010;
    4AAB : 11111100;
    4AAC : 10011101;
    4AAD : 00100111;
    4AAE : 00100101;
    4AAF : 00100110;
    4AB0 : 00100001;
    4AB1 : 10001101;
    4AB2 : 11101110;
    4AB3 : 11110110;
    4AB4 : 11111000;
    4AB5 : 11110011;
    4AB6 : 11111010;
    4AB7 : 11110100;
    4AB8 : 11110110;
    4AB9 : 11110010;
    4ABA : 10011000;
    4ABB : 00101010;
    4ABC : 00110010;
    4ABD : 00100000;
    4ABE : 01001011;
    4ABF : 11010100;
    4AC0 : 11111110;
    4AC1 : 11110111;
    4AC2 : 11111011;
    4AC3 : 11111101;
    4AC4 : 11111010;
    4AC5 : 11111110;
    4AC6 : 11111110;
    4AC7 : 11111000;
    4AC8 : 11111101;
    4AC9 : 11111111;
    4ACA : 11111111;
    4ACB : 11111110;
    4ACC : 11111101;
    4ACD : 11111111;
    4ACE : 11111111;
    4ACF : 11111110;
    4AD0 : 11111111;
    4AD1 : 11111111;
    4AD2 : 11111111;
    4AD3 : 11111111;
    4AD4 : 11111111;
    4AD5 : 11111111;
    4AD6 : 11111111;
    4AD7 : 11111111;
    4AD8 : 11111111;
    4AD9 : 11111111;
    4ADA : 11111111;
    4ADB : 11111111;
    4ADC : 11111111;
    4ADD : 11111111;
    4ADE : 11111111;
    4ADF : 11111111;
    4AE0 : 11111111;
    4AE1 : 11111111;
    4AE2 : 11111111;
    4AE3 : 11111111;
    4AE4 : 11111111;
    4AE5 : 11111111;
    4AE6 : 11111111;
    4AE7 : 11111111;
    4AE8 : 11111111;
    4AE9 : 11111111;
    4AEA : 11111111;
    4AEB : 11111111;
    4AEC : 11111111;
    4AED : 11111111;
    4AEE : 11111111;
    4AEF : 11111111;
    4AF0 : 11111111;
    4AF1 : 11111111;
    4AF2 : 11111111;
    4AF3 : 11111111;
    4AF4 : 11111111;
    4AF5 : 11111111;
    4AF6 : 11111111;
    4AF7 : 11111111;
    4AF8 : 11111111;
    4AF9 : 11111111;
    4AFA : 11111111;
    4AFB : 11111111;
    4AFC : 11111111;
    4AFD : 11111111;
    4AFE : 11111111;
    4AFF : 11111111;
    4B00 : 11111111;
    4B01 : 11111111;
    4B02 : 11111111;
    4B03 : 11111111;
    4B04 : 11111111;
    4B05 : 11111111;
    4B06 : 11111111;
    4B07 : 11111111;
    4B08 : 11111111;
    4B09 : 11111111;
    4B0A : 11111111;
    4B0B : 11111111;
    4B0C : 11111111;
    4B0D : 11111111;
    4B0E : 11111111;
    4B0F : 11111111;
    4B10 : 11111111;
    4B11 : 11111111;
    4B12 : 11111111;
    4B13 : 11111111;
    4B14 : 11111111;
    4B15 : 11111111;
    4B16 : 11111111;
    4B17 : 11111111;
    4B18 : 11111111;
    4B19 : 11111111;
    4B1A : 11111111;
    4B1B : 11111111;
    4B1C : 11111111;
    4B1D : 11111111;
    4B1E : 11111111;
    4B1F : 11111111;
    4B20 : 11111111;
    4B21 : 11111111;
    4B22 : 11111111;
    4B23 : 11111111;
    4B24 : 11111111;
    4B25 : 11111111;
    4B26 : 11111111;
    4B27 : 11111111;
    4B28 : 11111111;
    4B29 : 11111111;
    4B2A : 11111111;
    4B2B : 11111111;
    4B2C : 11111111;
    4B2D : 11111111;
    4B2E : 11111111;
    4B2F : 11111111;
    4B30 : 11111110;
    4B31 : 11111101;
    4B32 : 11111101;
    4B33 : 11111101;
    4B34 : 11111101;
    4B35 : 11111101;
    4B36 : 11111101;
    4B37 : 11111110;
    4B38 : 11111001;
    4B39 : 11111101;
    4B3A : 11111000;
    4B3B : 11111000;
    4B3C : 11110110;
    4B3D : 11110101;
    4B3E : 11111010;
    4B3F : 11001001;
    4B40 : 01000101;
    4B41 : 00111010;
    4B42 : 00101000;
    4B43 : 00011011;
    4B44 : 10101010;
    4B45 : 11111100;
    4B46 : 11110110;
    4B47 : 11111010;
    4B48 : 11110100;
    4B49 : 11111010;
    4B4A : 11110010;
    4B4B : 11111011;
    4B4C : 11100001;
    4B4D : 01100001;
    4B4E : 01001001;
    4B4F : 00111010;
    4B50 : 00101010;
    4B51 : 10110101;
    4B52 : 11111110;
    4B53 : 11101101;
    4B54 : 11110110;
    4B55 : 11111010;
    4B56 : 11110101;
    4B57 : 11111100;
    4B58 : 11110001;
    4B59 : 11111110;
    4B5A : 11000100;
    4B5B : 01001101;
    4B5C : 01001110;
    4B5D : 00101101;
    4B5E : 01101010;
    4B5F : 11110111;
    4B60 : 11111001;
    4B61 : 11111010;
    4B62 : 11111011;
    4B63 : 11111100;
    4B64 : 11111101;
    4B65 : 11111101;
    4B66 : 11111101;
    4B67 : 11111101;
    4B68 : 11111101;
    4B69 : 11111110;
    4B6A : 11111111;
    4B6B : 11111110;
    4B6C : 11111101;
    4B6D : 11111101;
    4B6E : 11111110;
    4B6F : 11111111;
    4B70 : 11111111;
    4B71 : 11111111;
    4B72 : 11111111;
    4B73 : 11111111;
    4B74 : 11111111;
    4B75 : 11111111;
    4B76 : 11111111;
    4B77 : 11111111;
    4B78 : 11111111;
    4B79 : 11111111;
    4B7A : 11111111;
    4B7B : 11111111;
    4B7C : 11111111;
    4B7D : 11111111;
    4B7E : 11111111;
    4B7F : 11111111;
    4B80 : 11111111;
    4B81 : 11111111;
    4B82 : 11111111;
    4B83 : 11111111;
    4B84 : 11111111;
    4B85 : 11111111;
    4B86 : 11111111;
    4B87 : 11111111;
    4B88 : 11111111;
    4B89 : 11111111;
    4B8A : 11111111;
    4B8B : 11111111;
    4B8C : 11111111;
    4B8D : 11111111;
    4B8E : 11111111;
    4B8F : 11111111;
    4B90 : 11111111;
    4B91 : 11111111;
    4B92 : 11111111;
    4B93 : 11111111;
    4B94 : 11111111;
    4B95 : 11111111;
    4B96 : 11111111;
    4B97 : 11111111;
    4B98 : 11111111;
    4B99 : 11111111;
    4B9A : 11111111;
    4B9B : 11111111;
    4B9C : 11111111;
    4B9D : 11111111;
    4B9E : 11111111;
    4B9F : 11111111;
    4BA0 : 11111111;
    4BA1 : 11111111;
    4BA2 : 11111111;
    4BA3 : 11111111;
    4BA4 : 11111111;
    4BA5 : 11111111;
    4BA6 : 11111111;
    4BA7 : 11111111;
    4BA8 : 11111111;
    4BA9 : 11111111;
    4BAA : 11111111;
    4BAB : 11111111;
    4BAC : 11111111;
    4BAD : 11111111;
    4BAE : 11111111;
    4BAF : 11111111;
    4BB0 : 11111111;
    4BB1 : 11111111;
    4BB2 : 11111111;
    4BB3 : 11111111;
    4BB4 : 11111111;
    4BB5 : 11111111;
    4BB6 : 11111111;
    4BB7 : 11111111;
    4BB8 : 11111111;
    4BB9 : 11111111;
    4BBA : 11111111;
    4BBB : 11111111;
    4BBC : 11111111;
    4BBD : 11111111;
    4BBE : 11111111;
    4BBF : 11111111;
    4BC0 : 11111111;
    4BC1 : 11111111;
    4BC2 : 11111111;
    4BC3 : 11111111;
    4BC4 : 11111111;
    4BC5 : 11111111;
    4BC6 : 11111111;
    4BC7 : 11111111;
    4BC8 : 11111111;
    4BC9 : 11111111;
    4BCA : 11111111;
    4BCB : 11111111;
    4BCC : 11111111;
    4BCD : 11111111;
    4BCE : 11111111;
    4BCF : 11111111;
    4BD0 : 11111110;
    4BD1 : 11111110;
    4BD2 : 11111110;
    4BD3 : 11111101;
    4BD4 : 11111101;
    4BD5 : 11111101;
    4BD6 : 11111110;
    4BD7 : 11111110;
    4BD8 : 11111110;
    4BD9 : 11111110;
    4BDA : 11111011;
    4BDB : 11111011;
    4BDC : 11111000;
    4BDD : 11110101;
    4BDE : 11111010;
    4BDF : 11011000;
    4BE0 : 01010001;
    4BE1 : 00101110;
    4BE2 : 00110011;
    4BE3 : 00101000;
    4BE4 : 10101010;
    4BE5 : 11111110;
    4BE6 : 11111010;
    4BE7 : 11111001;
    4BE8 : 11111001;
    4BE9 : 11110111;
    4BEA : 11110111;
    4BEB : 11111000;
    4BEC : 11110011;
    4BED : 01101111;
    4BEE : 00100011;
    4BEF : 00011011;
    4BF0 : 00110010;
    4BF1 : 11001000;
    4BF2 : 11111001;
    4BF3 : 11110110;
    4BF4 : 11111110;
    4BF5 : 11110110;
    4BF6 : 11110101;
    4BF7 : 11110100;
    4BF8 : 11111000;
    4BF9 : 11110111;
    4BFA : 11000001;
    4BFB : 01001011;
    4BFC : 00100111;
    4BFD : 00100011;
    4BFE : 01111110;
    4BFF : 11111010;
    4C00 : 11111001;
    4C01 : 11111010;
    4C02 : 11111011;
    4C03 : 11111100;
    4C04 : 11111101;
    4C05 : 11111101;
    4C06 : 11111101;
    4C07 : 11111101;
    4C08 : 11111101;
    4C09 : 11111110;
    4C0A : 11111111;
    4C0B : 11111110;
    4C0C : 11111110;
    4C0D : 11111101;
    4C0E : 11111110;
    4C0F : 11111111;
    4C10 : 11111111;
    4C11 : 11111111;
    4C12 : 11111111;
    4C13 : 11111111;
    4C14 : 11111111;
    4C15 : 11111111;
    4C16 : 11111111;
    4C17 : 11111111;
    4C18 : 11111111;
    4C19 : 11111111;
    4C1A : 11111111;
    4C1B : 11111111;
    4C1C : 11111111;
    4C1D : 11111111;
    4C1E : 11111111;
    4C1F : 11111111;
    4C20 : 11111111;
    4C21 : 11111111;
    4C22 : 11111111;
    4C23 : 11111111;
    4C24 : 11111111;
    4C25 : 11111111;
    4C26 : 11111111;
    4C27 : 11111111;
    4C28 : 11111111;
    4C29 : 11111111;
    4C2A : 11111111;
    4C2B : 11111111;
    4C2C : 11111111;
    4C2D : 11111111;
    4C2E : 11111111;
    4C2F : 11111111;
    4C30 : 11111111;
    4C31 : 11111111;
    4C32 : 11111111;
    4C33 : 11111111;
    4C34 : 11111111;
    4C35 : 11111111;
    4C36 : 11111111;
    4C37 : 11111111;
    4C38 : 11111111;
    4C39 : 11111111;
    4C3A : 11111111;
    4C3B : 11111111;
    4C3C : 11111111;
    4C3D : 11111111;
    4C3E : 11111111;
    4C3F : 11111111;
    4C40 : 11111111;
    4C41 : 11111111;
    4C42 : 11111111;
    4C43 : 11111111;
    4C44 : 11111111;
    4C45 : 11111111;
    4C46 : 11111111;
    4C47 : 11111111;
    4C48 : 11111111;
    4C49 : 11111111;
    4C4A : 11111111;
    4C4B : 11111111;
    4C4C : 11111111;
    4C4D : 11111111;
    4C4E : 11111111;
    4C4F : 11111111;
    4C50 : 11111111;
    4C51 : 11111111;
    4C52 : 11111111;
    4C53 : 11111111;
    4C54 : 11111111;
    4C55 : 11111111;
    4C56 : 11111111;
    4C57 : 11111111;
    4C58 : 11111111;
    4C59 : 11111111;
    4C5A : 11111111;
    4C5B : 11111111;
    4C5C : 11111111;
    4C5D : 11111111;
    4C5E : 11111111;
    4C5F : 11111111;
    4C60 : 11111111;
    4C61 : 11111111;
    4C62 : 11111111;
    4C63 : 11111111;
    4C64 : 11111111;
    4C65 : 11111111;
    4C66 : 11111111;
    4C67 : 11111111;
    4C68 : 11111111;
    4C69 : 11111111;
    4C6A : 11111111;
    4C6B : 11111111;
    4C6C : 11111111;
    4C6D : 11111111;
    4C6E : 11111111;
    4C6F : 11111111;
    4C70 : 11111110;
    4C71 : 11111110;
    4C72 : 11111110;
    4C73 : 11111110;
    4C74 : 11111101;
    4C75 : 11111110;
    4C76 : 11111101;
    4C77 : 11111110;
    4C78 : 11111110;
    4C79 : 11111100;
    4C7A : 11111101;
    4C7B : 11111100;
    4C7C : 11111011;
    4C7D : 11111001;
    4C7E : 11111100;
    4C7F : 11101110;
    4C80 : 10011111;
    4C81 : 00101111;
    4C82 : 00001100;
    4C83 : 01100001;
    4C84 : 11011011;
    4C85 : 11110100;
    4C86 : 11110011;
    4C87 : 11110111;
    4C88 : 11110101;
    4C89 : 11111000;
    4C8A : 11111001;
    4C8B : 11111010;
    4C8C : 11110111;
    4C8D : 10101011;
    4C8E : 00110000;
    4C8F : 00011100;
    4C90 : 10001010;
    4C91 : 11101100;
    4C92 : 11110101;
    4C93 : 11111001;
    4C94 : 11111100;
    4C95 : 11110111;
    4C96 : 11111100;
    4C97 : 11110100;
    4C98 : 11110111;
    4C99 : 11110111;
    4C9A : 11110010;
    4C9B : 10100101;
    4C9C : 00110000;
    4C9D : 01110011;
    4C9E : 11010110;
    4C9F : 11110111;
    4CA0 : 11111010;
    4CA1 : 11111011;
    4CA2 : 11111100;
    4CA3 : 11111101;
    4CA4 : 11111101;
    4CA5 : 11111110;
    4CA6 : 11111110;
    4CA7 : 11111101;
    4CA8 : 11111110;
    4CA9 : 11111111;
    4CAA : 11111111;
    4CAB : 11111111;
    4CAC : 11111110;
    4CAD : 11111110;
    4CAE : 11111111;
    4CAF : 11111111;
    4CB0 : 11111111;
    4CB1 : 11111111;
    4CB2 : 11111111;
    4CB3 : 11111111;
    4CB4 : 11111111;
    4CB5 : 11111111;
    4CB6 : 11111111;
    4CB7 : 11111111;
    4CB8 : 11111111;
    4CB9 : 11111111;
    4CBA : 11111111;
    4CBB : 11111111;
    4CBC : 11111111;
    4CBD : 11111111;
    4CBE : 11111111;
    4CBF : 11111111;
    4CC0 : 11111111;
    4CC1 : 11111111;
    4CC2 : 11111111;
    4CC3 : 11111111;
    4CC4 : 11111111;
    4CC5 : 11111111;
    4CC6 : 11111111;
    4CC7 : 11111111;
    4CC8 : 11111111;
    4CC9 : 11111111;
    4CCA : 11111111;
    4CCB : 11111111;
    4CCC : 11111111;
    4CCD : 11111111;
    4CCE : 11111111;
    4CCF : 11111111;
    4CD0 : 11111111;
    4CD1 : 11111111;
    4CD2 : 11111111;
    4CD3 : 11111111;
    4CD4 : 11111111;
    4CD5 : 11111111;
    4CD6 : 11111111;
    4CD7 : 11111111;
    4CD8 : 11111111;
    4CD9 : 11111111;
    4CDA : 11111111;
    4CDB : 11111111;
    4CDC : 11111111;
    4CDD : 11111111;
    4CDE : 11111111;
    4CDF : 11111111;
    4CE0 : 11111111;
    4CE1 : 11111111;
    4CE2 : 11111111;
    4CE3 : 11111111;
    4CE4 : 11111111;
    4CE5 : 11111111;
    4CE6 : 11111111;
    4CE7 : 11111111;
    4CE8 : 11111111;
    4CE9 : 11111111;
    4CEA : 11111111;
    4CEB : 11111111;
    4CEC : 11111111;
    4CED : 11111111;
    4CEE : 11111111;
    4CEF : 11111111;
    4CF0 : 11111111;
    4CF1 : 11111111;
    4CF2 : 11111111;
    4CF3 : 11111111;
    4CF4 : 11111111;
    4CF5 : 11111111;
    4CF6 : 11111111;
    4CF7 : 11111111;
    4CF8 : 11111111;
    4CF9 : 11111111;
    4CFA : 11111111;
    4CFB : 11111111;
    4CFC : 11111111;
    4CFD : 11111111;
    4CFE : 11111111;
    4CFF : 11111111;
    4D00 : 11111111;
    4D01 : 11111111;
    4D02 : 11111111;
    4D03 : 11111111;
    4D04 : 11111111;
    4D05 : 11111111;
    4D06 : 11111111;
    4D07 : 11111111;
    4D08 : 11111111;
    4D09 : 11111111;
    4D0A : 11111111;
    4D0B : 11111111;
    4D0C : 11111111;
    4D0D : 11111111;
    4D0E : 11111111;
    4D0F : 11111111;
    4D10 : 11111111;
    4D11 : 11111110;
    4D12 : 11111110;
    4D13 : 11111110;
    4D14 : 11111101;
    4D15 : 11111101;
    4D16 : 11111110;
    4D17 : 11111110;
    4D18 : 11111101;
    4D19 : 11111100;
    4D1A : 11111110;
    4D1B : 11111100;
    4D1C : 11111100;
    4D1D : 11111101;
    4D1E : 11111101;
    4D1F : 11111011;
    4D20 : 11110101;
    4D21 : 10011110;
    4D22 : 01100110;
    4D23 : 11001011;
    4D24 : 11111111;
    4D25 : 11111001;
    4D26 : 11111111;
    4D27 : 11111110;
    4D28 : 11111110;
    4D29 : 11111110;
    4D2A : 11111110;
    4D2B : 11111110;
    4D2C : 11111000;
    4D2D : 11110101;
    4D2E : 10101000;
    4D2F : 10010100;
    4D30 : 11101100;
    4D31 : 11111011;
    4D32 : 11111011;
    4D33 : 11111011;
    4D34 : 11110111;
    4D35 : 11111100;
    4D36 : 11111111;
    4D37 : 11111011;
    4D38 : 11111000;
    4D39 : 11111011;
    4D3A : 11111101;
    4D3B : 11110011;
    4D3C : 10101010;
    4D3D : 11011111;
    4D3E : 11111100;
    4D3F : 11111001;
    4D40 : 11111100;
    4D41 : 11111100;
    4D42 : 11111101;
    4D43 : 11111110;
    4D44 : 11111110;
    4D45 : 11111110;
    4D46 : 11111110;
    4D47 : 11111110;
    4D48 : 11111110;
    4D49 : 11111111;
    4D4A : 11111111;
    4D4B : 11111111;
    4D4C : 11111111;
    4D4D : 11111110;
    4D4E : 11111111;
    4D4F : 11111111;
    4D50 : 11111111;
    4D51 : 11111111;
    4D52 : 11111111;
    4D53 : 11111111;
    4D54 : 11111111;
    4D55 : 11111111;
    4D56 : 11111111;
    4D57 : 11111111;
    4D58 : 11111111;
    4D59 : 11111111;
    4D5A : 11111111;
    4D5B : 11111111;
    4D5C : 11111111;
    4D5D : 11111111;
    4D5E : 11111111;
    4D5F : 11111111;
    4D60 : 11111111;
    4D61 : 11111111;
    4D62 : 11111111;
    4D63 : 11111111;
    4D64 : 11111111;
    4D65 : 11111111;
    4D66 : 11111111;
    4D67 : 11111111;
    4D68 : 11111111;
    4D69 : 11111111;
    4D6A : 11111111;
    4D6B : 11111111;
    4D6C : 11111111;
    4D6D : 11111111;
    4D6E : 11111111;
    4D6F : 11111111;
    4D70 : 11111111;
    4D71 : 11111111;
    4D72 : 11111111;
    4D73 : 11111111;
    4D74 : 11111111;
    4D75 : 11111111;
    4D76 : 11111111;
    4D77 : 11111111;
    4D78 : 11111111;
    4D79 : 11111111;
    4D7A : 11111111;
    4D7B : 11111111;
    4D7C : 11111111;
    4D7D : 11111111;
    4D7E : 11111111;
    4D7F : 11111111;
    4D80 : 11111111;
    4D81 : 11111111;
    4D82 : 11111111;
    4D83 : 11111111;
    4D84 : 11111111;
    4D85 : 11111111;
    4D86 : 11111111;
    4D87 : 11111111;
    4D88 : 11111111;
    4D89 : 11111111;
    4D8A : 11111111;
    4D8B : 11111111;
    4D8C : 11111111;
    4D8D : 11111111;
    4D8E : 11111111;
    4D8F : 11111111;
    4D90 : 11111111;
    4D91 : 11111111;
    4D92 : 11111111;
    4D93 : 11111111;
    4D94 : 11111111;
    4D95 : 11111111;
    4D96 : 11111111;
    4D97 : 11111111;
    4D98 : 11111111;
    4D99 : 11111111;
    4D9A : 11111111;
    4D9B : 11111111;
    4D9C : 11111111;
    4D9D : 11111111;
    4D9E : 11111111;
    4D9F : 11111111;
    4DA0 : 11111111;
    4DA1 : 11111111;
    4DA2 : 11111111;
    4DA3 : 11111111;
    4DA4 : 11111111;
    4DA5 : 11111111;
    4DA6 : 11111111;
    4DA7 : 11111111;
    4DA8 : 11111111;
    4DA9 : 11111111;
    4DAA : 11111111;
    4DAB : 11111111;
    4DAC : 11111111;
    4DAD : 11111111;
    4DAE : 11111111;
    4DAF : 11111111;
    4DB0 : 11111111;
    4DB1 : 11111110;
    4DB2 : 11111111;
    4DB3 : 11111111;
    4DB4 : 11111110;
    4DB5 : 11111110;
    4DB6 : 11111110;
    4DB7 : 11111110;
    4DB8 : 11111110;
    4DB9 : 11111111;
    4DBA : 11111111;
    4DBB : 11111101;
    4DBC : 11111100;
    4DBD : 11111110;
    4DBE : 11111011;
    4DBF : 11111100;
    4DC0 : 11111110;
    4DC1 : 11110110;
    4DC2 : 11101010;
    4DC3 : 11111111;
    4DC4 : 11111001;
    4DC5 : 11111111;
    4DC6 : 11111101;
    4DC7 : 11111010;
    4DC8 : 11111110;
    4DC9 : 11110110;
    4DCA : 11111110;
    4DCB : 11111100;
    4DCC : 11111101;
    4DCD : 11111011;
    4DCE : 11111001;
    4DCF : 11110100;
    4DD0 : 11111111;
    4DD1 : 11110101;
    4DD2 : 11111111;
    4DD3 : 11111111;
    4DD4 : 11111011;
    4DD5 : 11111100;
    4DD6 : 11111111;
    4DD7 : 11111110;
    4DD8 : 11111011;
    4DD9 : 11111011;
    4DDA : 11110110;
    4DDB : 11111001;
    4DDC : 11111111;
    4DDD : 11111110;
    4DDE : 11110101;
    4DDF : 11111110;
    4DE0 : 11111101;
    4DE1 : 11111110;
    4DE2 : 11111110;
    4DE3 : 11111111;
    4DE4 : 11111111;
    4DE5 : 11111111;
    4DE6 : 11111111;
    4DE7 : 11111111;
    4DE8 : 11111111;
    4DE9 : 11111111;
    4DEA : 11111111;
    4DEB : 11111111;
    4DEC : 11111111;
    4DED : 11111111;
    4DEE : 11111111;
    4DEF : 11111111;
    4DF0 : 11111111;
    4DF1 : 11111111;
    4DF2 : 11111111;
    4DF3 : 11111111;
    4DF4 : 11111111;
    4DF5 : 11111111;
    4DF6 : 11111111;
    4DF7 : 11111111;
    4DF8 : 11111111;
    4DF9 : 11111111;
    4DFA : 11111111;
    4DFB : 11111111;
    4DFC : 11111111;
    4DFD : 11111111;
    4DFE : 11111111;
    4DFF : 11111111;
    4E00 : 11111111;
    4E01 : 11111111;
    4E02 : 11111111;
    4E03 : 11111111;
    4E04 : 11111111;
    4E05 : 11111111;
    4E06 : 11111111;
    4E07 : 11111111;
    4E08 : 11111111;
    4E09 : 11111111;
    4E0A : 11111111;
    4E0B : 11111111;
    4E0C : 11111111;
    4E0D : 11111111;
    4E0E : 11111111;
    4E0F : 11111111;
    4E10 : 11111111;
    4E11 : 11111111;
    4E12 : 11111111;
    4E13 : 11111111;
    4E14 : 11111111;
    4E15 : 11111111;
    4E16 : 11111111;
    4E17 : 11111111;
    4E18 : 11111111;
    4E19 : 11111111;
    4E1A : 11111111;
    4E1B : 11111111;
    4E1C : 11111111;
    4E1D : 11111111;
    4E1E : 11111111;
    4E1F : 11111111;
    4E20 : 11111111;
    4E21 : 11111111;
    4E22 : 11111111;
    4E23 : 11111111;
    4E24 : 11111111;
    4E25 : 11111111;
    4E26 : 11111111;
    4E27 : 11111111;
    4E28 : 11111111;
    4E29 : 11111111;
    4E2A : 11111111;
    4E2B : 11111111;
    4E2C : 11111111;
    4E2D : 11111111;
    4E2E : 11111111;
    4E2F : 11111111;
    4E30 : 11111111;
    4E31 : 11111111;
    4E32 : 11111111;
    4E33 : 11111111;
    4E34 : 11111111;
    4E35 : 11111111;
    4E36 : 11111111;
    4E37 : 11111111;
    4E38 : 11111111;
    4E39 : 11111111;
    4E3A : 11111111;
    4E3B : 11111111;
    4E3C : 11111111;
    4E3D : 11111111;
    4E3E : 11111111;
    4E3F : 11111111;
    4E40 : 11111111;
    4E41 : 11111111;
    4E42 : 11111111;
    4E43 : 11111111;
    4E44 : 11111111;
    4E45 : 11111111;
    4E46 : 11111111;
    4E47 : 11111111;
    4E48 : 11111111;
    4E49 : 11111111;
    4E4A : 11111111;
    4E4B : 11111111;
    4E4C : 11111111;
    4E4D : 11111111;
    4E4E : 11111111;
    4E4F : 11111111;
    4E50 : 11111110;
    4E51 : 11111110;
    4E52 : 11111110;
    4E53 : 11111111;
    4E54 : 11111110;
    4E55 : 11111110;
    4E56 : 11111110;
    4E57 : 11111110;
    4E58 : 11111111;
    4E59 : 11111111;
    4E5A : 11111111;
    4E5B : 11111111;
    4E5C : 11111101;
    4E5D : 11111110;
    4E5E : 11111101;
    4E5F : 11111101;
    4E60 : 11111111;
    4E61 : 11111101;
    4E62 : 11111111;
    4E63 : 11111111;
    4E64 : 11111111;
    4E65 : 11111111;
    4E66 : 11111100;
    4E67 : 11111111;
    4E68 : 11111111;
    4E69 : 11111110;
    4E6A : 11111110;
    4E6B : 11111111;
    4E6C : 11111111;
    4E6D : 11111001;
    4E6E : 11111111;
    4E6F : 11111111;
    4E70 : 11111001;
    4E71 : 11111101;
    4E72 : 11111111;
    4E73 : 11111011;
    4E74 : 11111111;
    4E75 : 11111100;
    4E76 : 11111111;
    4E77 : 11111110;
    4E78 : 11111101;
    4E79 : 11111111;
    4E7A : 11111111;
    4E7B : 11111101;
    4E7C : 11111101;
    4E7D : 11111100;
    4E7E : 11111111;
    4E7F : 11111110;
    4E80 : 11111111;
    4E81 : 11111111;
    4E82 : 11111111;
    4E83 : 11111111;
    4E84 : 11111111;
    4E85 : 11111111;
    4E86 : 11111111;
    4E87 : 11111111;
    4E88 : 11111111;
    4E89 : 11111111;
    4E8A : 11111111;
    4E8B : 11111111;
    4E8C : 11111111;
    4E8D : 11111111;
    4E8E : 11111111;
    4E8F : 11111111;
    4E90 : 11111111;
    4E91 : 11111111;
    4E92 : 11111111;
    4E93 : 11111111;
    4E94 : 11111111;
    4E95 : 11111111;
    4E96 : 11111111;
    4E97 : 11111111;
    4E98 : 11111111;
    4E99 : 11111111;
    4E9A : 11111111;
    4E9B : 11111111;
    4E9C : 11111111;
    4E9D : 11111111;
    4E9E : 11111111;
    4E9F : 11111111;
    4EA0 : 11111111;
    4EA1 : 11111111;
    4EA2 : 11111111;
    4EA3 : 11111111;
    4EA4 : 11111111;
    4EA5 : 11111111;
    4EA6 : 11111111;
    4EA7 : 11111111;
    4EA8 : 11111111;
    4EA9 : 11111111;
    4EAA : 11111111;
    4EAB : 11111111;
    4EAC : 11111111;
    4EAD : 11111111;
    4EAE : 11111111;
    4EAF : 11111111;
    4EB0 : 11111111;
    4EB1 : 11111111;
    4EB2 : 11111111;
    4EB3 : 11111111;
    4EB4 : 11111111;
    4EB5 : 11111111;
    4EB6 : 11111111;
    4EB7 : 11111111;
    4EB8 : 11111111;
    4EB9 : 11111111;
    4EBA : 11111111;
    4EBB : 11111111;
    4EBC : 11111111;
    4EBD : 11111111;
    4EBE : 11111111;
    4EBF : 11111111;
    4EC0 : 11111111;
    4EC1 : 11111111;
    4EC2 : 11111111;
    4EC3 : 11111111;
    4EC4 : 11111111;
    4EC5 : 11111111;
    4EC6 : 11111111;
    4EC7 : 11111111;
    4EC8 : 11111111;
    4EC9 : 11111111;
    4ECA : 11111111;
    4ECB : 11111111;
    4ECC : 11111111;
    4ECD : 11111111;
    4ECE : 11111111;
    4ECF : 11111111;
    4ED0 : 11111111;
    4ED1 : 11111111;
    4ED2 : 11111111;
    4ED3 : 11111111;
    4ED4 : 11111111;
    4ED5 : 11111111;
    4ED6 : 11111111;
    4ED7 : 11111111;
    4ED8 : 11111111;
    4ED9 : 11111111;
    4EDA : 11111111;
    4EDB : 11111111;
    4EDC : 11111111;
    4EDD : 11111111;
    4EDE : 11111111;
    4EDF : 11111111;
    4EE0 : 11111111;
    4EE1 : 11111111;
    4EE2 : 11111111;
    4EE3 : 11111111;
    4EE4 : 11111111;
    4EE5 : 11111111;
    4EE6 : 11111111;
    4EE7 : 11111111;
    4EE8 : 11111111;
    4EE9 : 11111111;
    4EEA : 11111111;
    4EEB : 11111111;
    4EEC : 11111111;
    4EED : 11111111;
    4EEE : 11111111;
    4EEF : 11111110;
    4EF0 : 11111110;
    4EF1 : 11111110;
    4EF2 : 11111110;
    4EF3 : 11111110;
    4EF4 : 11111110;
    4EF5 : 11111110;
    4EF6 : 11111110;
    4EF7 : 11111110;
    4EF8 : 11111111;
    4EF9 : 11111111;
    4EFA : 11111101;
    4EFB : 11111110;
    4EFC : 11111101;
    4EFD : 11111110;
    4EFE : 11111111;
    4EFF : 11111111;
    4F00 : 11111110;
    4F01 : 11111110;
    4F02 : 11111010;
    4F03 : 11111011;
    4F04 : 11111110;
    4F05 : 11111010;
    4F06 : 11111111;
    4F07 : 11111111;
    4F08 : 11111111;
    4F09 : 11111111;
    4F0A : 11111010;
    4F0B : 11111011;
    4F0C : 11111100;
    4F0D : 11111110;
    4F0E : 11111110;
    4F0F : 11111101;
    4F10 : 11111111;
    4F11 : 11111111;
    4F12 : 11111100;
    4F13 : 11111011;
    4F14 : 11111111;
    4F15 : 11111110;
    4F16 : 11111111;
    4F17 : 11111111;
    4F18 : 11111111;
    4F19 : 11111111;
    4F1A : 11111100;
    4F1B : 11111111;
    4F1C : 11111110;
    4F1D : 11111110;
    4F1E : 11111110;
    4F1F : 11111111;
    4F20 : 11111111;
    4F21 : 11111110;
    4F22 : 11111111;
    4F23 : 11111111;
    4F24 : 11111111;
    4F25 : 11111111;
    4F26 : 11111111;
    4F27 : 11111111;
    4F28 : 11111111;
    4F29 : 11111111;
    4F2A : 11111111;
    4F2B : 11111111;
    4F2C : 11111111;
    4F2D : 11111111;
    4F2E : 11111111;
    4F2F : 11111111;
    4F30 : 11111111;
    4F31 : 11111111;
    4F32 : 11111111;
    4F33 : 11111111;
    4F34 : 11111111;
    4F35 : 11111111;
    4F36 : 11111111;
    4F37 : 11111111;
    4F38 : 11111111;
    4F39 : 11111111;
    4F3A : 11111111;
    4F3B : 11111111;
    4F3C : 11111111;
    4F3D : 11111111;
    4F3E : 11111111;
    4F3F : 11111111;
    4F40 : 11111111;
    4F41 : 11111111;
    4F42 : 11111111;
    4F43 : 11111111;
    4F44 : 11111111;
    4F45 : 11111111;
    4F46 : 11111111;
    4F47 : 11111111;
    4F48 : 11111111;
    4F49 : 11111111;
    4F4A : 11111111;
    4F4B : 11111111;
    4F4C : 11111111;
    4F4D : 11111111;
    4F4E : 11111111;
    4F4F : 11111111;
    4F50 : 11111111;
    4F51 : 11111111;
    4F52 : 11111111;
    4F53 : 11111111;
    4F54 : 11111111;
    4F55 : 11111111;
    4F56 : 11111111;
    4F57 : 11111111;
    4F58 : 11111111;
    4F59 : 11111111;
    4F5A : 11111111;
    4F5B : 11111111;
    4F5C : 11111111;
    4F5D : 11111111;
    4F5E : 11111111;
    4F5F : 11111111;
    4F60 : 11111111;
    4F61 : 11111111;
    4F62 : 11111111;
    4F63 : 11111111;
    4F64 : 11111111;
    4F65 : 11111111;
    4F66 : 11111111;
    4F67 : 11111111;
    4F68 : 11111111;
    4F69 : 11111111;
    4F6A : 11111111;
    4F6B : 11111111;
    4F6C : 11111111;
    4F6D : 11111111;
    4F6E : 11111111;
    4F6F : 11111111;
    4F70 : 11111111;
    4F71 : 11111111;
    4F72 : 11111111;
    4F73 : 11111111;
    4F74 : 11111111;
    4F75 : 11111111;
    4F76 : 11111111;
    4F77 : 11111111;
    4F78 : 11111111;
    4F79 : 11111111;
    4F7A : 11111111;
    4F7B : 11111111;
    4F7C : 11111111;
    4F7D : 11111111;
    4F7E : 11111111;
    4F7F : 11111111;
    4F80 : 11111111;
    4F81 : 11111111;
    4F82 : 11111111;
    4F83 : 11111111;
    4F84 : 11111111;
    4F85 : 11111111;
    4F86 : 11111111;
    4F87 : 11111111;
    4F88 : 11111111;
    4F89 : 11111111;
    4F8A : 11111111;
    4F8B : 11111111;
    4F8C : 11111111;
    4F8D : 11111111;
    4F8E : 11111111;
    4F8F : 11111110;
    4F90 : 11111110;
    4F91 : 11111110;
    4F92 : 11111110;
    4F93 : 11111110;
    4F94 : 11111110;
    4F95 : 11111110;
    4F96 : 11111110;
    4F97 : 11111110;
    4F98 : 11111111;
    4F99 : 11111111;
    4F9A : 11111011;
    4F9B : 11111110;
    4F9C : 11111100;
    4F9D : 11111100;
    4F9E : 11111111;
    4F9F : 11111111;
    4FA0 : 11111101;
    4FA1 : 11111110;
    4FA2 : 11111110;
    4FA3 : 11111111;
    4FA4 : 11111110;
    4FA5 : 11111110;
    4FA6 : 11111111;
    4FA7 : 11111101;
    4FA8 : 11111111;
    4FA9 : 11111000;
    4FAA : 11111111;
    4FAB : 11111110;
    4FAC : 11111110;
    4FAD : 11111110;
    4FAE : 11111110;
    4FAF : 11111101;
    4FB0 : 11111111;
    4FB1 : 11111100;
    4FB2 : 11111100;
    4FB3 : 11111111;
    4FB4 : 11111101;
    4FB5 : 11111111;
    4FB6 : 11111111;
    4FB7 : 11111111;
    4FB8 : 11111110;
    4FB9 : 11111110;
    4FBA : 11111111;
    4FBB : 11111110;
    4FBC : 11111110;
    4FBD : 11111100;
    4FBE : 11111110;
    4FBF : 11111110;
    4FC0 : 11111111;
    4FC1 : 11111110;
    4FC2 : 11111111;
    4FC3 : 11111111;
    4FC4 : 11111111;
    4FC5 : 11111111;
    4FC6 : 11111111;
    4FC7 : 11111111;
    4FC8 : 11111111;
    4FC9 : 11111111;
    4FCA : 11111111;
    4FCB : 11111111;
    4FCC : 11111111;
    4FCD : 11111111;
    4FCE : 11111110;
    4FCF : 11111110;
    4FD0 : 11111111;
    4FD1 : 11111111;
    4FD2 : 11111111;
    4FD3 : 11111111;
    4FD4 : 11111111;
    4FD5 : 11111111;
    4FD6 : 11111111;
    4FD7 : 11111111;
    4FD8 : 11111111;
    4FD9 : 11111111;
    4FDA : 11111111;
    4FDB : 11111111;
    4FDC : 11111111;
    4FDD : 11111111;
    4FDE : 11111111;
    4FDF : 11111111;
    4FE0 : 11111111;
    4FE1 : 11111111;
    4FE2 : 11111111;
    4FE3 : 11111111;
    4FE4 : 11111111;
    4FE5 : 11111111;
    4FE6 : 11111111;
    4FE7 : 11111111;
    4FE8 : 11111111;
    4FE9 : 11111111;
    4FEA : 11111111;
    4FEB : 11111111;
    4FEC : 11111111;
    4FED : 11111111;
    4FEE : 11111111;
    4FEF : 11111111;
    4FF0 : 11111111;
    4FF1 : 11111111;
    4FF2 : 11111111;
    4FF3 : 11111111;
    4FF4 : 11111111;
    4FF5 : 11111111;
    4FF6 : 11111111;
    4FF7 : 11111111;
    4FF8 : 11111111;
    4FF9 : 11111111;
    4FFA : 11111111;
    4FFB : 11111111;
    4FFC : 11111111;
    4FFD : 11111111;
    4FFE : 11111111;
    4FFF : 11111111;
    5000 : 11111111;
    5001 : 11111111;
    5002 : 11111111;
    5003 : 11111111;
    5004 : 11111111;
    5005 : 11111111;
    5006 : 11111111;
    5007 : 11111111;
    5008 : 11111111;
    5009 : 11111111;
    500A : 11111111;
    500B : 11111111;
    500C : 11111111;
    500D : 11111111;
    500E : 11111111;
    500F : 11111111;
    5010 : 11111111;
    5011 : 11111111;
    5012 : 11111111;
    5013 : 11111111;
    5014 : 11111111;
    5015 : 11111111;
    5016 : 11111111;
    5017 : 11111111;
    5018 : 11111111;
    5019 : 11111111;
    501A : 11111111;
    501B : 11111111;
    501C : 11111111;
    501D : 11111111;
    501E : 11111111;
    501F : 11111111;
    5020 : 11111111;
    5021 : 11111111;
    5022 : 11111111;
    5023 : 11111111;
    5024 : 11111111;
    5025 : 11111111;
    5026 : 11111111;
    5027 : 11111111;
    5028 : 11111111;
    5029 : 11111111;
    502A : 11111111;
    502B : 11111111;
    502C : 11111111;
    502D : 11111111;
    502E : 11111111;
    502F : 11111111;
    5030 : 11111110;
    5031 : 11111110;
    5032 : 11111111;
    5033 : 11111111;
    5034 : 11111111;
    5035 : 11111111;
    5036 : 11111111;
    5037 : 11111111;
    5038 : 11111111;
    5039 : 11111111;
    503A : 11111111;
    503B : 11111111;
    503C : 11111111;
    503D : 11111111;
    503E : 11111111;
    503F : 11111111;
    5040 : 11111111;
    5041 : 11111111;
    5042 : 11111111;
    5043 : 11111111;
    5044 : 11111111;
    5045 : 11111111;
    5046 : 11111111;
    5047 : 11111111;
    5048 : 11111111;
    5049 : 11111111;
    504A : 11111111;
    504B : 11111111;
    504C : 11111111;
    504D : 11111111;
    504E : 11111111;
    504F : 11111111;
    5050 : 11111111;
    5051 : 11111111;
    5052 : 11111111;
    5053 : 11111111;
    5054 : 11111111;
    5055 : 11111111;
    5056 : 11111111;
    5057 : 11111111;
    5058 : 11111111;
    5059 : 11111111;
    505A : 11111111;
    505B : 11111111;
    505C : 11111111;
    505D : 11111111;
    505E : 11111111;
    505F : 11111111;
    5060 : 11111111;
    5061 : 11111111;
    5062 : 11111111;
    5063 : 11111111;
    5064 : 11111111;
    5065 : 11111111;
    5066 : 11111111;
    5067 : 11111111;
    5068 : 11111111;
    5069 : 11111111;
    506A : 11111111;
    506B : 11111111;
    506C : 11111111;
    506D : 11111111;
    506E : 11111111;
    506F : 11111111;
    5070 : 11111111;
    5071 : 11111111;
    5072 : 11111111;
    5073 : 11111111;
    5074 : 11111111;
    5075 : 11111111;
    5076 : 11111111;
    5077 : 11111111;
    5078 : 11111111;
    5079 : 11111111;
    507A : 11111111;
    507B : 11111111;
    507C : 11111111;
    507D : 11111111;
    507E : 11111111;
    507F : 11111111;
    5080 : 11111111;
    5081 : 11111111;
    5082 : 11111111;
    5083 : 11111111;
    5084 : 11111111;
    5085 : 11111111;
    5086 : 11111111;
    5087 : 11111111;
    5088 : 11111111;
    5089 : 11111111;
    508A : 11111111;
    508B : 11111111;
    508C : 11111111;
    508D : 11111111;
    508E : 11111111;
    508F : 11111111;
    5090 : 11111111;
    5091 : 11111111;
    5092 : 11111111;
    5093 : 11111111;
    5094 : 11111111;
    5095 : 11111111;
    5096 : 11111111;
    5097 : 11111111;
    5098 : 11111111;
    5099 : 11111111;
    509A : 11111111;
    509B : 11111111;
    509C : 11111111;
    509D : 11111111;
    509E : 11111111;
    509F : 11111111;
    50A0 : 11111111;
    50A1 : 11111111;
    50A2 : 11111111;
    50A3 : 11111111;
    50A4 : 11111111;
    50A5 : 11111111;
    50A6 : 11111111;
    50A7 : 11111111;
    50A8 : 11111111;
    50A9 : 11111111;
    50AA : 11111111;
    50AB : 11111111;
    50AC : 11111111;
    50AD : 11111111;
    50AE : 11111111;
    50AF : 11111111;
    50B0 : 11111111;
    50B1 : 11111111;
    50B2 : 11111111;
    50B3 : 11111111;
    50B4 : 11111111;
    50B5 : 11111111;
    50B6 : 11111111;
    50B7 : 11111111;
    50B8 : 11111111;
    50B9 : 11111111;
    50BA : 11111111;
    50BB : 11111111;
    50BC : 11111111;
    50BD : 11111111;
    50BE : 11111111;
    50BF : 11111111;
    50C0 : 11111111;
    50C1 : 11111111;
    50C2 : 11111111;
    50C3 : 11111111;
    50C4 : 11111111;
    50C5 : 11111111;
    50C6 : 11111111;
    50C7 : 11111111;
    50C8 : 11111111;
    50C9 : 11111111;
    50CA : 11111111;
    50CB : 11111111;
    50CC : 11111111;
    50CD : 11111111;
    50CE : 11111111;
    50CF : 11111111;
    50D0 : 11111111;
    50D1 : 11111111;
    50D2 : 11111111;
    50D3 : 11111111;
    50D4 : 11111111;
    50D5 : 11111111;
    50D6 : 11111111;
    50D7 : 11111111;
    50D8 : 11111111;
    50D9 : 11111111;
    50DA : 11111111;
    50DB : 11111111;
    50DC : 11111111;
    50DD : 11111111;
    50DE : 11111111;
    50DF : 11111111;
    50E0 : 11111111;
    50E1 : 11111111;
    50E2 : 11111111;
    50E3 : 11111111;
    50E4 : 11111111;
    50E5 : 11111111;
    50E6 : 11111111;
    50E7 : 11111111;
    50E8 : 11111111;
    50E9 : 11111111;
    50EA : 11111111;
    50EB : 11111111;
    50EC : 11111111;
    50ED : 11111111;
    50EE : 11111111;
    50EF : 11111111;
    50F0 : 11111111;
    50F1 : 11111111;
    50F2 : 11111111;
    50F3 : 11111111;
    50F4 : 11111111;
    50F5 : 11111111;
    50F6 : 11111111;
    50F7 : 11111111;
    50F8 : 11111111;
    50F9 : 11111111;
    50FA : 11111111;
    50FB : 11111111;
    50FC : 11111111;
    50FD : 11111111;
    50FE : 11111111;
    50FF : 11111111;
    5100 : 11111111;
    5101 : 11111111;
    5102 : 11111111;
    5103 : 11111111;
    5104 : 11111111;
    5105 : 11111111;
    5106 : 11111111;
    5107 : 11111111;
    5108 : 11111111;
    5109 : 11111111;
    510A : 11111111;
    510B : 11111111;
    510C : 11111111;
    510D : 11111111;
    510E : 11111111;
    510F : 11111111;
    5110 : 11111111;
    5111 : 11111111;
    5112 : 11111111;
    5113 : 11111111;
    5114 : 11111111;
    5115 : 11111111;
    5116 : 11111111;
    5117 : 11111111;
    5118 : 11111111;
    5119 : 11111111;
    511A : 11111111;
    511B : 11111111;
    511C : 11111111;
    511D : 11111111;
    511E : 11111111;
    511F : 11111111;
    5120 : 11111111;
    5121 : 11111111;
    5122 : 11111111;
    5123 : 11111111;
    5124 : 11111111;
    5125 : 11111111;
    5126 : 11111111;
    5127 : 11111111;
    5128 : 11111111;
    5129 : 11111111;
    512A : 11111111;
    512B : 11111111;
    512C : 11111111;
    512D : 11111111;
    512E : 11111111;
    512F : 11111111;
    5130 : 11111111;
    5131 : 11111111;
    5132 : 11111111;
    5133 : 11111111;
    5134 : 11111111;
    5135 : 11111111;
    5136 : 11111111;
    5137 : 11111111;
    5138 : 11111111;
    5139 : 11111111;
    513A : 11111111;
    513B : 11111111;
    513C : 11111111;
    513D : 11111111;
    513E : 11111111;
    513F : 11111111;
    5140 : 11111111;
    5141 : 11111111;
    5142 : 11111111;
    5143 : 11111111;
    5144 : 11111111;
    5145 : 11111111;
    5146 : 11111111;
    5147 : 11111111;
    5148 : 11111111;
    5149 : 11111111;
    514A : 11111111;
    514B : 11111111;
    514C : 11111111;
    514D : 11111111;
    514E : 11111111;
    514F : 11111111;
    5150 : 11111111;
    5151 : 11111111;
    5152 : 11111111;
    5153 : 11111111;
    5154 : 11111111;
    5155 : 11111111;
    5156 : 11111111;
    5157 : 11111111;
    5158 : 11111111;
    5159 : 11111111;
    515A : 11111111;
    515B : 11111111;
    515C : 11111111;
    515D : 11111111;
    515E : 11111111;
    515F : 11111111;
    5160 : 11111111;
    5161 : 11111111;
    5162 : 11111111;
    5163 : 11111111;
    5164 : 11111111;
    5165 : 11111111;
    5166 : 11111111;
    5167 : 11111111;
    5168 : 11111111;
    5169 : 11111111;
    516A : 11111111;
    516B : 11111111;
    516C : 11111111;
    516D : 11111111;
    516E : 11111111;
    516F : 11111111;
    5170 : 11111111;
    5171 : 11111111;
    5172 : 11111111;
    5173 : 11111111;
    5174 : 11111111;
    5175 : 11111111;
    5176 : 11111111;
    5177 : 11111111;
    5178 : 11111111;
    5179 : 11111111;
    517A : 11111111;
    517B : 11111111;
    517C : 11111111;
    517D : 11111111;
    517E : 11111111;
    517F : 11111111;
    5180 : 11111111;
    5181 : 11111111;
    5182 : 11111111;
    5183 : 11111111;
    5184 : 11111111;
    5185 : 11111111;
    5186 : 11111111;
    5187 : 11111111;
    5188 : 11111111;
    5189 : 11111111;
    518A : 11111111;
    518B : 11111111;
    518C : 11111111;
    518D : 11111111;
    518E : 11111111;
    518F : 11111111;
    5190 : 11111111;
    5191 : 11111111;
    5192 : 11111111;
    5193 : 11111111;
    5194 : 11111111;
    5195 : 11111111;
    5196 : 11111111;
    5197 : 11111111;
    5198 : 11111111;
    5199 : 11111111;
    519A : 11111111;
    519B : 11111111;
    519C : 11111111;
    519D : 11111111;
    519E : 11111111;
    519F : 11111111;
    51A0 : 11111111;
    51A1 : 11111111;
    51A2 : 11111111;
    51A3 : 11111111;
    51A4 : 11111111;
    51A5 : 11111111;
    51A6 : 11111111;
    51A7 : 11111111;
    51A8 : 11111111;
    51A9 : 11111111;
    51AA : 11111111;
    51AB : 11111111;
    51AC : 11111111;
    51AD : 11111111;
    51AE : 11111111;
    51AF : 11111111;
    51B0 : 11111111;
    51B1 : 11111111;
    51B2 : 11111111;
    51B3 : 11111111;
    51B4 : 11111111;
    51B5 : 11111111;
    51B6 : 11111111;
    51B7 : 11111111;
    51B8 : 11111111;
    51B9 : 11111111;
    51BA : 11111111;
    51BB : 11111111;
    51BC : 11111111;
    51BD : 11111111;
    51BE : 11111111;
    51BF : 11111111;
    51C0 : 11111111;
    51C1 : 11111111;
    51C2 : 11111111;
    51C3 : 11111111;
    51C4 : 11111111;
    51C5 : 11111111;
    51C6 : 11111111;
    51C7 : 11111111;
    51C8 : 11111111;
    51C9 : 11111111;
    51CA : 11111111;
    51CB : 11111111;
    51CC : 11111111;
    51CD : 11111111;
    51CE : 11111111;
    51CF : 11111111;
    51D0 : 11111111;
    51D1 : 11111111;
    51D2 : 11111111;
    51D3 : 11111111;
    51D4 : 11111111;
    51D5 : 11111111;
    51D6 : 11111111;
    51D7 : 11111111;
    51D8 : 11111111;
    51D9 : 11111111;
    51DA : 11111111;
    51DB : 11111111;
    51DC : 11111111;
    51DD : 11111111;
    51DE : 11111111;
    51DF : 11111111;
    51E0 : 11111111;
    51E1 : 11111111;
    51E2 : 11111111;
    51E3 : 11111111;
    51E4 : 11111111;
    51E5 : 11111111;
    51E6 : 11111111;
    51E7 : 11111111;
    51E8 : 11111111;
    51E9 : 11111111;
    51EA : 11111111;
    51EB : 11111111;
    51EC : 11111111;
    51ED : 11111111;
    51EE : 11111111;
    51EF : 11111111;
    51F0 : 11111111;
    51F1 : 11111111;
    51F2 : 11111111;
    51F3 : 11111111;
    51F4 : 11111111;
    51F5 : 11111111;
    51F6 : 11111111;
    51F7 : 11111111;
    51F8 : 11111111;
    51F9 : 11111111;
    51FA : 11111111;
    51FB : 11111111;
    51FC : 11111111;
    51FD : 11111111;
    51FE : 11111111;
    51FF : 11111111;
    5200 : 11111111;
    5201 : 11111111;
    5202 : 11111111;
    5203 : 11111111;
    5204 : 11111111;
    5205 : 11111111;
    5206 : 11111111;
    5207 : 11111111;
    5208 : 11111111;
    5209 : 11111111;
    520A : 11111111;
    520B : 11111111;
    520C : 11111111;
    520D : 11111111;
    520E : 11111111;
    520F : 11111111;
    5210 : 11111111;
    5211 : 11111111;
    5212 : 11111111;
    5213 : 11111111;
    5214 : 11111111;
    5215 : 11111111;
    5216 : 11111111;
    5217 : 11111111;
    5218 : 11111111;
    5219 : 11111111;
    521A : 11111111;
    521B : 11111111;
    521C : 11111111;
    521D : 11111111;
    521E : 11111111;
    521F : 11111111;
    5220 : 11111111;
    5221 : 11111111;
    5222 : 11111111;
    5223 : 11111111;
    5224 : 11111111;
    5225 : 11111111;
    5226 : 11111111;
    5227 : 11111111;
    5228 : 11111111;
    5229 : 11111111;
    522A : 11111111;
    522B : 11111111;
    522C : 11111111;
    522D : 11111111;
    522E : 11111111;
    522F : 11111111;
    5230 : 11111111;
    5231 : 11111111;
    5232 : 11111111;
    5233 : 11111111;
    5234 : 11111111;
    5235 : 11111111;
    5236 : 11111111;
    5237 : 11111111;
    5238 : 11111111;
    5239 : 11111111;
    523A : 11111111;
    523B : 11111111;
    523C : 11111111;
    523D : 11111111;
    523E : 11111111;
    523F : 11111111;
    5240 : 11111111;
    5241 : 11111111;
    5242 : 11111111;
    5243 : 11111111;
    5244 : 11111111;
    5245 : 11111111;
    5246 : 11111111;
    5247 : 11111111;
    5248 : 11111111;
    5249 : 11111111;
    524A : 11111111;
    524B : 11111111;
    524C : 11111111;
    524D : 11111111;
    524E : 11111111;
    524F : 11111111;
    5250 : 11111111;
    5251 : 11111111;
    5252 : 11111111;
    5253 : 11111111;
    5254 : 11111111;
    5255 : 11111111;
    5256 : 11111111;
    5257 : 11111111;
    5258 : 11111111;
    5259 : 11111111;
    525A : 11111111;
    525B : 11111111;
    525C : 11111111;
    525D : 11111111;
    525E : 11111111;
    525F : 11111111;
    5260 : 11111111;
    5261 : 11111111;
    5262 : 11111111;
    5263 : 11111111;
    5264 : 11111111;
    5265 : 11111111;
    5266 : 11111111;
    5267 : 11111111;
    5268 : 11111111;
    5269 : 11111111;
    526A : 11111111;
    526B : 11111111;
    526C : 11111111;
    526D : 11111111;
    526E : 11111111;
    526F : 11111111;
    5270 : 11111111;
    5271 : 11111111;
    5272 : 11111111;
    5273 : 11111111;
    5274 : 11111111;
    5275 : 11111111;
    5276 : 11111111;
    5277 : 11111111;
    5278 : 11111111;
    5279 : 11111111;
    527A : 11111111;
    527B : 11111111;
    527C : 11111111;
    527D : 11111111;
    527E : 11111111;
    527F : 11111111;
    5280 : 11111111;
    5281 : 11111111;
    5282 : 11111111;
    5283 : 11111111;
    5284 : 11111111;
    5285 : 11111111;
    5286 : 11111111;
    5287 : 11111111;
    5288 : 11111111;
    5289 : 11111111;
    528A : 11111111;
    528B : 11111111;
    528C : 11111111;
    528D : 11111111;
    528E : 11111111;
    528F : 11111111;
    5290 : 11111111;
    5291 : 11111111;
    5292 : 11111111;
    5293 : 11111111;
    5294 : 11111111;
    5295 : 11111111;
    5296 : 11111111;
    5297 : 11111111;
    5298 : 11111111;
    5299 : 11111111;
    529A : 11111111;
    529B : 11111111;
    529C : 11111111;
    529D : 11111111;
    529E : 11111111;
    529F : 11111111;
    52A0 : 11111111;
    52A1 : 11111111;
    52A2 : 11111111;
    52A3 : 11111111;
    52A4 : 11111111;
    52A5 : 11111111;
    52A6 : 11111111;
    52A7 : 11111111;
    52A8 : 11111111;
    52A9 : 11111111;
    52AA : 11111111;
    52AB : 11111111;
    52AC : 11111111;
    52AD : 11111111;
    52AE : 11111111;
    52AF : 11111111;
    52B0 : 11111111;
    52B1 : 11111111;
    52B2 : 11111111;
    52B3 : 11111111;
    52B4 : 11111111;
    52B5 : 11111111;
    52B6 : 11111111;
    52B7 : 11111111;
    52B8 : 11111111;
    52B9 : 11111111;
    52BA : 11111111;
    52BB : 11111111;
    52BC : 11111111;
    52BD : 11111111;
    52BE : 11111111;
    52BF : 11111111;
    52C0 : 11111111;
    52C1 : 11111111;
    52C2 : 11111111;
    52C3 : 11111111;
    52C4 : 11111111;
    52C5 : 11111111;
    52C6 : 11111111;
    52C7 : 11111111;
    52C8 : 11111111;
    52C9 : 11111111;
    52CA : 11111111;
    52CB : 11111111;
    52CC : 11111111;
    52CD : 11111111;
    52CE : 11111111;
    52CF : 11111111;
    52D0 : 11111111;
    52D1 : 11111111;
    52D2 : 11111111;
    52D3 : 11111111;
    52D4 : 11111111;
    52D5 : 11111111;
    52D6 : 11111111;
    52D7 : 11111111;
    52D8 : 11111111;
    52D9 : 11111111;
    52DA : 11111111;
    52DB : 11111111;
    52DC : 11111111;
    52DD : 11111111;
    52DE : 11111111;
    52DF : 11111111;
    52E0 : 11111111;
    52E1 : 11111111;
    52E2 : 11111111;
    52E3 : 11111111;
    52E4 : 11111111;
    52E5 : 11111111;
    52E6 : 11111111;
    52E7 : 11111111;
    52E8 : 11111111;
    52E9 : 11111111;
    52EA : 11111111;
    52EB : 11111111;
    52EC : 11111111;
    52ED : 11111111;
    52EE : 11111111;
    52EF : 11111111;
    52F0 : 11111111;
    52F1 : 11111111;
    52F2 : 11111111;
    52F3 : 11111111;
    52F4 : 11111111;
    52F5 : 11111111;
    52F6 : 11111111;
    52F7 : 11111111;
    52F8 : 11111111;
    52F9 : 11111111;
    52FA : 11111111;
    52FB : 11111111;
    52FC : 11111111;
    52FD : 11111111;
    52FE : 11111111;
    52FF : 11111111;
    5300 : 11111111;
    5301 : 11111111;
    5302 : 11111111;
    5303 : 11111111;
    5304 : 11111111;
    5305 : 11111111;
    5306 : 11111111;
    5307 : 11111111;
    5308 : 11111111;
    5309 : 11111111;
    530A : 11111111;
    530B : 11111111;
    530C : 11111111;
    530D : 11111111;
    530E : 11111111;
    530F : 11111111;
    5310 : 11111111;
    5311 : 11111111;
    5312 : 11111111;
    5313 : 11111111;
    5314 : 11111111;
    5315 : 11111111;
    5316 : 11111111;
    5317 : 11111111;
    5318 : 11111111;
    5319 : 11111111;
    531A : 11111111;
    531B : 11111111;
    531C : 11111111;
    531D : 11111111;
    531E : 11111111;
    531F : 11111111;
    5320 : 11111111;
    5321 : 11111111;
    5322 : 11111111;
    5323 : 11111111;
    5324 : 11111111;
    5325 : 11111111;
    5326 : 11111111;
    5327 : 11111111;
    5328 : 11111111;
    5329 : 11111111;
    532A : 11111111;
    532B : 11111111;
    532C : 11111111;
    532D : 11111111;
    532E : 11111111;
    532F : 11111111;
    5330 : 11111111;
    5331 : 11111111;
    5332 : 11111111;
    5333 : 11111111;
    5334 : 11111111;
    5335 : 11111111;
    5336 : 11111111;
    5337 : 11111111;
    5338 : 11111111;
    5339 : 11111111;
    533A : 11111111;
    533B : 11111111;
    533C : 11111111;
    533D : 11111111;
    533E : 11111111;
    533F : 11111111;
    5340 : 11111111;
    5341 : 11111111;
    5342 : 11111111;
    5343 : 11111111;
    5344 : 11111111;
    5345 : 11111111;
    5346 : 11111111;
    5347 : 11111111;
    5348 : 11111111;
    5349 : 11111111;
    534A : 11111111;
    534B : 11111111;
    534C : 11111111;
    534D : 11111111;
    534E : 11111111;
    534F : 11111111;
    5350 : 11111111;
    5351 : 11111111;
    5352 : 11111111;
    5353 : 11111111;
    5354 : 11111111;
    5355 : 11111111;
    5356 : 11111111;
    5357 : 11111111;
    5358 : 11111111;
    5359 : 11111111;
    535A : 11111111;
    535B : 11111111;
    535C : 11111111;
    535D : 11111111;
    535E : 11111111;
    535F : 11111111;
    5360 : 11111111;
    5361 : 11111111;
    5362 : 11111111;
    5363 : 11111111;
    5364 : 11111111;
    5365 : 11111111;
    5366 : 11111111;
    5367 : 11111111;
    5368 : 11111111;
    5369 : 11111111;
    536A : 11111111;
    536B : 11111111;
    536C : 11111111;
    536D : 11111111;
    536E : 11111111;
    536F : 11111111;
    5370 : 11111111;
    5371 : 11111111;
    5372 : 11111111;
    5373 : 11111111;
    5374 : 11111111;
    5375 : 11111111;
    5376 : 11111111;
    5377 : 11111111;
    5378 : 11111111;
    5379 : 11111111;
    537A : 11111111;
    537B : 11111111;
    537C : 11111111;
    537D : 11111111;
    537E : 11111111;
    537F : 11111111;
    5380 : 11111111;
    5381 : 11111111;
    5382 : 11111111;
    5383 : 11111111;
    5384 : 11111111;
    5385 : 11111111;
    5386 : 11111111;
    5387 : 11111111;
    5388 : 11111111;
    5389 : 11111111;
    538A : 11111111;
    538B : 11111111;
    538C : 11111111;
    538D : 11111111;
    538E : 11111111;
    538F : 11111111;
    5390 : 11111111;
    5391 : 11111111;
    5392 : 11111111;
    5393 : 11111111;
    5394 : 11111111;
    5395 : 11111111;
    5396 : 11111111;
    5397 : 11111111;
    5398 : 11111111;
    5399 : 11111111;
    539A : 11111111;
    539B : 11111111;
    539C : 11111111;
    539D : 11111111;
    539E : 11111111;
    539F : 11111111;
    53A0 : 11111111;
    53A1 : 11111111;
    53A2 : 11111111;
    53A3 : 11111111;
    53A4 : 11111111;
    53A5 : 11111111;
    53A6 : 11111111;
    53A7 : 11111111;
    53A8 : 11111111;
    53A9 : 11111111;
    53AA : 11111111;
    53AB : 11111111;
    53AC : 11111111;
    53AD : 11111111;
    53AE : 11111111;
    53AF : 11111111;
    53B0 : 11111111;
    53B1 : 11111111;
    53B2 : 11111111;
    53B3 : 11111111;
    53B4 : 11111111;
    53B5 : 11111111;
    53B6 : 11111111;
    53B7 : 11111111;
    53B8 : 11111111;
    53B9 : 11111111;
    53BA : 11111111;
    53BB : 11111111;
    53BC : 11111111;
    53BD : 11111111;
    53BE : 11111111;
    53BF : 11111111;
    53C0 : 11111111;
    53C1 : 11111111;
    53C2 : 11111111;
    53C3 : 11111111;
    53C4 : 11111111;
    53C5 : 11111111;
    53C6 : 11111111;
    53C7 : 11111111;
    53C8 : 11111111;
    53C9 : 11111111;
    53CA : 11111111;
    53CB : 11111111;
    53CC : 11111111;
    53CD : 11111111;
    53CE : 11111111;
    53CF : 11111111;
    53D0 : 11111111;
    53D1 : 11111111;
    53D2 : 11111111;
    53D3 : 11111111;
    53D4 : 11111111;
    53D5 : 11111111;
    53D6 : 11111111;
    53D7 : 11111111;
    53D8 : 11111111;
    53D9 : 11111111;
    53DA : 11111111;
    53DB : 11111111;
    53DC : 11111111;
    53DD : 11111111;
    53DE : 11111111;
    53DF : 11111111;
    53E0 : 11111111;
    53E1 : 11111111;
    53E2 : 11111111;
    53E3 : 11111111;
    53E4 : 11111111;
    53E5 : 11111111;
    53E6 : 11111111;
    53E7 : 11111111;
    53E8 : 11111111;
    53E9 : 11111111;
    53EA : 11111111;
    53EB : 11111111;
    53EC : 11111111;
    53ED : 11111111;
    53EE : 11111111;
    53EF : 11111111;
    53F0 : 11111111;
    53F1 : 11111111;
    53F2 : 11111111;
    53F3 : 11111111;
    53F4 : 11111111;
    53F5 : 11111111;
    53F6 : 11111111;
    53F7 : 11111111;
    53F8 : 11111111;
    53F9 : 11111111;
    53FA : 11111111;
    53FB : 11111111;
    53FC : 11111111;
    53FD : 11111111;
    53FE : 11111111;
    53FF : 11111111;
    5400 : 11111111;
    5401 : 11111111;
    5402 : 11111111;
    5403 : 11111111;
    5404 : 11111111;
    5405 : 11111111;
    5406 : 11111111;
    5407 : 11111111;
    5408 : 11111111;
    5409 : 11111111;
    540A : 11111111;
    540B : 11111111;
    540C : 11111111;
    540D : 11111111;
    540E : 11111111;
    540F : 11111111;
    5410 : 11111111;
    5411 : 11111111;
    5412 : 11111111;
    5413 : 11111111;
    5414 : 11111111;
    5415 : 11111111;
    5416 : 11111111;
    5417 : 11111111;
    5418 : 11111111;
    5419 : 11111111;
    541A : 11111111;
    541B : 11111111;
    541C : 11111111;
    541D : 11111111;
    541E : 11111111;
    541F : 11111111;
    5420 : 11111111;
    5421 : 11111111;
    5422 : 11111111;
    5423 : 11111111;
    5424 : 11111111;
    5425 : 11111111;
    5426 : 11111111;
    5427 : 11111111;
    5428 : 11111111;
    5429 : 11111111;
    542A : 11111111;
    542B : 11111111;
    542C : 11111111;
    542D : 11111111;
    542E : 11111111;
    542F : 11111111;
    5430 : 11111111;
    5431 : 11111111;
    5432 : 11111111;
    5433 : 11111111;
    5434 : 11111111;
    5435 : 11111111;
    5436 : 11111111;
    5437 : 11111111;
    5438 : 11111111;
    5439 : 11111111;
    543A : 11111111;
    543B : 11111111;
    543C : 11111111;
    543D : 11111111;
    543E : 11111111;
    543F : 11111111;
    5440 : 11111111;
    5441 : 11111111;
    5442 : 11111111;
    5443 : 11111111;
    5444 : 11111111;
    5445 : 11111111;
    5446 : 11111111;
    5447 : 11111111;
    5448 : 11111111;
    5449 : 11111111;
    544A : 11111111;
    544B : 11111111;
    544C : 11111111;
    544D : 11111111;
    544E : 11111111;
    544F : 11111111;
    5450 : 11111111;
    5451 : 11111111;
    5452 : 11111111;
    5453 : 11111111;
    5454 : 11111111;
    5455 : 11111111;
    5456 : 11111111;
    5457 : 11111111;
    5458 : 11111111;
    5459 : 11111111;
    545A : 11111111;
    545B : 11111111;
    545C : 11111111;
    545D : 11111111;
    545E : 11111111;
    545F : 11111111;
    5460 : 11111111;
    5461 : 11111111;
    5462 : 11111111;
    5463 : 11111111;
    5464 : 11111111;
    5465 : 11111111;
    5466 : 11111111;
    5467 : 11111111;
    5468 : 11111111;
    5469 : 11111111;
    546A : 11111111;
    546B : 11111111;
    546C : 11111111;
    546D : 11111111;
    546E : 11111111;
    546F : 11111111;
    5470 : 11111111;
    5471 : 11111111;
    5472 : 11111111;
    5473 : 11111111;
    5474 : 11111111;
    5475 : 11111111;
    5476 : 11111111;
    5477 : 11111111;
    5478 : 11111111;
    5479 : 11111111;
    547A : 11111111;
    547B : 11111111;
    547C : 11111111;
    547D : 11111111;
    547E : 11111111;
    547F : 11111111;
    5480 : 11111111;
    5481 : 11111111;
    5482 : 11111111;
    5483 : 11111111;
    5484 : 11111111;
    5485 : 11111111;
    5486 : 11111111;
    5487 : 11111111;
    5488 : 11111111;
    5489 : 11111111;
    548A : 11111111;
    548B : 11111111;
    548C : 11111111;
    548D : 11111111;
    548E : 11111111;
    548F : 11111111;
    5490 : 11111111;
    5491 : 11111111;
    5492 : 11111111;
    5493 : 11111111;
    5494 : 11111111;
    5495 : 11111111;
    5496 : 11111111;
    5497 : 11111111;
    5498 : 11111111;
    5499 : 11111111;
    549A : 11111111;
    549B : 11111111;
    549C : 11111111;
    549D : 11111111;
    549E : 11111111;
    549F : 11111111;
    54A0 : 11111111;
    54A1 : 11111111;
    54A2 : 11111111;
    54A3 : 11111111;
    54A4 : 11111111;
    54A5 : 11111111;
    54A6 : 11111111;
    54A7 : 11111111;
    54A8 : 11111111;
    54A9 : 11111111;
    54AA : 11111111;
    54AB : 11111111;
    54AC : 11111111;
    54AD : 11111111;
    54AE : 11111111;
    54AF : 11111111;
    54B0 : 11111111;
    54B1 : 11111111;
    54B2 : 11111111;
    54B3 : 11111111;
    54B4 : 11111111;
    54B5 : 11111111;
    54B6 : 11111111;
    54B7 : 11111111;
    54B8 : 11111111;
    54B9 : 11111111;
    54BA : 11111111;
    54BB : 11111111;
    54BC : 11111111;
    54BD : 11111111;
    54BE : 11111111;
    54BF : 11111111;
    54C0 : 11111111;
    54C1 : 11111111;
    54C2 : 11111111;
    54C3 : 11111111;
    54C4 : 11111111;
    54C5 : 11111111;
    54C6 : 11111111;
    54C7 : 11111111;
    54C8 : 11111111;
    54C9 : 11111111;
    54CA : 11111111;
    54CB : 11111111;
    54CC : 11111111;
    54CD : 11111111;
    54CE : 11111111;
    54CF : 11111111;
    54D0 : 11111111;
    54D1 : 11111111;
    54D2 : 11111111;
    54D3 : 11111111;
    54D4 : 11111111;
    54D5 : 11111111;
    54D6 : 11111111;
    54D7 : 11111111;
    54D8 : 11111111;
    54D9 : 11111111;
    54DA : 11111111;
    54DB : 11111111;
    54DC : 11111111;
    54DD : 11111111;
    54DE : 11111111;
    54DF : 11111111;
    54E0 : 11111111;
    54E1 : 11111111;
    54E2 : 11111111;
    54E3 : 11111111;
    54E4 : 11111111;
    54E5 : 11111111;
    54E6 : 11111111;
    54E7 : 11111111;
    54E8 : 11111111;
    54E9 : 11111111;
    54EA : 11111111;
    54EB : 11111111;
    54EC : 11111111;
    54ED : 11111111;
    54EE : 11111111;
    54EF : 11111111;
    54F0 : 11111111;
    54F1 : 11111111;
    54F2 : 11111111;
    54F3 : 11111111;
    54F4 : 11111111;
    54F5 : 11111111;
    54F6 : 11111111;
    54F7 : 11111111;
    54F8 : 11111111;
    54F9 : 11111111;
    54FA : 11111111;
    54FB : 11111111;
    54FC : 11111111;
    54FD : 11111111;
    54FE : 11111111;
    54FF : 11111111;
    5500 : 11111101;
    5501 : 11111111;
    5502 : 11111110;
    5503 : 11111111;
    5504 : 11111111;
    5505 : 11111101;
    5506 : 11111101;
    5507 : 11111111;
    5508 : 11111011;
    5509 : 11111111;
    550A : 11111010;
    550B : 11111111;
    550C : 11111111;
    550D : 11111100;
    550E : 11111101;
    550F : 11111111;
    5510 : 11111110;
    5511 : 11111111;
    5512 : 11111110;
    5513 : 11111111;
    5514 : 11111111;
    5515 : 11111101;
    5516 : 11111110;
    5517 : 11111111;
    5518 : 11111111;
    5519 : 11111111;
    551A : 11111101;
    551B : 11111110;
    551C : 11111101;
    551D : 11111111;
    551E : 11111111;
    551F : 11111111;
    5520 : 11111111;
    5521 : 11111111;
    5522 : 11111101;
    5523 : 11111101;
    5524 : 11111111;
    5525 : 11111101;
    5526 : 11111111;
    5527 : 11111101;
    5528 : 11111110;
    5529 : 11111110;
    552A : 11111100;
    552B : 11111111;
    552C : 11111111;
    552D : 11111111;
    552E : 11111111;
    552F : 11111110;
    5530 : 11111110;
    5531 : 11111110;
    5532 : 11111011;
    5533 : 11111111;
    5534 : 11111110;
    5535 : 11111010;
    5536 : 11111111;
    5537 : 11111110;
    5538 : 11111101;
    5539 : 11111111;
    553A : 11111101;
    553B : 11111101;
    553C : 11111111;
    553D : 11111111;
    553E : 11111111;
    553F : 11111111;
    5540 : 11111111;
    5541 : 11111111;
    5542 : 11111111;
    5543 : 11111010;
    5544 : 11111111;
    5545 : 11111111;
    5546 : 11111101;
    5547 : 11111111;
    5548 : 11111101;
    5549 : 11111111;
    554A : 11111111;
    554B : 11111110;
    554C : 11111101;
    554D : 11111111;
    554E : 11110101;
    554F : 11111111;
    5550 : 11111111;
    5551 : 11111110;
    5552 : 11111111;
    5553 : 11111101;
    5554 : 11111111;
    5555 : 11111001;
    5556 : 11111111;
    5557 : 11111101;
    5558 : 11111111;
    5559 : 11111111;
    555A : 11111101;
    555B : 11111100;
    555C : 11111111;
    555D : 11111110;
    555E : 11111100;
    555F : 11111111;
    5560 : 11111101;
    5561 : 11111011;
    5562 : 11111100;
    5563 : 11111100;
    5564 : 11111111;
    5565 : 11111101;
    5566 : 11111110;
    5567 : 11111111;
    5568 : 11111111;
    5569 : 11111100;
    556A : 11111110;
    556B : 11111111;
    556C : 11111111;
    556D : 11111100;
    556E : 11111111;
    556F : 11111111;
    5570 : 11111111;
    5571 : 11111111;
    5572 : 11111111;
    5573 : 11111011;
    5574 : 11111111;
    5575 : 11111101;
    5576 : 11111111;
    5577 : 11111111;
    5578 : 11111111;
    5579 : 11111011;
    557A : 11111110;
    557B : 11111111;
    557C : 11111110;
    557D : 11111101;
    557E : 11111111;
    557F : 11111110;
    5580 : 11111100;
    5581 : 11111111;
    5582 : 11111111;
    5583 : 11111111;
    5584 : 11111001;
    5585 : 11111111;
    5586 : 11111100;
    5587 : 11111110;
    5588 : 11111100;
    5589 : 11111111;
    558A : 11111110;
    558B : 11111111;
    558C : 11111111;
    558D : 11111010;
    558E : 11111111;
    558F : 11111111;
    5590 : 11111111;
    5591 : 11111111;
    5592 : 11111100;
    5593 : 11111111;
    5594 : 11111111;
    5595 : 11111100;
    5596 : 11111111;
    5597 : 11111110;
    5598 : 11111111;
    5599 : 11111110;
    559A : 11111100;
    559B : 11111110;
    559C : 11111110;
    559D : 11111111;
    559E : 11111111;
    559F : 11111110;
    55A0 : 11111111;
    55A1 : 11111011;
    55A2 : 11111111;
    55A3 : 11111111;
    55A4 : 11110111;
    55A5 : 11111111;
    55A6 : 11111111;
    55A7 : 11111101;
    55A8 : 11111111;
    55A9 : 11111111;
    55AA : 11111111;
    55AB : 11111111;
    55AC : 11111000;
    55AD : 11111111;
    55AE : 11111111;
    55AF : 11111101;
    55B0 : 11111111;
    55B1 : 11111001;
    55B2 : 11111111;
    55B3 : 11111100;
    55B4 : 11111110;
    55B5 : 11111110;
    55B6 : 11111111;
    55B7 : 11111101;
    55B8 : 11111111;
    55B9 : 11111011;
    55BA : 11111111;
    55BB : 11111111;
    55BC : 11111111;
    55BD : 11111111;
    55BE : 11111110;
    55BF : 11111110;
    55C0 : 11111111;
    55C1 : 11111010;
    55C2 : 11111111;
    55C3 : 11111100;
    55C4 : 11111111;
    55C5 : 11111011;
    55C6 : 11111111;
    55C7 : 11111111;
    55C8 : 11111110;
    55C9 : 11111111;
    55CA : 11111111;
    55CB : 11111011;
    55CC : 11111111;
    55CD : 11111100;
    55CE : 11111111;
    55CF : 11111111;
    55D0 : 11111111;
    55D1 : 11111111;
    55D2 : 11111001;
    55D3 : 11111110;
    55D4 : 11111100;
    55D5 : 11111111;
    55D6 : 11111111;
    55D7 : 11111111;
    55D8 : 11111111;
    55D9 : 11111110;
    55DA : 11111100;
    55DB : 11111101;
    55DC : 11111111;
    55DD : 11111111;
    55DE : 11111100;
    55DF : 11111111;
    55E0 : 11111111;
    55E1 : 11111010;
    55E2 : 11111110;
    55E3 : 11111111;
    55E4 : 11111101;
    55E5 : 11111111;
    55E6 : 11111111;
    55E7 : 11111110;
    55E8 : 11111101;
    55E9 : 11111111;
    55EA : 11111111;
    55EB : 11111011;
    55EC : 11111111;
    55ED : 11111111;
    55EE : 11111111;
    55EF : 11111111;
    55F0 : 11111110;
    55F1 : 11111010;
    55F2 : 11111111;
    55F3 : 11111111;
    55F4 : 11111111;
    55F5 : 11111111;
    55F6 : 11111111;
    55F7 : 11111111;
    55F8 : 11111100;
    55F9 : 11111111;
    55FA : 11111100;
    55FB : 11111111;
    55FC : 11111111;
    55FD : 11111111;
    55FE : 11111111;
    55FF : 11111110;
    5600 : 11111011;
    5601 : 11111111;
    5602 : 11111100;
    5603 : 11111111;
    5604 : 11111111;
    5605 : 11111110;
    5606 : 11111111;
    5607 : 11111111;
    5608 : 11111111;
    5609 : 11111111;
    560A : 11111111;
    560B : 11111001;
    560C : 11111111;
    560D : 11111100;
    560E : 11111111;
    560F : 11111110;
    5610 : 11111110;
    5611 : 11111111;
    5612 : 11111110;
    5613 : 11111101;
    5614 : 11111111;
    5615 : 11111111;
    5616 : 11111011;
    5617 : 11111111;
    5618 : 11111101;
    5619 : 11111111;
    561A : 11111111;
    561B : 11111011;
    561C : 11111101;
    561D : 11111111;
    561E : 11111111;
    561F : 11111111;
    5620 : 11111111;
    5621 : 11111110;
    5622 : 11111010;
    5623 : 11111001;
    5624 : 11111111;
    5625 : 11111011;
    5626 : 11111100;
    5627 : 11111111;
    5628 : 11111111;
    5629 : 11111100;
    562A : 11111011;
    562B : 11111110;
    562C : 11111010;
    562D : 11111111;
    562E : 11111100;
    562F : 11111111;
    5630 : 11110100;
    5631 : 11111111;
    5632 : 11111111;
    5633 : 11111110;
    5634 : 11111111;
    5635 : 11111111;
    5636 : 11111100;
    5637 : 11111111;
    5638 : 11111100;
    5639 : 11111011;
    563A : 11111111;
    563B : 11111111;
    563C : 11111110;
    563D : 11111100;
    563E : 11111111;
    563F : 11111110;
    5640 : 11111111;
    5641 : 11011100;
    5642 : 11101011;
    5643 : 11111110;
    5644 : 11110011;
    5645 : 11011001;
    5646 : 11111011;
    5647 : 11111111;
    5648 : 11111111;
    5649 : 11111100;
    564A : 11111100;
    564B : 11001111;
    564C : 11111001;
    564D : 11111100;
    564E : 11111111;
    564F : 11111110;
    5650 : 11111111;
    5651 : 11111111;
    5652 : 11111010;
    5653 : 11111111;
    5654 : 11111100;
    5655 : 11111110;
    5656 : 11111110;
    5657 : 11111101;
    5658 : 11111111;
    5659 : 11111111;
    565A : 11111111;
    565B : 11110000;
    565C : 11010011;
    565D : 11111011;
    565E : 11111111;
    565F : 11111101;
    5660 : 01111100;
    5661 : 10100001;
    5662 : 11111111;
    5663 : 11111010;
    5664 : 11111111;
    5665 : 11111111;
    5666 : 11111111;
    5667 : 11111110;
    5668 : 11111111;
    5669 : 01100101;
    566A : 11000011;
    566B : 11111100;
    566C : 11111100;
    566D : 11111111;
    566E : 11111010;
    566F : 11111111;
    5670 : 11111111;
    5671 : 11100010;
    5672 : 11001100;
    5673 : 11010100;
    5674 : 11001111;
    5675 : 11101100;
    5676 : 11111010;
    5677 : 11111110;
    5678 : 11111110;
    5679 : 11111111;
    567A : 11111100;
    567B : 11111111;
    567C : 11111000;
    567D : 11111111;
    567E : 11111101;
    567F : 11111111;
    5680 : 11111111;
    5681 : 11111111;
    5682 : 11111110;
    5683 : 10011111;
    5684 : 01111111;
    5685 : 11111111;
    5686 : 11111011;
    5687 : 11111111;
    5688 : 11111111;
    5689 : 11111111;
    568A : 11111011;
    568B : 11111111;
    568C : 11111101;
    568D : 11111111;
    568E : 01100111;
    568F : 11000010;
    5690 : 11111111;
    5691 : 11111110;
    5692 : 11111101;
    5693 : 11111111;
    5694 : 11111011;
    5695 : 11111111;
    5696 : 11111111;
    5697 : 11111101;
    5698 : 11111111;
    5699 : 11111011;
    569A : 11111111;
    569B : 11111111;
    569C : 11111001;
    569D : 11111111;
    569E : 11111111;
    569F : 11100001;
    56A0 : 11001110;
    56A1 : 11001001;
    56A2 : 11010000;
    56A3 : 11110100;
    56A4 : 11111110;
    56A5 : 11111101;
    56A6 : 11111111;
    56A7 : 11111100;
    56A8 : 11111111;
    56A9 : 11111000;
    56AA : 11111110;
    56AB : 11111111;
    56AC : 11111010;
    56AD : 11111111;
    56AE : 11111111;
    56AF : 11111111;
    56B0 : 11111111;
    56B1 : 11111111;
    56B2 : 11111111;
    56B3 : 11111111;
    56B4 : 11111111;
    56B5 : 11111011;
    56B6 : 11111111;
    56B7 : 11111111;
    56B8 : 11111111;
    56B9 : 11111111;
    56BA : 11011001;
    56BB : 01110011;
    56BC : 11111011;
    56BD : 11111111;
    56BE : 11111101;
    56BF : 11111101;
    56C0 : 11111110;
    56C1 : 11111101;
    56C2 : 11111111;
    56C3 : 11111111;
    56C4 : 11001001;
    56C5 : 11010011;
    56C6 : 11111011;
    56C7 : 11111101;
    56C8 : 11111111;
    56C9 : 11111111;
    56CA : 11111101;
    56CB : 11111111;
    56CC : 11111111;
    56CD : 11111100;
    56CE : 11111111;
    56CF : 11111111;
    56D0 : 11111111;
    56D1 : 11111110;
    56D2 : 11111111;
    56D3 : 11111100;
    56D4 : 11111111;
    56D5 : 11111111;
    56D6 : 11111101;
    56D7 : 11111011;
    56D8 : 11111111;
    56D9 : 10000011;
    56DA : 10010101;
    56DB : 11111011;
    56DC : 11111110;
    56DD : 11111110;
    56DE : 11111011;
    56DF : 11111111;
    56E0 : 11111001;
    56E1 : 01100100;
    56E2 : 01100011;
    56E3 : 11111110;
    56E4 : 10111010;
    56E5 : 00100000;
    56E6 : 11111101;
    56E7 : 11111110;
    56E8 : 11110111;
    56E9 : 11111111;
    56EA : 11101100;
    56EB : 00001100;
    56EC : 11000110;
    56ED : 11111111;
    56EE : 11111110;
    56EF : 11111110;
    56F0 : 11111011;
    56F1 : 11111100;
    56F2 : 11111111;
    56F3 : 11111010;
    56F4 : 11111111;
    56F5 : 11111101;
    56F6 : 11111101;
    56F7 : 11111111;
    56F8 : 11111010;
    56F9 : 11111011;
    56FA : 11111111;
    56FB : 11000000;
    56FC : 00001110;
    56FD : 11101111;
    56FE : 11111111;
    56FF : 11111111;
    5700 : 00111010;
    5701 : 01101101;
    5702 : 11111111;
    5703 : 11111000;
    5704 : 11111001;
    5705 : 11111101;
    5706 : 11111010;
    5707 : 11111111;
    5708 : 11111011;
    5709 : 00011010;
    570A : 10100001;
    570B : 11111111;
    570C : 11110111;
    570D : 11111111;
    570E : 11111110;
    570F : 11111010;
    5710 : 11111101;
    5711 : 01100111;
    5712 : 00000011;
    5713 : 00000000;
    5714 : 00000001;
    5715 : 10011101;
    5716 : 11111111;
    5717 : 11111011;
    5718 : 11111101;
    5719 : 11111111;
    571A : 10100111;
    571B : 11010111;
    571C : 11111111;
    571D : 11111010;
    571E : 11111111;
    571F : 11111011;
    5720 : 11111111;
    5721 : 11110100;
    5722 : 11111111;
    5723 : 01110111;
    5724 : 01000110;
    5725 : 11110111;
    5726 : 11111110;
    5727 : 11111111;
    5728 : 11110101;
    5729 : 11111100;
    572A : 11111111;
    572B : 11111111;
    572C : 11111101;
    572D : 11111110;
    572E : 00010011;
    572F : 10101000;
    5730 : 11111111;
    5731 : 11111000;
    5732 : 11111111;
    5733 : 11111110;
    5734 : 11111111;
    5735 : 11111101;
    5736 : 11111010;
    5737 : 11111111;
    5738 : 11111111;
    5739 : 11111001;
    573A : 11111100;
    573B : 11111111;
    573C : 11111100;
    573D : 11111111;
    573E : 11111111;
    573F : 01100011;
    5740 : 00000011;
    5741 : 00000000;
    5742 : 00000011;
    5743 : 10111000;
    5744 : 11111111;
    5745 : 11111001;
    5746 : 11111101;
    5747 : 11111111;
    5748 : 11111110;
    5749 : 11111011;
    574A : 11111101;
    574B : 11111110;
    574C : 11111011;
    574D : 11111111;
    574E : 11111001;
    574F : 11111100;
    5750 : 11111111;
    5751 : 11111100;
    5752 : 11111000;
    5753 : 11111111;
    5754 : 11111111;
    5755 : 11111101;
    5756 : 11111100;
    5757 : 11111111;
    5758 : 11111110;
    5759 : 11111111;
    575A : 11000000;
    575B : 00010111;
    575C : 11111111;
    575D : 11111011;
    575E : 11111101;
    575F : 11111111;
    5760 : 11111111;
    5761 : 11111011;
    5762 : 11111100;
    5763 : 10000001;
    5764 : 00000000;
    5765 : 00000000;
    5766 : 10010100;
    5767 : 11111111;
    5768 : 11110110;
    5769 : 11111110;
    576A : 11111111;
    576B : 11111101;
    576C : 10100001;
    576D : 11001100;
    576E : 11111111;
    576F : 11110111;
    5770 : 11111110;
    5771 : 11111011;
    5772 : 11111111;
    5773 : 11111111;
    5774 : 11111010;
    5775 : 11111101;
    5776 : 11111011;
    5777 : 11111111;
    5778 : 11011011;
    5779 : 00000001;
    577A : 10111111;
    577B : 11111111;
    577C : 11111001;
    577D : 11111101;
    577E : 11111111;
    577F : 11111101;
    5780 : 11111111;
    5781 : 01011100;
    5782 : 01101111;
    5783 : 11111101;
    5784 : 10111101;
    5785 : 00011110;
    5786 : 11111101;
    5787 : 11111111;
    5788 : 11111110;
    5789 : 11111111;
    578A : 11111100;
    578B : 10101111;
    578C : 11111011;
    578D : 11111100;
    578E : 11111000;
    578F : 11111101;
    5790 : 11111110;
    5791 : 11111010;
    5792 : 11111111;
    5793 : 11111000;
    5794 : 11111101;
    5795 : 11111111;
    5796 : 11111010;
    5797 : 11111111;
    5798 : 11111111;
    5799 : 11111111;
    579A : 11111110;
    579B : 11101011;
    579C : 10101111;
    579D : 11111111;
    579E : 11110111;
    579F : 11111101;
    57A0 : 01000111;
    57A1 : 01110100;
    57A2 : 11111001;
    57A3 : 11111111;
    57A4 : 11111110;
    57A5 : 11111111;
    57A6 : 11111111;
    57A7 : 11111011;
    57A8 : 11111111;
    57A9 : 00110011;
    57AA : 10100001;
    57AB : 11111100;
    57AC : 11111111;
    57AD : 11111101;
    57AE : 11111100;
    57AF : 11111100;
    57B0 : 11111111;
    57B1 : 01011111;
    57B2 : 00110011;
    57B3 : 11000101;
    57B4 : 10101101;
    57B5 : 11100101;
    57B6 : 11111001;
    57B7 : 11111101;
    57B8 : 11111111;
    57B9 : 11111010;
    57BA : 00100011;
    57BB : 10101010;
    57BC : 11111011;
    57BD : 11111101;
    57BE : 11111100;
    57BF : 11111111;
    57C0 : 11111100;
    57C1 : 11111011;
    57C2 : 11111110;
    57C3 : 10000100;
    57C4 : 01001010;
    57C5 : 11111111;
    57C6 : 11111111;
    57C7 : 11111011;
    57C8 : 11111111;
    57C9 : 11111111;
    57CA : 11111100;
    57CB : 11111011;
    57CC : 11111101;
    57CD : 11111111;
    57CE : 00100011;
    57CF : 10101101;
    57D0 : 11111011;
    57D1 : 11111111;
    57D2 : 11111101;
    57D3 : 11111011;
    57D4 : 11111111;
    57D5 : 11111100;
    57D6 : 11111110;
    57D7 : 11111110;
    57D8 : 11111100;
    57D9 : 11111111;
    57DA : 11111111;
    57DB : 11111011;
    57DC : 11111111;
    57DD : 11111000;
    57DE : 11111010;
    57DF : 01010101;
    57E0 : 01001011;
    57E1 : 11000001;
    57E2 : 10110011;
    57E3 : 11101001;
    57E4 : 11111011;
    57E5 : 11111111;
    57E6 : 11111111;
    57E7 : 11111001;
    57E8 : 11111110;
    57E9 : 11111101;
    57EA : 11111111;
    57EB : 11111101;
    57EC : 11111100;
    57ED : 11111101;
    57EE : 11111111;
    57EF : 11111111;
    57F0 : 11111111;
    57F1 : 11111111;
    57F2 : 11111100;
    57F3 : 11111111;
    57F4 : 11111001;
    57F5 : 11111111;
    57F6 : 11111111;
    57F7 : 11111101;
    57F8 : 11111010;
    57F9 : 11111111;
    57FA : 11010011;
    57FB : 00110000;
    57FC : 11110110;
    57FD : 11111111;
    57FE : 11111111;
    57FF : 11111001;
    5800 : 11110111;
    5801 : 11111111;
    5802 : 11110000;
    5803 : 00010010;
    5804 : 10010110;
    5805 : 10001100;
    5806 : 00001101;
    5807 : 11101110;
    5808 : 11111101;
    5809 : 11111110;
    580A : 11111111;
    580B : 11111111;
    580C : 00101001;
    580D : 10010111;
    580E : 11111100;
    580F : 11111111;
    5810 : 11111111;
    5811 : 11111101;
    5812 : 11111011;
    5813 : 11111100;
    5814 : 11111111;
    5815 : 11111111;
    5816 : 11111111;
    5817 : 11111011;
    5818 : 11001111;
    5819 : 10010000;
    581A : 11111111;
    581B : 11110011;
    581C : 11111111;
    581D : 11111010;
    581E : 11111111;
    581F : 11111001;
    5820 : 11111011;
    5821 : 01010110;
    5822 : 01110000;
    5823 : 11111010;
    5824 : 10111011;
    5825 : 00101110;
    5826 : 10110000;
    5827 : 01011100;
    5828 : 00110100;
    5829 : 01111101;
    582A : 11111001;
    582B : 01111110;
    582C : 01111101;
    582D : 10010011;
    582E : 11111111;
    582F : 01110100;
    5830 : 10111100;
    5831 : 10111110;
    5832 : 00011001;
    5833 : 10011111;
    5834 : 11101111;
    5835 : 01011010;
    5836 : 00111100;
    5837 : 10110100;
    5838 : 10001101;
    5839 : 00011000;
    583A : 10111010;
    583B : 11101001;
    583C : 01101110;
    583D : 11111100;
    583E : 10011111;
    583F : 00110010;
    5840 : 00010010;
    5841 : 10001010;
    5842 : 11111111;
    5843 : 00110101;
    5844 : 01000111;
    5845 : 11100101;
    5846 : 11111111;
    5847 : 01110001;
    5848 : 00101110;
    5849 : 00001101;
    584A : 10110011;
    584B : 11110001;
    584C : 00111011;
    584D : 01011011;
    584E : 11111010;
    584F : 11111101;
    5850 : 11111101;
    5851 : 01010111;
    5852 : 01100111;
    5853 : 11111101;
    5854 : 11111101;
    5855 : 11111111;
    5856 : 10100000;
    5857 : 00010111;
    5858 : 10100110;
    5859 : 10100011;
    585A : 00000000;
    585B : 00101100;
    585C : 11110001;
    585D : 10000001;
    585E : 00100001;
    585F : 10110100;
    5860 : 11111101;
    5861 : 10111000;
    5862 : 00111101;
    5863 : 00011111;
    5864 : 01100111;
    5865 : 10010100;
    5866 : 10011110;
    5867 : 11111000;
    5868 : 01010101;
    5869 : 11101101;
    586A : 10101101;
    586B : 00010100;
    586C : 10010010;
    586D : 11111111;
    586E : 00011001;
    586F : 10101110;
    5870 : 11111111;
    5871 : 11111100;
    5872 : 11101010;
    5873 : 01000011;
    5874 : 01001010;
    5875 : 11111100;
    5876 : 10001001;
    5877 : 01010000;
    5878 : 00110100;
    5879 : 10011100;
    587A : 01001101;
    587B : 01001001;
    587C : 11101111;
    587D : 11111111;
    587E : 11111111;
    587F : 01010010;
    5880 : 01110010;
    5881 : 11111111;
    5882 : 11110111;
    5883 : 11111111;
    5884 : 10010110;
    5885 : 00011110;
    5886 : 10100111;
    5887 : 11111111;
    5888 : 01110001;
    5889 : 01000001;
    588A : 01011110;
    588B : 01101000;
    588C : 01000001;
    588D : 01100101;
    588E : 10010111;
    588F : 00100001;
    5890 : 10011111;
    5891 : 11111001;
    5892 : 10100111;
    5893 : 00011011;
    5894 : 10001000;
    5895 : 11110110;
    5896 : 11111111;
    5897 : 11111110;
    5898 : 11101000;
    5899 : 00111010;
    589A : 00111011;
    589B : 00110001;
    589C : 11111111;
    589D : 10101101;
    589E : 00011001;
    589F : 10100011;
    58A0 : 11111111;
    58A1 : 11111101;
    58A2 : 11010110;
    58A3 : 00010011;
    58A4 : 11111111;
    58A5 : 11111001;
    58A6 : 00011111;
    58A7 : 11010101;
    58A8 : 10011101;
    58A9 : 00010110;
    58AA : 10101011;
    58AB : 10101001;
    58AC : 00000000;
    58AD : 00100100;
    58AE : 11101100;
    58AF : 10001011;
    58B0 : 00011001;
    58B1 : 10101111;
    58B2 : 11110010;
    58B3 : 01100101;
    58B4 : 01001100;
    58B5 : 00111101;
    58B6 : 11110010;
    58B7 : 11111000;
    58B8 : 01010111;
    58B9 : 00111010;
    58BA : 11001111;
    58BB : 11111111;
    58BC : 10000110;
    58BD : 00011100;
    58BE : 10101011;
    58BF : 11111111;
    58C0 : 11111111;
    58C1 : 01011100;
    58C2 : 01100111;
    58C3 : 11111111;
    58C4 : 10110101;
    58C5 : 00110010;
    58C6 : 10000101;
    58C7 : 00000000;
    58C8 : 00111001;
    58C9 : 00001011;
    58CA : 10111011;
    58CB : 00101011;
    58CC : 01010101;
    58CD : 00101110;
    58CE : 11111110;
    58CF : 00011011;
    58D0 : 10011101;
    58D1 : 00100010;
    58D2 : 00101110;
    58D3 : 00010011;
    58D4 : 10111001;
    58D5 : 00000010;
    58D6 : 00001110;
    58D7 : 01101111;
    58D8 : 00011000;
    58D9 : 00110101;
    58DA : 00011100;
    58DB : 10110100;
    58DC : 00010011;
    58DD : 11001011;
    58DE : 00000000;
    58DF : 00111011;
    58E0 : 00000000;
    58E1 : 10001111;
    58E2 : 01010011;
    58E3 : 00100010;
    58E4 : 00010010;
    58E5 : 01110110;
    58E6 : 11001101;
    58E7 : 00000011;
    58E8 : 01000010;
    58E9 : 00000010;
    58EA : 10111010;
    58EB : 01011011;
    58EC : 00011101;
    58ED : 00000110;
    58EE : 10001111;
    58EF : 11111110;
    58F0 : 11111111;
    58F1 : 01010100;
    58F2 : 01001001;
    58F3 : 11110101;
    58F4 : 11101101;
    58F5 : 11011010;
    58F6 : 00010100;
    58F7 : 00111001;
    58F8 : 00000000;
    58F9 : 01111110;
    58FA : 00001000;
    58FB : 01001101;
    58FC : 10001110;
    58FD : 00000001;
    58FE : 00111011;
    58FF : 00011111;
    5900 : 11110110;
    5901 : 00011111;
    5902 : 00100110;
    5903 : 00000101;
    5904 : 01101100;
    5905 : 01000110;
    5906 : 01101110;
    5907 : 11101101;
    5908 : 00000101;
    5909 : 10110011;
    590A : 00000000;
    590B : 01001100;
    590C : 00000001;
    590D : 11010001;
    590E : 00110001;
    590F : 10100101;
    5910 : 11111111;
    5911 : 11111101;
    5912 : 01001010;
    5913 : 00011100;
    5914 : 00001111;
    5915 : 10010011;
    5916 : 01001000;
    5917 : 00000010;
    5918 : 00110111;
    5919 : 00000010;
    591A : 00110100;
    591B : 00000011;
    591C : 10010001;
    591D : 11111110;
    591E : 11111111;
    591F : 01001111;
    5920 : 01101111;
    5921 : 11111111;
    5922 : 11111111;
    5923 : 11000011;
    5924 : 00000001;
    5925 : 00110011;
    5926 : 00001000;
    5927 : 11011001;
    5928 : 00010001;
    5929 : 00000010;
    592A : 01001101;
    592B : 00000000;
    592C : 00111001;
    592D : 00000110;
    592E : 00000110;
    592F : 00110010;
    5930 : 00100100;
    5931 : 11010101;
    5932 : 00000011;
    5933 : 01000100;
    5934 : 00001011;
    5935 : 11011000;
    5936 : 11110110;
    5937 : 11111111;
    5938 : 01011000;
    5939 : 00001010;
    593A : 00100001;
    593B : 00100111;
    593C : 11011100;
    593D : 00001010;
    593E : 00111010;
    593F : 00001011;
    5940 : 11100001;
    5941 : 11111111;
    5942 : 11101101;
    5943 : 00001111;
    5944 : 01111110;
    5945 : 11111111;
    5946 : 11111100;
    5947 : 10111000;
    5948 : 00000000;
    5949 : 01000000;
    594A : 00011011;
    594B : 10010001;
    594C : 00001010;
    594D : 00111100;
    594E : 10011001;
    594F : 00000000;
    5950 : 01000010;
    5951 : 00011010;
    5952 : 11010011;
    5953 : 00000011;
    5954 : 00101000;
    5955 : 00001010;
    5956 : 10001100;
    5957 : 10000000;
    5958 : 00001011;
    5959 : 00100101;
    595A : 01010010;
    595B : 11010010;
    595C : 00001011;
    595D : 00111110;
    595E : 00000000;
    595F : 11100001;
    5960 : 11111011;
    5961 : 01011011;
    5962 : 01101100;
    5963 : 11111110;
    5964 : 10110101;
    5965 : 00110101;
    5966 : 10000100;
    5967 : 00110101;
    5968 : 11111111;
    5969 : 00011110;
    596A : 10011000;
    596B : 00110111;
    596C : 10011111;
    596D : 00110101;
    596E : 11000101;
    596F : 00111011;
    5970 : 10000100;
    5971 : 00101000;
    5972 : 11111111;
    5973 : 01000100;
    5974 : 01110000;
    5975 : 00011110;
    5976 : 11101011;
    5977 : 10010010;
    5978 : 00110010;
    5979 : 11111111;
    597A : 01101010;
    597B : 10011110;
    597C : 00111000;
    597D : 10001000;
    597E : 00101000;
    597F : 11111111;
    5980 : 00111011;
    5981 : 01111100;
    5982 : 10000110;
    5983 : 11110000;
    5984 : 10011010;
    5985 : 01000100;
    5986 : 01110010;
    5987 : 01000100;
    5988 : 11111110;
    5989 : 00100011;
    598A : 10010101;
    598B : 00100011;
    598C : 11110101;
    598D : 10011001;
    598E : 01000000;
    598F : 11111111;
    5990 : 11111111;
    5991 : 01101000;
    5992 : 00000100;
    5993 : 00000000;
    5994 : 00101000;
    5995 : 10100001;
    5996 : 00011001;
    5997 : 11111111;
    5998 : 01110000;
    5999 : 11001010;
    599A : 00111011;
    599B : 10111100;
    599C : 10101110;
    599D : 10100110;
    599E : 11111010;
    599F : 00011111;
    59A0 : 10100010;
    59A1 : 00011011;
    59A2 : 11111100;
    59A3 : 01111010;
    59A4 : 01011001;
    59A5 : 01011001;
    59A6 : 01111110;
    59A7 : 11101001;
    59A8 : 00010101;
    59A9 : 10101011;
    59AA : 10001001;
    59AB : 11111111;
    59AC : 00101001;
    59AD : 10100111;
    59AE : 00110000;
    59AF : 10101001;
    59B0 : 11111101;
    59B1 : 11101100;
    59B2 : 00001110;
    59B3 : 11101110;
    59B4 : 10100010;
    59B5 : 01001101;
    59B6 : 01000110;
    59B7 : 10001001;
    59B8 : 11101000;
    59B9 : 00000000;
    59BA : 11111100;
    59BB : 01101010;
    59BC : 01101001;
    59BD : 11111111;
    59BE : 11111101;
    59BF : 01011110;
    59C0 : 00000001;
    59C1 : 00010010;
    59C2 : 01010000;
    59C3 : 01100101;
    59C4 : 01001110;
    59C5 : 11111110;
    59C6 : 00101110;
    59C7 : 10001011;
    59C8 : 00101010;
    59C9 : 10101110;
    59CA : 11010101;
    59CB : 00001111;
    59CC : 11111111;
    59CD : 01001111;
    59CE : 01011110;
    59CF : 11111111;
    59D0 : 00100001;
    59D1 : 10100100;
    59D2 : 10000001;
    59D3 : 11111111;
    59D4 : 00101011;
    59D5 : 10011001;
    59D6 : 11111111;
    59D7 : 11111001;
    59D8 : 00011011;
    59D9 : 11000011;
    59DA : 11010001;
    59DB : 00110010;
    59DC : 10001001;
    59DD : 00111010;
    59DE : 11111111;
    59DF : 00101011;
    59E0 : 10011101;
    59E1 : 11111110;
    59E2 : 11111111;
    59E3 : 10001000;
    59E4 : 00000000;
    59E5 : 00110100;
    59E6 : 11110110;
    59E7 : 10111001;
    59E8 : 10010000;
    59E9 : 11111111;
    59EA : 00011000;
    59EB : 11001100;
    59EC : 00111100;
    59ED : 10100011;
    59EE : 11000011;
    59EF : 10011100;
    59F0 : 11111111;
    59F1 : 00010011;
    59F2 : 10100111;
    59F3 : 00010100;
    59F4 : 11101000;
    59F5 : 10000000;
    59F6 : 01011001;
    59F7 : 10010011;
    59F8 : 11010001;
    59F9 : 11001011;
    59FA : 00100000;
    59FB : 10011110;
    59FC : 00100110;
    59FD : 11111011;
    59FE : 01101010;
    59FF : 11001011;
    5A00 : 11111111;
    5A01 : 01011011;
    5A02 : 01101000;
    5A03 : 11111110;
    5A04 : 10110101;
    5A05 : 00111010;
    5A06 : 01111011;
    5A07 : 01000001;
    5A08 : 11111111;
    5A09 : 00100110;
    5A0A : 10010101;
    5A0B : 00101011;
    5A0C : 11000100;
    5A0D : 01000101;
    5A0E : 01100110;
    5A0F : 01001011;
    5A10 : 10001110;
    5A11 : 00000000;
    5A12 : 00111011;
    5A13 : 00000000;
    5A14 : 01011100;
    5A15 : 00100010;
    5A16 : 11100111;
    5A17 : 11010001;
    5A18 : 00000000;
    5A19 : 00111111;
    5A1A : 11101011;
    5A1B : 11001001;
    5A1C : 00101111;
    5A1D : 01101100;
    5A1E : 01010000;
    5A1F : 11111111;
    5A20 : 00111110;
    5A21 : 01111010;
    5A22 : 11101111;
    5A23 : 00110011;
    5A24 : 00000100;
    5A25 : 01010011;
    5A26 : 01011110;
    5A27 : 01110011;
    5A28 : 11111111;
    5A29 : 00110000;
    5A2A : 01110101;
    5A2B : 00010111;
    5A2C : 00110001;
    5A2D : 00010000;
    5A2E : 00101101;
    5A2F : 11111111;
    5A30 : 11111111;
    5A31 : 01011010;
    5A32 : 00110101;
    5A33 : 10101000;
    5A34 : 10100110;
    5A35 : 11100011;
    5A36 : 00010001;
    5A37 : 00100100;
    5A38 : 11001010;
    5A39 : 11111111;
    5A3A : 00101100;
    5A3B : 10100101;
    5A3C : 11111011;
    5A3D : 01101000;
    5A3E : 00001011;
    5A3F : 00010111;
    5A40 : 10000101;
    5A41 : 00101001;
    5A42 : 11111111;
    5A43 : 01111111;
    5A44 : 01011010;
    5A45 : 01010011;
    5A46 : 01110111;
    5A47 : 11101110;
    5A48 : 00000110;
    5A49 : 11100101;
    5A4A : 10011000;
    5A4B : 00010101;
    5A4C : 00000100;
    5A4D : 10101101;
    5A4E : 00110000;
    5A4F : 10100111;
    5A50 : 11111111;
    5A51 : 11011101;
    5A52 : 00000111;
    5A53 : 00110010;
    5A54 : 00010001;
    5A55 : 00111010;
    5A56 : 00110111;
    5A57 : 10001001;
    5A58 : 11100011;
    5A59 : 00000110;
    5A5A : 11111111;
    5A5B : 01110101;
    5A5C : 01101110;
    5A5D : 11111111;
    5A5E : 11111111;
    5A5F : 01011011;
    5A60 : 00100100;
    5A61 : 01101001;
    5A62 : 10010011;
    5A63 : 01000011;
    5A64 : 01101111;
    5A65 : 11111111;
    5A66 : 01100001;
    5A67 : 01100111;
    5A68 : 00101001;
    5A69 : 10111100;
    5A6A : 11001100;
    5A6B : 00001111;
    5A6C : 11111111;
    5A6D : 01010010;
    5A6E : 01110001;
    5A6F : 11111101;
    5A70 : 00011100;
    5A71 : 11101000;
    5A72 : 10100000;
    5A73 : 00010011;
    5A74 : 00000001;
    5A75 : 10011100;
    5A76 : 11111011;
    5A77 : 11101011;
    5A78 : 00011000;
    5A79 : 11100010;
    5A7A : 11010001;
    5A7B : 00110110;
    5A7C : 01101110;
    5A7D : 00000010;
    5A7E : 00111000;
    5A7F : 00000010;
    5A80 : 10001000;
    5A81 : 11111101;
    5A82 : 11111111;
    5A83 : 11111111;
    5A84 : 10110010;
    5A85 : 00000110;
    5A86 : 00110010;
    5A87 : 11111110;
    5A88 : 01111010;
    5A89 : 00010011;
    5A8A : 00000110;
    5A8B : 10111101;
    5A8C : 00111001;
    5A8D : 10001100;
    5A8E : 11111101;
    5A8F : 01110001;
    5A90 : 00001110;
    5A91 : 00001100;
    5A92 : 10011111;
    5A93 : 00011000;
    5A94 : 11101100;
    5A95 : 10001000;
    5A96 : 01010001;
    5A97 : 11111111;
    5A98 : 01000001;
    5A99 : 00001000;
    5A9A : 00100011;
    5A9B : 11000111;
    5A9C : 00000100;
    5A9D : 00110100;
    5A9E : 11011010;
    5A9F : 11111111;
    5AA0 : 11111111;
    5AA1 : 01100100;
    5AA2 : 01101001;
    5AA3 : 11111111;
    5AA4 : 10101110;
    5AA5 : 00111011;
    5AA6 : 10000000;
    5AA7 : 00111100;
    5AA8 : 11111111;
    5AA9 : 00100010;
    5AAA : 10010110;
    5AAB : 00101101;
    5AAC : 11010111;
    5AAD : 01010111;
    5AAE : 00000000;
    5AAF : 10000100;
    5AB0 : 10001101;
    5AB1 : 00010110;
    5AB2 : 01011001;
    5AB3 : 01100110;
    5AB4 : 10011001;
    5AB5 : 00010111;
    5AB6 : 11011100;
    5AB7 : 11111111;
    5AB8 : 11000011;
    5AB9 : 00001111;
    5ABA : 00101110;
    5ABB : 10111000;
    5ABC : 00110000;
    5ABD : 01101011;
    5ABE : 01001110;
    5ABF : 11111110;
    5AC0 : 00111101;
    5AC1 : 10000100;
    5AC2 : 01001010;
    5AC3 : 01000110;
    5AC4 : 01011111;
    5AC5 : 01010011;
    5AC6 : 01011110;
    5AC7 : 01110010;
    5AC8 : 11111111;
    5AC9 : 00110001;
    5ACA : 01101111;
    5ACB : 00010010;
    5ACC : 01010000;
    5ACD : 01010111;
    5ACE : 10010010;
    5ACF : 11111100;
    5AD0 : 11111111;
    5AD1 : 01010011;
    5AD2 : 01011101;
    5AD3 : 11111111;
    5AD4 : 11111111;
    5AD5 : 11111110;
    5AD6 : 11011000;
    5AD7 : 00110000;
    5AD8 : 00000011;
    5AD9 : 11100011;
    5ADA : 00110010;
    5ADB : 10110011;
    5ADC : 10100011;
    5ADD : 00001010;
    5ADE : 10000001;
    5ADF : 00100011;
    5AE0 : 10000000;
    5AE1 : 00110011;
    5AE2 : 11111111;
    5AE3 : 01110000;
    5AE4 : 01100000;
    5AE5 : 01011001;
    5AE6 : 01111000;
    5AE7 : 11101000;
    5AE8 : 00010110;
    5AE9 : 10101011;
    5AEA : 00001111;
    5AEB : 10000000;
    5AEC : 00100100;
    5AED : 10100001;
    5AEE : 00110001;
    5AEF : 10100110;
    5AF0 : 11111111;
    5AF1 : 11010000;
    5AF2 : 00001101;
    5AF3 : 01010100;
    5AF4 : 01010011;
    5AF5 : 10011110;
    5AF6 : 00111010;
    5AF7 : 10001001;
    5AF8 : 11100001;
    5AF9 : 00001101;
    5AFA : 11111110;
    5AFB : 01101101;
    5AFC : 01101100;
    5AFD : 11111111;
    5AFE : 11111100;
    5AFF : 01001110;
    5B00 : 01111000;
    5B01 : 11111111;
    5B02 : 11111101;
    5B03 : 01000111;
    5B04 : 01110110;
    5B05 : 11111011;
    5B06 : 01011010;
    5B07 : 01101101;
    5B08 : 00101100;
    5B09 : 11000000;
    5B0A : 11000110;
    5B0B : 00010000;
    5B0C : 11111111;
    5B0D : 01010001;
    5B0E : 01100111;
    5B0F : 11111110;
    5B10 : 00100101;
    5B11 : 10101100;
    5B12 : 00001000;
    5B13 : 10000011;
    5B14 : 00100101;
    5B15 : 10010010;
    5B16 : 11111111;
    5B17 : 11101000;
    5B18 : 00010111;
    5B19 : 11100010;
    5B1A : 11001001;
    5B1B : 00111101;
    5B1C : 01100101;
    5B1D : 00011100;
    5B1E : 01011011;
    5B1F : 01011100;
    5B20 : 11000100;
    5B21 : 11111111;
    5B22 : 11011001;
    5B23 : 10101110;
    5B24 : 11111111;
    5B25 : 11001110;
    5B26 : 00010110;
    5B27 : 10000001;
    5B28 : 00001110;
    5B29 : 10000111;
    5B2A : 00001110;
    5B2B : 11000010;
    5B2C : 00111110;
    5B2D : 10011100;
    5B2E : 10110001;
    5B2F : 00000110;
    5B30 : 10001011;
    5B31 : 00010110;
    5B32 : 10100110;
    5B33 : 00011001;
    5B34 : 11101010;
    5B35 : 01111110;
    5B36 : 01100110;
    5B37 : 01101101;
    5B38 : 00110010;
    5B39 : 01110011;
    5B3A : 00010010;
    5B3B : 11111111;
    5B3C : 11001100;
    5B3D : 00011001;
    5B3E : 00011000;
    5B3F : 11100110;
    5B40 : 11111100;
    5B41 : 01110100;
    5B42 : 00110110;
    5B43 : 11111111;
    5B44 : 10010110;
    5B45 : 00111000;
    5B46 : 10001010;
    5B47 : 00111100;
    5B48 : 11111111;
    5B49 : 00101010;
    5B4A : 10010110;
    5B4B : 00101000;
    5B4C : 11011000;
    5B4D : 10010011;
    5B4E : 00001000;
    5B4F : 10111001;
    5B50 : 10011011;
    5B51 : 00100111;
    5B52 : 11111111;
    5B53 : 11110010;
    5B54 : 11000111;
    5B55 : 00010100;
    5B56 : 11110011;
    5B57 : 10001101;
    5B58 : 10011001;
    5B59 : 11111011;
    5B5A : 00011100;
    5B5B : 10001010;
    5B5C : 00111100;
    5B5D : 01111101;
    5B5E : 00110000;
    5B5F : 11111111;
    5B60 : 01000010;
    5B61 : 01101110;
    5B62 : 00110010;
    5B63 : 11101010;
    5B64 : 10100000;
    5B65 : 01000111;
    5B66 : 01101011;
    5B67 : 01001101;
    5B68 : 11111011;
    5B69 : 00110000;
    5B6A : 10000110;
    5B6B : 00101011;
    5B6C : 11110101;
    5B6D : 11111101;
    5B6E : 11100011;
    5B6F : 11111101;
    5B70 : 11111101;
    5B71 : 01011101;
    5B72 : 01011110;
    5B73 : 11111101;
    5B74 : 11111110;
    5B75 : 10101110;
    5B76 : 01110111;
    5B77 : 11111100;
    5B78 : 00100101;
    5B79 : 10101000;
    5B7A : 00111011;
    5B7B : 11000000;
    5B7C : 01100000;
    5B7D : 01110011;
    5B7E : 11111111;
    5B7F : 00100000;
    5B80 : 10011111;
    5B81 : 00100000;
    5B82 : 11111111;
    5B83 : 10000001;
    5B84 : 01011000;
    5B85 : 01011000;
    5B86 : 01111101;
    5B87 : 11110011;
    5B88 : 00011111;
    5B89 : 01110110;
    5B8A : 01001001;
    5B8B : 11111111;
    5B8C : 00100101;
    5B8D : 10100111;
    5B8E : 00111001;
    5B8F : 10100101;
    5B90 : 11111011;
    5B91 : 11100100;
    5B92 : 00010101;
    5B93 : 11101010;
    5B94 : 11111111;
    5B95 : 11100011;
    5B96 : 00111100;
    5B97 : 10001011;
    5B98 : 11100100;
    5B99 : 00001011;
    5B9A : 11111111;
    5B9B : 01110111;
    5B9C : 01101101;
    5B9D : 11111101;
    5B9E : 11111111;
    5B9F : 01010010;
    5BA0 : 01101111;
    5BA1 : 11111111;
    5BA2 : 11111100;
    5BA3 : 01011100;
    5BA4 : 01010011;
    5BA5 : 11111111;
    5BA6 : 00110100;
    5BA7 : 10001010;
    5BA8 : 00101000;
    5BA9 : 10111000;
    5BAA : 11001100;
    5BAB : 00010100;
    5BAC : 11111111;
    5BAD : 01001111;
    5BAE : 01110001;
    5BAF : 11111111;
    5BB0 : 00110011;
    5BB1 : 01110000;
    5BB2 : 00111010;
    5BB3 : 11111111;
    5BB4 : 00101101;
    5BB5 : 10010010;
    5BB6 : 11111100;
    5BB7 : 11110110;
    5BB8 : 00011010;
    5BB9 : 11001010;
    5BBA : 11011100;
    5BBB : 00110111;
    5BBC : 01110001;
    5BBD : 00111011;
    5BBE : 11111111;
    5BBF : 11100111;
    5BC0 : 11101010;
    5BC1 : 11111111;
    5BC2 : 10100100;
    5BC3 : 00001010;
    5BC4 : 11111111;
    5BC5 : 11111001;
    5BC6 : 00100010;
    5BC7 : 00110111;
    5BC8 : 01100101;
    5BC9 : 11111111;
    5BCA : 00011001;
    5BCB : 11000011;
    5BCC : 00110100;
    5BCD : 10110000;
    5BCE : 10000001;
    5BCF : 01101101;
    5BD0 : 11111100;
    5BD1 : 00010101;
    5BD2 : 10100011;
    5BD3 : 00010110;
    5BD4 : 11101100;
    5BD5 : 10010000;
    5BD6 : 01010111;
    5BD7 : 00111000;
    5BD8 : 10110101;
    5BD9 : 11011011;
    5BDA : 00011000;
    5BDB : 10011110;
    5BDC : 10010011;
    5BDD : 11111111;
    5BDE : 00010110;
    5BDF : 10110000;
    5BE0 : 11111111;
    5BE1 : 10111100;
    5BE2 : 00000011;
    5BE3 : 01101000;
    5BE4 : 00000010;
    5BE5 : 10001100;
    5BE6 : 10010000;
    5BE7 : 00110100;
    5BE8 : 11111111;
    5BE9 : 00011001;
    5BEA : 10010100;
    5BEB : 00100100;
    5BEC : 11011101;
    5BED : 10111110;
    5BEE : 00000000;
    5BEF : 11010100;
    5BF0 : 11011011;
    5BF1 : 00000001;
    5BF2 : 01100011;
    5BF3 : 00010011;
    5BF4 : 10000111;
    5BF5 : 00001100;
    5BF6 : 11101111;
    5BF7 : 10010111;
    5BF8 : 00000000;
    5BF9 : 01101000;
    5BFA : 00100000;
    5BFB : 10101100;
    5BFC : 00011110;
    5BFD : 11000011;
    5BFE : 00000101;
    5BFF : 01010101;
    5C00 : 00000000;
    5C01 : 10000100;
    5C02 : 00111011;
    5C03 : 00110110;
    5C04 : 00010011;
    5C05 : 00111101;
    5C06 : 10111010;
    5C07 : 00000000;
    5C08 : 01100001;
    5C09 : 00000000;
    5C0A : 10110000;
    5C0B : 01000010;
    5C0C : 00101111;
    5C0D : 00110101;
    5C0E : 01001110;
    5C0F : 11111111;
    5C10 : 11111111;
    5C11 : 01011100;
    5C12 : 00000011;
    5C13 : 01011010;
    5C14 : 01010011;
    5C15 : 01111111;
    5C16 : 00000000;
    5C17 : 01110000;
    5C18 : 00001001;
    5C19 : 11001000;
    5C1A : 00110111;
    5C1B : 01001001;
    5C1C : 01110101;
    5C1D : 00001101;
    5C1E : 01000011;
    5C1F : 00000000;
    5C20 : 11000111;
    5C21 : 00011101;
    5C22 : 01000101;
    5C23 : 00000111;
    5C24 : 01100101;
    5C25 : 10000000;
    5C26 : 00011011;
    5C27 : 01001001;
    5C28 : 00000000;
    5C29 : 10011010;
    5C2A : 00001100;
    5C2B : 01001100;
    5C2C : 00000111;
    5C2D : 10100101;
    5C2E : 00100011;
    5C2F : 10100011;
    5C30 : 11111111;
    5C31 : 11111111;
    5C32 : 00101111;
    5C33 : 00111010;
    5C34 : 00110001;
    5C35 : 01011100;
    5C36 : 00111111;
    5C37 : 10000000;
    5C38 : 11011110;
    5C39 : 00000101;
    5C3A : 11111001;
    5C3B : 01101101;
    5C3C : 01100010;
    5C3D : 11111111;
    5C3E : 11111111;
    5C3F : 01000100;
    5C40 : 01101000;
    5C41 : 11111001;
    5C42 : 11111111;
    5C43 : 10111100;
    5C44 : 00000000;
    5C45 : 01100011;
    5C46 : 00000111;
    5C47 : 11001100;
    5C48 : 00010110;
    5C49 : 10111011;
    5C4A : 11000111;
    5C4B : 00000110;
    5C4C : 11111110;
    5C4D : 01001110;
    5C4E : 01100101;
    5C4F : 11111010;
    5C50 : 00011110;
    5C51 : 10011001;
    5C52 : 00001110;
    5C53 : 01001101;
    5C54 : 00000010;
    5C55 : 10010010;
    5C56 : 11111111;
    5C57 : 11111111;
    5C58 : 01010000;
    5C59 : 00101000;
    5C5A : 00101111;
    5C5B : 00011110;
    5C5C : 11010101;
    5C5D : 00000000;
    5C5E : 01100010;
    5C5F : 00001100;
    5C60 : 10101101;
    5C61 : 11111111;
    5C62 : 11110100;
    5C63 : 00010010;
    5C64 : 01000101;
    5C65 : 01001000;
    5C66 : 00100100;
    5C67 : 10001111;
    5C68 : 00001010;
    5C69 : 01001001;
    5C6A : 00000000;
    5C6B : 11000000;
    5C6C : 01001001;
    5C6D : 01000010;
    5C6E : 10000100;
    5C6F : 00010001;
    5C70 : 01000110;
    5C71 : 00000000;
    5C72 : 10100010;
    5C73 : 00000111;
    5C74 : 11100111;
    5C75 : 10000001;
    5C76 : 01010000;
    5C77 : 01100101;
    5C78 : 00101001;
    5C79 : 00100100;
    5C7A : 00011010;
    5C7B : 10011010;
    5C7C : 00000000;
    5C7D : 01110000;
    5C7E : 00001011;
    5C7F : 11010010;
    5C80 : 11111001;
    5C81 : 11111111;
    5C82 : 10000110;
    5C83 : 00001000;
    5C84 : 01001011;
    5C85 : 11111111;
    5C86 : 10011000;
    5C87 : 01101000;
    5C88 : 11111111;
    5C89 : 01010011;
    5C8A : 10101110;
    5C8B : 01010101;
    5C8C : 11011101;
    5C8D : 11101001;
    5C8E : 01010001;
    5C8F : 11110010;
    5C90 : 11111111;
    5C91 : 10011010;
    5C92 : 00000100;
    5C93 : 01110000;
    5C94 : 11100000;
    5C95 : 01000101;
    5C96 : 11101100;
    5C97 : 11111111;
    5C98 : 01100000;
    5C99 : 00001001;
    5C9A : 10011111;
    5C9B : 11011000;
    5C9C : 01000100;
    5C9D : 11111111;
    5C9E : 01111101;
    5C9F : 00011011;
    5CA0 : 00110110;
    5CA1 : 10101000;
    5CA2 : 11000001;
    5CA3 : 00010000;
    5CA4 : 01000100;
    5CA5 : 01011110;
    5CA6 : 11111111;
    5CA7 : 01011100;
    5CA8 : 00010101;
    5CA9 : 00111111;
    5CAA : 11001011;
    5CAB : 11011111;
    5CAC : 00011111;
    5CAD : 00101101;
    5CAE : 11011001;
    5CAF : 11111111;
    5CB0 : 11111110;
    5CB1 : 10001100;
    5CB2 : 00100111;
    5CB3 : 00100111;
    5CB4 : 00010101;
    5CB5 : 10110001;
    5CB6 : 10010011;
    5CB7 : 00000000;
    5CB8 : 01111001;
    5CB9 : 11111111;
    5CBA : 10011011;
    5CBB : 00011111;
    5CBC : 11001010;
    5CBD : 00111111;
    5CBE : 00101110;
    5CBF : 01000010;
    5CC0 : 11010111;
    5CC1 : 10110100;
    5CC2 : 00011001;
    5CC3 : 00101110;
    5CC4 : 10001111;
    5CC5 : 11101111;
    5CC6 : 00100111;
    5CC7 : 00100101;
    5CC8 : 01001001;
    5CC9 : 11100001;
    5CCA : 01100101;
    5CCB : 00100001;
    5CCC : 00111110;
    5CCD : 10101101;
    5CCE : 01011010;
    5CCF : 10111111;
    5CD0 : 11111110;
    5CD1 : 11111001;
    5CD2 : 11011000;
    5CD3 : 00100111;
    5CD4 : 00100111;
    5CD5 : 11100110;
    5CD6 : 01101001;
    5CD7 : 10100001;
    5CD8 : 11101001;
    5CD9 : 01000011;
    5CDA : 11111111;
    5CDB : 10010100;
    5CDC : 10001110;
    5CDD : 11111000;
    5CDE : 11111110;
    5CDF : 01111100;
    5CE0 : 10010010;
    5CE1 : 11111111;
    5CE2 : 11110101;
    5CE3 : 11111111;
    5CE4 : 01110101;
    5CE5 : 00001001;
    5CE6 : 10010100;
    5CE7 : 11111110;
    5CE8 : 01000111;
    5CE9 : 11000111;
    5CEA : 11010111;
    5CEB : 01000110;
    5CEC : 11111101;
    5CED : 01111000;
    5CEE : 10001111;
    5CEF : 11111111;
    5CF0 : 01001011;
    5CF1 : 11100110;
    5CF2 : 01100011;
    5CF3 : 00011101;
    5CF4 : 01001000;
    5CF5 : 10010010;
    5CF6 : 11111111;
    5CF7 : 11111101;
    5CF8 : 11010111;
    5CF9 : 00100110;
    5CFA : 00110001;
    5CFB : 01100110;
    5CFC : 11111100;
    5CFD : 10010001;
    5CFE : 00000011;
    5CFF : 01101101;
    5D00 : 11111111;
    5D01 : 11111011;
    5D02 : 11111110;
    5D03 : 11001000;
    5D04 : 00100000;
    5D05 : 00011010;
    5D06 : 10111010;
    5D07 : 11111111;
    5D08 : 01000111;
    5D09 : 00100111;
    5D0A : 00111011;
    5D0B : 11000110;
    5D0C : 10111100;
    5D0D : 00010100;
    5D0E : 11001011;
    5D0F : 01000100;
    5D10 : 00101011;
    5D11 : 01001111;
    5D12 : 10101011;
    5D13 : 01001111;
    5D14 : 11101111;
    5D15 : 10100010;
    5D16 : 01111111;
    5D17 : 11100010;
    5D18 : 00010110;
    5D19 : 00111111;
    5D1A : 01001000;
    5D1B : 11101001;
    5D1C : 01111000;
    5D1D : 00000001;
    5D1E : 10001110;
    5D1F : 11111111;
    5D20 : 11111111;
    5D21 : 11111010;
    5D22 : 11111111;
    5D23 : 11110111;
    5D24 : 11111111;
    5D25 : 11111111;
    5D26 : 11111111;
    5D27 : 11111110;
    5D28 : 11111101;
    5D29 : 11111111;
    5D2A : 11111111;
    5D2B : 11111100;
    5D2C : 11111111;
    5D2D : 11111010;
    5D2E : 11111111;
    5D2F : 11111101;
    5D30 : 11111101;
    5D31 : 11111101;
    5D32 : 11111011;
    5D33 : 11111111;
    5D34 : 11111111;
    5D35 : 11111101;
    5D36 : 11111101;
    5D37 : 11111111;
    5D38 : 11111111;
    5D39 : 11111100;
    5D3A : 11111111;
    5D3B : 11111101;
    5D3C : 11111111;
    5D3D : 11111000;
    5D3E : 11111111;
    5D3F : 11111100;
    5D40 : 11111101;
    5D41 : 11111110;
    5D42 : 11111100;
    5D43 : 11111111;
    5D44 : 11111111;
    5D45 : 11111111;
    5D46 : 11111010;
    5D47 : 11111111;
    5D48 : 11111111;
    5D49 : 11111111;
    5D4A : 11110110;
    5D4B : 11111111;
    5D4C : 11111111;
    5D4D : 11111110;
    5D4E : 11111111;
    5D4F : 11111010;
    5D50 : 11111011;
    5D51 : 11111111;
    5D52 : 11111001;
    5D53 : 11111111;
    5D54 : 11111111;
    5D55 : 11111100;
    5D56 : 11111110;
    5D57 : 11111101;
    5D58 : 11111111;
    5D59 : 11111011;
    5D5A : 11111100;
    5D5B : 11111011;
    5D5C : 11111111;
    5D5D : 11111111;
    5D5E : 11111110;
    5D5F : 11111100;
    5D60 : 11111110;
    5D61 : 11111000;
    5D62 : 11111100;
    5D63 : 11111111;
    5D64 : 11111101;
    5D65 : 11111101;
    5D66 : 11111111;
    5D67 : 11111111;
    5D68 : 11111111;
    5D69 : 11111100;
    5D6A : 11111100;
    5D6B : 11111111;
    5D6C : 11111111;
    5D6D : 11111101;
    5D6E : 11111111;
    5D6F : 11111010;
    5D70 : 11111111;
    5D71 : 11111111;
    5D72 : 11111100;
    5D73 : 11111011;
    5D74 : 11111111;
    5D75 : 11111111;
    5D76 : 11111111;
    5D77 : 11111111;
    5D78 : 11111110;
    5D79 : 11111111;
    5D7A : 11111001;
    5D7B : 11111111;
    5D7C : 11111011;
    5D7D : 11111111;
    5D7E : 11111111;
    5D7F : 11111101;
    5D80 : 11111011;
    5D81 : 11111110;
    5D82 : 11111111;
    5D83 : 11111111;
    5D84 : 11111111;
    5D85 : 11110110;
    5D86 : 11111111;
    5D87 : 11111011;
    5D88 : 11111111;
    5D89 : 11111111;
    5D8A : 11111111;
    5D8B : 11111111;
    5D8C : 11111111;
    5D8D : 11111101;
    5D8E : 11111110;
    5D8F : 11111101;
    5D90 : 11111111;
    5D91 : 11111111;
    5D92 : 11111111;
    5D93 : 11111111;
    5D94 : 11111011;
    5D95 : 11111111;
    5D96 : 11111100;
    5D97 : 11111111;
    5D98 : 11111111;
    5D99 : 11111111;
    5D9A : 11111101;
    5D9B : 11111111;
    5D9C : 11111011;
    5D9D : 11111100;
    5D9E : 11111101;
    5D9F : 11111111;
    5DA0 : 11111111;
    5DA1 : 11110101;
    5DA2 : 11111110;
    5DA3 : 11111111;
    5DA4 : 11111101;
    5DA5 : 11111110;
    5DA6 : 11111101;
    5DA7 : 11111111;
    5DA8 : 11111100;
    5DA9 : 11111111;
    5DAA : 11111111;
    5DAB : 11111001;
    5DAC : 11111111;
    5DAD : 11111000;
    5DAE : 11111111;
    5DAF : 11111111;
    5DB0 : 11111100;
    5DB1 : 11111110;
    5DB2 : 11111101;
    5DB3 : 11111110;
    5DB4 : 11111111;
    5DB5 : 11111101;
    5DB6 : 11111110;
    5DB7 : 11111110;
    5DB8 : 11111011;
    5DB9 : 11111111;
    5DBA : 11111111;
    5DBB : 11111101;
    5DBC : 11111111;
    5DBD : 11110111;
    5DBE : 11111111;
    5DBF : 11111001;
    5DC0 : 11111111;
    5DC1 : 11111101;
    5DC2 : 11111011;
    5DC3 : 11111111;
    5DC4 : 11111101;
    5DC5 : 11110110;
    5DC6 : 11111010;
    5DC7 : 11111111;
    5DC8 : 11111110;
    5DC9 : 11111111;
    5DCA : 11110101;
    5DCB : 11111111;
    5DCC : 11111101;
    5DCD : 11111111;
    5DCE : 11111111;
    5DCF : 11111100;
    5DD0 : 11111111;
    5DD1 : 11111100;
    5DD2 : 11111111;
    5DD3 : 11111111;
    5DD4 : 11111011;
    5DD5 : 11111111;
    5DD6 : 11111011;
    5DD7 : 11111111;
    5DD8 : 11111111;
    5DD9 : 11111011;
    5DDA : 11111101;
    5DDB : 11111110;
    5DDC : 11111100;
    5DDD : 11111111;
    5DDE : 11111010;
    5DDF : 11111111;
    5DE0 : 11111110;
    5DE1 : 11111111;
    5DE2 : 11111011;
    5DE3 : 11111011;
    5DE4 : 11111010;
    5DE5 : 11111010;
    5DE6 : 11111111;
    5DE7 : 11111011;
    5DE8 : 11111111;
    5DE9 : 11111110;
    5DEA : 11111110;
    5DEB : 11111011;
    5DEC : 11111010;
    5DED : 11111111;
    5DEE : 11111100;
    5DEF : 11111111;
    5DF0 : 11111111;
    5DF1 : 11111110;
    5DF2 : 11111011;
    5DF3 : 11111111;
    5DF4 : 11111111;
    5DF5 : 11111111;
    5DF6 : 11111001;
    5DF7 : 11111110;
    5DF8 : 11111011;
    5DF9 : 11111101;
    5DFA : 11111111;
    5DFB : 11111111;
    5DFC : 11111010;
    5DFD : 11111001;
    5DFE : 11111111;
    5DFF : 11111111;
    5E00 : 11111111;
    5E01 : 11111101;
    5E02 : 11111111;
    5E03 : 11111100;
    5E04 : 11111011;
    5E05 : 11111111;
    5E06 : 11111110;
    5E07 : 11111011;
    5E08 : 11111101;
    5E09 : 11111101;
    5E0A : 11111100;
    5E0B : 11111111;
    5E0C : 11111011;
    5E0D : 11111101;
    5E0E : 11111111;
    5E0F : 11111101;
    5E10 : 11110111;
    5E11 : 11111111;
    5E12 : 11111110;
    5E13 : 11111110;
    5E14 : 11111100;
    5E15 : 11111010;
    5E16 : 11111100;
    5E17 : 11111111;
    5E18 : 11111110;
    5E19 : 11111111;
    5E1A : 11111101;
    5E1B : 11111010;
    5E1C : 11111111;
    5E1D : 11111101;
    5E1E : 11111001;
    5E1F : 11111100;
    5E20 : 11111111;
    5E21 : 11111111;
    5E22 : 11111111;
    5E23 : 11111110;
    5E24 : 11111101;
    5E25 : 11111101;
    5E26 : 11111000;
    5E27 : 11111111;
    5E28 : 11111010;
    5E29 : 11111111;
    5E2A : 11111011;
    5E2B : 11111110;
    5E2C : 11111111;
    5E2D : 11111010;
    5E2E : 11111010;
    5E2F : 11111111;
    5E30 : 11111011;
    5E31 : 11111111;
    5E32 : 11111111;
    5E33 : 11111010;
    5E34 : 11111100;
    5E35 : 11111111;
    5E36 : 11111111;
    5E37 : 11111011;
    5E38 : 11111110;
    5E39 : 11111101;
    5E3A : 11111110;
    5E3B : 11111110;
    5E3C : 11111011;
    5E3D : 11111111;
    5E3E : 11111111;
    5E3F : 11111001;
    5E40 : 11111100;
    5E41 : 11111111;
    5E42 : 11111100;
    5E43 : 11111001;
    5E44 : 11111111;
    5E45 : 11111001;
    5E46 : 11111101;
    5E47 : 11111101;
    5E48 : 11111110;
    5E49 : 11111101;
    5E4A : 11111111;
    5E4B : 11111101;
    5E4C : 11111111;
    5E4D : 11111100;
    5E4E : 11110110;
    5E4F : 11111110;
    5E50 : 11111111;
    5E51 : 11111100;
    5E52 : 11111111;
    5E53 : 11111110;
    5E54 : 11110111;
    5E55 : 11111111;
    5E56 : 11111110;
    5E57 : 11111111;
    5E58 : 11111111;
    5E59 : 11111011;
    5E5A : 11111110;
    5E5B : 11111111;
    5E5C : 11111100;
    5E5D : 11111111;
    5E5E : 11111100;
    5E5F : 11111111;
    5E60 : 11111111;
    5E61 : 11111011;
    5E62 : 11111111;
    5E63 : 11111110;
    5E64 : 11111100;
    5E65 : 11111111;
    5E66 : 11111111;
    5E67 : 11111100;
    5E68 : 11111111;
    5E69 : 11111101;
    5E6A : 11111111;
    5E6B : 11111011;
    5E6C : 11111111;
    5E6D : 11111111;
    5E6E : 11111010;
    5E6F : 11111111;
    5E70 : 11111111;
    5E71 : 11111111;
    5E72 : 11111101;
    5E73 : 11111101;
    5E74 : 11111111;
    5E75 : 11111111;
    5E76 : 11111111;
    5E77 : 11111011;
    5E78 : 11111011;
    5E79 : 11111111;
    5E7A : 11111111;
    5E7B : 11111100;
    5E7C : 11111111;
    5E7D : 11111100;
    5E7E : 11111111;
    5E7F : 11111111;
    5E80 : 11111111;
    5E81 : 11111001;
    5E82 : 11111111;
    5E83 : 11111111;
    5E84 : 11111100;
    5E85 : 11111111;
    5E86 : 11111110;
    5E87 : 11111111;
    5E88 : 11111011;
    5E89 : 11111111;
    5E8A : 11111111;
    5E8B : 11111111;
    5E8C : 11111111;
    5E8D : 11111111;
    5E8E : 11111010;
    5E8F : 11111111;
    5E90 : 11111111;
    5E91 : 11111111;
    5E92 : 11111111;
    5E93 : 11111110;
    5E94 : 11111101;
    5E95 : 11111111;
    5E96 : 11111100;
    5E97 : 11111111;
    5E98 : 11111111;
    5E99 : 11111111;
    5E9A : 11111111;
    5E9B : 11111100;
    5E9C : 11111111;
    5E9D : 11111111;
    5E9E : 11110111;
    5E9F : 11111111;
    5EA0 : 11111100;
    5EA1 : 11111111;
    5EA2 : 11111111;
    5EA3 : 11111111;
    5EA4 : 11111111;
    5EA5 : 11111100;
    5EA6 : 11111101;
    5EA7 : 11111111;
    5EA8 : 11111111;
    5EA9 : 11111110;
    5EAA : 11111111;
    5EAB : 11111011;
    5EAC : 11111110;
    5EAD : 11111111;
    5EAE : 11111011;
    5EAF : 11111111;
    5EB0 : 11111111;
    5EB1 : 11111100;
    5EB2 : 11111111;
    5EB3 : 11111101;
    5EB4 : 11111111;
    5EB5 : 11111111;
    5EB6 : 11111111;
    5EB7 : 11111110;
    5EB8 : 11111110;
    5EB9 : 11111111;
    5EBA : 11111011;
    5EBB : 11111111;
    5EBC : 11111111;
    5EBD : 11111110;
    5EBE : 11111111;
    5EBF : 11111111;
    5EC0 : 11111101;
    5EC1 : 11111111;
    5EC2 : 11111101;
    5EC3 : 11111110;
    5EC4 : 11111111;
    5EC5 : 11111111;
    5EC6 : 11111111;
    5EC7 : 11111110;
    5EC8 : 11111111;
    5EC9 : 11111111;
    5ECA : 11111110;
    5ECB : 11111111;
    5ECC : 11111100;
    5ECD : 11111111;
    5ECE : 11111111;
    5ECF : 11111100;
    5ED0 : 11111111;
    5ED1 : 11111111;
    5ED2 : 11111010;
    5ED3 : 11111111;
    5ED4 : 11111111;
    5ED5 : 11111110;
    5ED6 : 11111111;
    5ED7 : 11111111;
    5ED8 : 11111101;
    5ED9 : 11111111;
    5EDA : 11111101;
    5EDB : 11111111;
    5EDC : 11111111;
    5EDD : 11111111;
    5EDE : 11111101;
    5EDF : 11111111;
    5EE0 : 11111111;
    5EE1 : 11111011;
    5EE2 : 11111101;
    5EE3 : 11111111;
    5EE4 : 11111100;
    5EE5 : 11111111;
    5EE6 : 11111110;
    5EE7 : 11111111;
    5EE8 : 11111111;
    5EE9 : 11111100;
    5EEA : 11111101;
    5EEB : 11111111;
    5EEC : 11111110;
    5EED : 11111111;
    5EEE : 11111111;
    5EEF : 11111111;
    5EF0 : 11111111;
    5EF1 : 11111110;
    5EF2 : 11111010;
    5EF3 : 11111111;
    5EF4 : 11111111;
    5EF5 : 11111111;
    5EF6 : 11111111;
    5EF7 : 11111110;
    5EF8 : 11111111;
    5EF9 : 11111111;
    5EFA : 11111110;
    5EFB : 11111100;
    5EFC : 11111111;
    5EFD : 11111111;
    5EFE : 11111111;
    5EFF : 11111110;
    5F00 : 11111111;
    5F01 : 11111111;
    5F02 : 11111111;
    5F03 : 11111111;
    5F04 : 11111111;
    5F05 : 11111111;
    5F06 : 11111111;
    5F07 : 11111111;
    5F08 : 11111111;
    5F09 : 11111111;
    5F0A : 11111111;
    5F0B : 11111111;
    5F0C : 11111111;
    5F0D : 11111111;
    5F0E : 11111111;
    5F0F : 11111111;
    5F10 : 11111111;
    5F11 : 11111111;
    5F12 : 11111111;
    5F13 : 11111111;
    5F14 : 11111111;
    5F15 : 11111111;
    5F16 : 11111111;
    5F17 : 11111111;
    5F18 : 11111111;
    5F19 : 11111111;
    5F1A : 11111111;
    5F1B : 11111111;
    5F1C : 11111111;
    5F1D : 11111111;
    5F1E : 11111111;
    5F1F : 11111111;
    5F20 : 11111111;
    5F21 : 11111111;
    5F22 : 11111111;
    5F23 : 11111111;
    5F24 : 11111111;
    5F25 : 11111111;
    5F26 : 11111111;
    5F27 : 11111111;
    5F28 : 11111111;
    5F29 : 11111111;
    5F2A : 11111111;
    5F2B : 11111111;
    5F2C : 11111111;
    5F2D : 11111111;
    5F2E : 11111111;
    5F2F : 11111111;
    5F30 : 11111111;
    5F31 : 11111111;
    5F32 : 11111111;
    5F33 : 11111111;
    5F34 : 11111111;
    5F35 : 11111111;
    5F36 : 11111111;
    5F37 : 11111111;
    5F38 : 11111111;
    5F39 : 11111111;
    5F3A : 11111111;
    5F3B : 11111111;
    5F3C : 11111111;
    5F3D : 11111111;
    5F3E : 11111111;
    5F3F : 11111111;
    5F40 : 11111111;
    5F41 : 11111111;
    5F42 : 11111111;
    5F43 : 11111111;
    5F44 : 11111111;
    5F45 : 11111111;
    5F46 : 11111111;
    5F47 : 11111111;
    5F48 : 11111111;
    5F49 : 11111111;
    5F4A : 11111111;
    5F4B : 11111111;
    5F4C : 11111111;
    5F4D : 11111111;
    5F4E : 11111111;
    5F4F : 11111111;
    5F50 : 11111111;
    5F51 : 11111111;
    5F52 : 11111111;
    5F53 : 11111111;
    5F54 : 11111111;
    5F55 : 11111111;
    5F56 : 11111111;
    5F57 : 11111111;
    5F58 : 11111111;
    5F59 : 11111111;
    5F5A : 11111111;
    5F5B : 11111111;
    5F5C : 11111111;
    5F5D : 11111111;
    5F5E : 11111111;
    5F5F : 11111111;
    5F60 : 11111111;
    5F61 : 11111111;
    5F62 : 11111111;
    5F63 : 11111111;
    5F64 : 11111111;
    5F65 : 11111111;
    5F66 : 11111111;
    5F67 : 11111111;
    5F68 : 11111111;
    5F69 : 11111111;
    5F6A : 11111111;
    5F6B : 11111111;
    5F6C : 11111111;
    5F6D : 11111111;
    5F6E : 11111111;
    5F6F : 11111111;
    5F70 : 11111111;
    5F71 : 11111111;
    5F72 : 11111111;
    5F73 : 11111111;
    5F74 : 11111111;
    5F75 : 11111111;
    5F76 : 11111111;
    5F77 : 11111111;
    5F78 : 11111111;
    5F79 : 11111111;
    5F7A : 11111111;
    5F7B : 11111111;
    5F7C : 11111111;
    5F7D : 11111111;
    5F7E : 11111111;
    5F7F : 11111111;
    5F80 : 11111111;
    5F81 : 11111111;
    5F82 : 11111111;
    5F83 : 11111111;
    5F84 : 11111111;
    5F85 : 11111111;
    5F86 : 11111111;
    5F87 : 11111111;
    5F88 : 11111111;
    5F89 : 11111111;
    5F8A : 11111111;
    5F8B : 11111111;
    5F8C : 11111111;
    5F8D : 11111111;
    5F8E : 11111111;
    5F8F : 11111111;
    5F90 : 11111111;
    5F91 : 11111111;
    5F92 : 11111111;
    5F93 : 11111111;
    5F94 : 11111111;
    5F95 : 11111111;
    5F96 : 11111111;
    5F97 : 11111111;
    5F98 : 11111111;
    5F99 : 11111111;
    5F9A : 11111111;
    5F9B : 11111111;
    5F9C : 11111111;
    5F9D : 11111111;
    5F9E : 11111111;
    5F9F : 11111111;
    5FA0 : 11111111;
    5FA1 : 11111111;
    5FA2 : 11111111;
    5FA3 : 11111111;
    5FA4 : 11111111;
    5FA5 : 11111111;
    5FA6 : 11111111;
    5FA7 : 11111111;
    5FA8 : 11111111;
    5FA9 : 11111111;
    5FAA : 11111111;
    5FAB : 11111111;
    5FAC : 11111111;
    5FAD : 11111111;
    5FAE : 11111111;
    5FAF : 11111111;
    5FB0 : 11111111;
    5FB1 : 11111111;
    5FB2 : 11111111;
    5FB3 : 11111111;
    5FB4 : 11111111;
    5FB5 : 11111111;
    5FB6 : 11111111;
    5FB7 : 11111111;
    5FB8 : 11111111;
    5FB9 : 11111111;
    5FBA : 11111111;
    5FBB : 11111111;
    5FBC : 11111111;
    5FBD : 11111111;
    5FBE : 11111111;
    5FBF : 11111111;
    5FC0 : 11111111;
    5FC1 : 11111111;
    5FC2 : 11111111;
    5FC3 : 11111111;
    5FC4 : 11111111;
    5FC5 : 11111111;
    5FC6 : 11111111;
    5FC7 : 11111111;
    5FC8 : 11111111;
    5FC9 : 11111111;
    5FCA : 11111111;
    5FCB : 11111111;
    5FCC : 11111111;
    5FCD : 11111111;
    5FCE : 11111111;
    5FCF : 11111111;
    5FD0 : 11111111;
    5FD1 : 11111111;
    5FD2 : 11111111;
    5FD3 : 11111111;
    5FD4 : 11111111;
    5FD5 : 11111111;
    5FD6 : 11111111;
    5FD7 : 11111111;
    5FD8 : 11111111;
    5FD9 : 11111111;
    5FDA : 11111111;
    5FDB : 11111111;
    5FDC : 11111111;
    5FDD : 11111111;
    5FDE : 11111111;
    5FDF : 11111111;
    5FE0 : 11111111;
    5FE1 : 11111111;
    5FE2 : 11111111;
    5FE3 : 11111111;
    5FE4 : 11111111;
    5FE5 : 11111111;
    5FE6 : 11111111;
    5FE7 : 11111111;
    5FE8 : 11111111;
    5FE9 : 11111111;
    5FEA : 11111111;
    5FEB : 11111111;
    5FEC : 11111111;
    5FED : 11111111;
    5FEE : 11111111;
    5FEF : 11111111;
    5FF0 : 11111111;
    5FF1 : 11111111;
    5FF2 : 11111111;
    5FF3 : 11111111;
    5FF4 : 11111111;
    5FF5 : 11111111;
    5FF6 : 11111111;
    5FF7 : 11111111;
    5FF8 : 11111111;
    5FF9 : 11111111;
    5FFA : 11111111;
    5FFB : 11111111;
    5FFC : 11111111;
    5FFD : 11111111;
    5FFE : 11111111;
    5FFF : 11111111;
    6000 : 11111111;
    6001 : 11111111;
    6002 : 11111111;
    6003 : 11111111;
    6004 : 11111111;
    6005 : 11111111;
    6006 : 11111111;
    6007 : 11111111;
    6008 : 11111111;
    6009 : 11111111;
    600A : 11111111;
    600B : 11111111;
    600C : 11111111;
    600D : 11111111;
    600E : 11111111;
    600F : 11111111;
    6010 : 11111111;
    6011 : 11111111;
    6012 : 11111111;
    6013 : 11111111;
    6014 : 11111111;
    6015 : 11111111;
    6016 : 11111111;
    6017 : 11111111;
    6018 : 11111111;
    6019 : 11111111;
    601A : 11111111;
    601B : 11111111;
    601C : 11111111;
    601D : 11111111;
    601E : 11111111;
    601F : 11111111;
    6020 : 11111111;
    6021 : 11111111;
    6022 : 11111111;
    6023 : 11111111;
    6024 : 11111111;
    6025 : 11111111;
    6026 : 11111111;
    6027 : 11111111;
    6028 : 11111111;
    6029 : 11111111;
    602A : 11111111;
    602B : 11111111;
    602C : 11111111;
    602D : 11111111;
    602E : 11111111;
    602F : 11111111;
    6030 : 11111111;
    6031 : 11111111;
    6032 : 11111111;
    6033 : 11111111;
    6034 : 11111111;
    6035 : 11111111;
    6036 : 11111111;
    6037 : 11111111;
    6038 : 11111111;
    6039 : 11111111;
    603A : 11111111;
    603B : 11111111;
    603C : 11111111;
    603D : 11111111;
    603E : 11111111;
    603F : 11111111;
    6040 : 11111111;
    6041 : 11111111;
    6042 : 11111111;
    6043 : 11111111;
    6044 : 11111111;
    6045 : 11111111;
    6046 : 11111111;
    6047 : 11111111;
    6048 : 11111111;
    6049 : 11111111;
    604A : 11111111;
    604B : 11111111;
    604C : 11111111;
    604D : 11111111;
    604E : 11111111;
    604F : 11111111;
    6050 : 11111111;
    6051 : 11111111;
    6052 : 11111111;
    6053 : 11111111;
    6054 : 11111111;
    6055 : 11111111;
    6056 : 11111111;
    6057 : 11111111;
    6058 : 11111111;
    6059 : 11111111;
    605A : 11111111;
    605B : 11111111;
    605C : 11111111;
    605D : 11111111;
    605E : 11111111;
    605F : 11111111;
    6060 : 11111111;
    6061 : 11111111;
    6062 : 11111111;
    6063 : 11111111;
    6064 : 11111111;
    6065 : 11111111;
    6066 : 11111111;
    6067 : 11111111;
    6068 : 11111111;
    6069 : 11111111;
    606A : 11111111;
    606B : 11111111;
    606C : 11111111;
    606D : 11111111;
    606E : 11111111;
    606F : 11111111;
    6070 : 11111111;
    6071 : 11111111;
    6072 : 11111111;
    6073 : 11111111;
    6074 : 11111111;
    6075 : 11111111;
    6076 : 11111111;
    6077 : 11111111;
    6078 : 11111111;
    6079 : 11111111;
    607A : 11111111;
    607B : 11111111;
    607C : 11111111;
    607D : 11111111;
    607E : 11111111;
    607F : 11111111;
    6080 : 11111111;
    6081 : 11111111;
    6082 : 11111111;
    6083 : 11111111;
    6084 : 11111111;
    6085 : 11111111;
    6086 : 11111111;
    6087 : 11111111;
    6088 : 11111111;
    6089 : 11111111;
    608A : 11111111;
    608B : 11111111;
    608C : 11111111;
    608D : 11111111;
    608E : 11111111;
    608F : 11111111;
    6090 : 11111111;
    6091 : 11111111;
    6092 : 11111111;
    6093 : 11111111;
    6094 : 11111111;
    6095 : 11111111;
    6096 : 11111111;
    6097 : 11111111;
    6098 : 11111111;
    6099 : 11111111;
    609A : 11111111;
    609B : 11111111;
    609C : 11111111;
    609D : 11111111;
    609E : 11111111;
    609F : 11111111;
    60A0 : 11111111;
    60A1 : 11111111;
    60A2 : 11111111;
    60A3 : 11111111;
    60A4 : 11111111;
    60A5 : 11111111;
    60A6 : 11111111;
    60A7 : 11111111;
    60A8 : 11111111;
    60A9 : 11111111;
    60AA : 11111111;
    60AB : 11111111;
    60AC : 11111111;
    60AD : 11111111;
    60AE : 11111111;
    60AF : 11111111;
    60B0 : 11111111;
    60B1 : 11111111;
    60B2 : 11111111;
    60B3 : 11111111;
    60B4 : 11111111;
    60B5 : 11111111;
    60B6 : 11111111;
    60B7 : 11111111;
    60B8 : 11111111;
    60B9 : 11111111;
    60BA : 11111111;
    60BB : 11111111;
    60BC : 11111111;
    60BD : 11111111;
    60BE : 11111111;
    60BF : 11111111;
    60C0 : 11111111;
    60C1 : 11111111;
    60C2 : 11111111;
    60C3 : 11111111;
    60C4 : 11111111;
    60C5 : 11111111;
    60C6 : 11111111;
    60C7 : 11111111;
    60C8 : 11111111;
    60C9 : 11111111;
    60CA : 11111111;
    60CB : 11111111;
    60CC : 11111111;
    60CD : 11111111;
    60CE : 11111111;
    60CF : 11111111;
    60D0 : 11111111;
    60D1 : 11111111;
    60D2 : 11111111;
    60D3 : 11111111;
    60D4 : 11111111;
    60D5 : 11111111;
    60D6 : 11111111;
    60D7 : 11111111;
    60D8 : 11111111;
    60D9 : 11111111;
    60DA : 11111111;
    60DB : 11111111;
    60DC : 11111111;
    60DD : 11111111;
    60DE : 11111111;
    60DF : 11111111;
    60E0 : 11111111;
    60E1 : 11111111;
    60E2 : 11111111;
    60E3 : 11111111;
    60E4 : 11111111;
    60E5 : 11111111;
    60E6 : 11111111;
    60E7 : 11111111;
    60E8 : 11111111;
    60E9 : 11111111;
    60EA : 11111111;
    60EB : 11111111;
    60EC : 11111111;
    60ED : 11111111;
    60EE : 11111111;
    60EF : 11111111;
    60F0 : 11111111;
    60F1 : 11111111;
    60F2 : 11111111;
    60F3 : 11111111;
    60F4 : 11111111;
    60F5 : 11111111;
    60F6 : 11111111;
    60F7 : 11111111;
    60F8 : 11111111;
    60F9 : 11111111;
    60FA : 11111111;
    60FB : 11111111;
    60FC : 11111111;
    60FD : 11111111;
    60FE : 11111111;
    60FF : 11111111;
    6100 : 11111111;
    6101 : 11111111;
    6102 : 11111111;
    6103 : 11111111;
    6104 : 11111111;
    6105 : 11111111;
    6106 : 11111111;
    6107 : 11111111;
    6108 : 11111111;
    6109 : 11111111;
    610A : 11111111;
    610B : 11111111;
    610C : 11111111;
    610D : 11111111;
    610E : 11111111;
    610F : 11111111;
    6110 : 11111111;
    6111 : 11111111;
    6112 : 11111111;
    6113 : 11111111;
    6114 : 11111111;
    6115 : 11111111;
    6116 : 11111111;
    6117 : 11111111;
    6118 : 11111111;
    6119 : 11111111;
    611A : 11111111;
    611B : 11111111;
    611C : 11111111;
    611D : 11111111;
    611E : 11111111;
    611F : 11111111;
    6120 : 11111111;
    6121 : 11111111;
    6122 : 11111111;
    6123 : 11111111;
    6124 : 11111111;
    6125 : 11111111;
    6126 : 11111111;
    6127 : 11111111;
    6128 : 11111111;
    6129 : 11111111;
    612A : 11111111;
    612B : 11111111;
    612C : 11111111;
    612D : 11111111;
    612E : 11111111;
    612F : 11111111;
    6130 : 11111111;
    6131 : 11111111;
    6132 : 11111111;
    6133 : 11111111;
    6134 : 11111111;
    6135 : 11111111;
    6136 : 11111111;
    6137 : 11111111;
    6138 : 11111111;
    6139 : 11111111;
    613A : 11111111;
    613B : 11111111;
    613C : 11111111;
    613D : 11111111;
    613E : 11111111;
    613F : 11111111;
    6140 : 11111111;
    6141 : 11111111;
    6142 : 11111111;
    6143 : 11111111;
    6144 : 11111111;
    6145 : 11111111;
    6146 : 11111111;
    6147 : 11111111;
    6148 : 11111111;
    6149 : 11111111;
    614A : 11111111;
    614B : 11111111;
    614C : 11111111;
    614D : 11111111;
    614E : 11111111;
    614F : 11111111;
    6150 : 11111111;
    6151 : 11111111;
    6152 : 11111111;
    6153 : 11111111;
    6154 : 11111111;
    6155 : 11111111;
    6156 : 11111111;
    6157 : 11111111;
    6158 : 11111111;
    6159 : 11111111;
    615A : 11111111;
    615B : 11111111;
    615C : 11111111;
    615D : 11111111;
    615E : 11111111;
    615F : 11111111;
    6160 : 11111111;
    6161 : 11111111;
    6162 : 11111111;
    6163 : 11111111;
    6164 : 11111111;
    6165 : 11111111;
    6166 : 11111111;
    6167 : 11111111;
    6168 : 11111111;
    6169 : 11111111;
    616A : 11111111;
    616B : 11111111;
    616C : 11111111;
    616D : 11111111;
    616E : 11111111;
    616F : 11111111;
    6170 : 11111111;
    6171 : 11111111;
    6172 : 11111111;
    6173 : 11111111;
    6174 : 11111111;
    6175 : 11111111;
    6176 : 11111111;
    6177 : 11111111;
    6178 : 11111111;
    6179 : 11111111;
    617A : 11111111;
    617B : 11111111;
    617C : 11111111;
    617D : 11111111;
    617E : 11111111;
    617F : 11111111;
    6180 : 11111111;
    6181 : 11111111;
    6182 : 11111111;
    6183 : 11111111;
    6184 : 11111111;
    6185 : 11111111;
    6186 : 11111111;
    6187 : 11111111;
    6188 : 11111111;
    6189 : 11111111;
    618A : 11111111;
    618B : 11111111;
    618C : 11111111;
    618D : 11111111;
    618E : 11111111;
    618F : 11111111;
    6190 : 11111111;
    6191 : 11111111;
    6192 : 11111111;
    6193 : 11111111;
    6194 : 11111111;
    6195 : 11111111;
    6196 : 11111111;
    6197 : 11111111;
    6198 : 11111111;
    6199 : 11111111;
    619A : 11111111;
    619B : 11111111;
    619C : 11111111;
    619D : 11111111;
    619E : 11111111;
    619F : 11111111;
    61A0 : 11111111;
    61A1 : 11111111;
    61A2 : 11111111;
    61A3 : 11111111;
    61A4 : 11111111;
    61A5 : 11111111;
    61A6 : 11111111;
    61A7 : 11111111;
    61A8 : 11111111;
    61A9 : 11111111;
    61AA : 11111111;
    61AB : 11111111;
    61AC : 11111111;
    61AD : 11111111;
    61AE : 11111111;
    61AF : 11111111;
    61B0 : 11111111;
    61B1 : 11111111;
    61B2 : 11111111;
    61B3 : 11111111;
    61B4 : 11111111;
    61B5 : 11111111;
    61B6 : 11111111;
    61B7 : 11111111;
    61B8 : 11111111;
    61B9 : 11111111;
    61BA : 11111111;
    61BB : 11111111;
    61BC : 11111111;
    61BD : 11111111;
    61BE : 11111111;
    61BF : 11111111;
    61C0 : 11111111;
    61C1 : 11111111;
    61C2 : 11111111;
    61C3 : 11111111;
    61C4 : 11111111;
    61C5 : 11111111;
    61C6 : 11111111;
    61C7 : 11111111;
    61C8 : 11111111;
    61C9 : 11111111;
    61CA : 11111111;
    61CB : 11111111;
    61CC : 11111111;
    61CD : 11111111;
    61CE : 11111111;
    61CF : 11111111;
    61D0 : 11111111;
    61D1 : 11111111;
    61D2 : 11111111;
    61D3 : 11111111;
    61D4 : 11111111;
    61D5 : 11111111;
    61D6 : 11111111;
    61D7 : 11111111;
    61D8 : 11111111;
    61D9 : 11111111;
    61DA : 11111111;
    61DB : 11111111;
    61DC : 11111111;
    61DD : 11111111;
    61DE : 11111111;
    61DF : 11111111;
    61E0 : 11111111;
    61E1 : 11111111;
    61E2 : 11111111;
    61E3 : 11111111;
    61E4 : 11111111;
    61E5 : 11111111;
    61E6 : 11111111;
    61E7 : 11111111;
    61E8 : 11111111;
    61E9 : 11111111;
    61EA : 11111111;
    61EB : 11111111;
    61EC : 11111111;
    61ED : 11111111;
    61EE : 11111111;
    61EF : 11111111;
    61F0 : 11111111;
    61F1 : 11111111;
    61F2 : 11111111;
    61F3 : 11111111;
    61F4 : 11111111;
    61F5 : 11111111;
    61F6 : 11111111;
    61F7 : 11111111;
    61F8 : 11111111;
    61F9 : 11111111;
    61FA : 11111111;
    61FB : 11111111;
    61FC : 11111111;
    61FD : 11111111;
    61FE : 11111111;
    61FF : 11111111;
    6200 : 11111111;
    6201 : 11111111;
    6202 : 11111111;
    6203 : 11111111;
    6204 : 11111111;
    6205 : 11111111;
    6206 : 11111111;
    6207 : 11111111;
    6208 : 11111111;
    6209 : 11111111;
    620A : 11111111;
    620B : 11111111;
    620C : 11111111;
    620D : 11111111;
    620E : 11111111;
    620F : 11111111;
    6210 : 11111111;
    6211 : 11111111;
    6212 : 11111111;
    6213 : 11111111;
    6214 : 11111111;
    6215 : 11111111;
    6216 : 11111111;
    6217 : 11111111;
    6218 : 11111111;
    6219 : 11111111;
    621A : 11111111;
    621B : 11111111;
    621C : 11111111;
    621D : 11111111;
    621E : 11111111;
    621F : 11111111;
    6220 : 11111111;
    6221 : 11111111;
    6222 : 11111111;
    6223 : 11111111;
    6224 : 11111111;
    6225 : 11111111;
    6226 : 11111111;
    6227 : 11111111;
    6228 : 11111111;
    6229 : 11111111;
    622A : 11111111;
    622B : 11111111;
    622C : 11111111;
    622D : 11111111;
    622E : 11111111;
    622F : 11111111;
    6230 : 11111111;
    6231 : 11111111;
    6232 : 11111111;
    6233 : 11111111;
    6234 : 11111111;
    6235 : 11111111;
    6236 : 11111111;
    6237 : 11111111;
    6238 : 11111111;
    6239 : 11111111;
    623A : 11111111;
    623B : 11111111;
    623C : 11111111;
    623D : 11111111;
    623E : 11111111;
    623F : 11111111;
    6240 : 11111111;
    6241 : 11111111;
    6242 : 11111111;
    6243 : 11111111;
    6244 : 11111111;
    6245 : 11111111;
    6246 : 11111111;
    6247 : 11111111;
    6248 : 11111111;
    6249 : 11111111;
    624A : 11111111;
    624B : 11111111;
    624C : 11111111;
    624D : 11111111;
    624E : 11111111;
    624F : 11111111;
    6250 : 11111111;
    6251 : 11111111;
    6252 : 11111111;
    6253 : 11111111;
    6254 : 11111111;
    6255 : 11111111;
    6256 : 11111111;
    6257 : 11111111;
    6258 : 11111111;
    6259 : 11111111;
    625A : 11111111;
    625B : 11111111;
    625C : 11111111;
    625D : 11111111;
    625E : 11111111;
    625F : 11111111;
    6260 : 11111111;
    6261 : 11111111;
    6262 : 11111111;
    6263 : 11111111;
    6264 : 11111111;
    6265 : 11111111;
    6266 : 11111111;
    6267 : 11111111;
    6268 : 11111111;
    6269 : 11111111;
    626A : 11111111;
    626B : 11111111;
    626C : 11111111;
    626D : 11111111;
    626E : 11111111;
    626F : 11111111;
    6270 : 11111111;
    6271 : 11111111;
    6272 : 11111111;
    6273 : 11111111;
    6274 : 11111111;
    6275 : 11111111;
    6276 : 11111111;
    6277 : 11111111;
    6278 : 11111111;
    6279 : 11111111;
    627A : 11111111;
    627B : 11111111;
    627C : 11111111;
    627D : 11111111;
    627E : 11111111;
    627F : 11111111;
    6280 : 11111111;
    6281 : 11111111;
    6282 : 11111111;
    6283 : 11111111;
    6284 : 11111111;
    6285 : 11111111;
    6286 : 11111111;
    6287 : 11111111;
    6288 : 11111111;
    6289 : 11111111;
    628A : 11111111;
    628B : 11111111;
    628C : 11111111;
    628D : 11111111;
    628E : 11111111;
    628F : 11111111;
    6290 : 11111111;
    6291 : 11111111;
    6292 : 11111111;
    6293 : 11111111;
    6294 : 11111111;
    6295 : 11111111;
    6296 : 11111111;
    6297 : 11111111;
    6298 : 11111111;
    6299 : 11111111;
    629A : 11111111;
    629B : 11111111;
    629C : 11111111;
    629D : 11111111;
    629E : 11111111;
    629F : 11111111;
    62A0 : 11111111;
    62A1 : 11111111;
    62A2 : 11111111;
    62A3 : 11111111;
    62A4 : 11111111;
    62A5 : 11111111;
    62A6 : 11111111;
    62A7 : 11111111;
    62A8 : 11111111;
    62A9 : 11111111;
    62AA : 11111111;
    62AB : 11111111;
    62AC : 11111111;
    62AD : 11111111;
    62AE : 11111111;
    62AF : 11111111;
    62B0 : 11111111;
    62B1 : 11111111;
    62B2 : 11111111;
    62B3 : 11111111;
    62B4 : 11111111;
    62B5 : 11111111;
    62B6 : 11111111;
    62B7 : 11111111;
    62B8 : 11111111;
    62B9 : 11111111;
    62BA : 11111111;
    62BB : 11111111;
    62BC : 11111111;
    62BD : 11111111;
    62BE : 11111111;
    62BF : 11111111;
    62C0 : 11111111;
    62C1 : 11111111;
    62C2 : 11111111;
    62C3 : 11111111;
    62C4 : 11111111;
    62C5 : 11111111;
    62C6 : 11111111;
    62C7 : 11111111;
    62C8 : 11111111;
    62C9 : 11111111;
    62CA : 11111111;
    62CB : 11111111;
    62CC : 11111111;
    62CD : 11111111;
    62CE : 11111111;
    62CF : 11111111;
    62D0 : 11111111;
    62D1 : 11111111;
    62D2 : 11111111;
    62D3 : 11111111;
    62D4 : 11111111;
    62D5 : 11111111;
    62D6 : 11111111;
    62D7 : 11111111;
    62D8 : 11111111;
    62D9 : 11111111;
    62DA : 11111111;
    62DB : 11111111;
    62DC : 11111111;
    62DD : 11111111;
    62DE : 11111111;
    62DF : 11111111;
    62E0 : 11111111;
    62E1 : 11111111;
    62E2 : 11111111;
    62E3 : 11111111;
    62E4 : 11111111;
    62E5 : 11111111;
    62E6 : 11111111;
    62E7 : 11111111;
    62E8 : 11111111;
    62E9 : 11111111;
    62EA : 11111111;
    62EB : 11111111;
    62EC : 11111111;
    62ED : 11111111;
    62EE : 11111111;
    62EF : 11111111;
    62F0 : 11111111;
    62F1 : 11111111;
    62F2 : 11111111;
    62F3 : 11111111;
    62F4 : 11111111;
    62F5 : 11111111;
    62F6 : 11111111;
    62F7 : 11111111;
    62F8 : 11111111;
    62F9 : 11111111;
    62FA : 11111111;
    62FB : 11111111;
    62FC : 11111111;
    62FD : 11111111;
    62FE : 11111111;
    62FF : 11111111;
    6300 : 11111111;
    6301 : 11111111;
    6302 : 11111111;
    6303 : 11111111;
    6304 : 11111111;
    6305 : 11111111;
    6306 : 11111111;
    6307 : 11111111;
    6308 : 11111111;
    6309 : 11111111;
    630A : 11111111;
    630B : 11111111;
    630C : 11111111;
    630D : 11111111;
    630E : 11111111;
    630F : 11111111;
    6310 : 11111111;
    6311 : 11111111;
    6312 : 11111111;
    6313 : 11111111;
    6314 : 11111111;
    6315 : 11111111;
    6316 : 11111111;
    6317 : 11111111;
    6318 : 11111111;
    6319 : 11111111;
    631A : 11111111;
    631B : 11111111;
    631C : 11111111;
    631D : 11111111;
    631E : 11111111;
    631F : 11111111;
    6320 : 11111111;
    6321 : 11111111;
    6322 : 11111111;
    6323 : 11111111;
    6324 : 11111111;
    6325 : 11111111;
    6326 : 11111111;
    6327 : 11111111;
    6328 : 11111111;
    6329 : 11111111;
    632A : 11111111;
    632B : 11111111;
    632C : 11111111;
    632D : 11111111;
    632E : 11111111;
    632F : 11111111;
    6330 : 11111111;
    6331 : 11111111;
    6332 : 11111111;
    6333 : 11111111;
    6334 : 11111111;
    6335 : 11111111;
    6336 : 11111111;
    6337 : 11111111;
    6338 : 11111111;
    6339 : 11111111;
    633A : 11111111;
    633B : 11111111;
    633C : 11111111;
    633D : 11111111;
    633E : 11111111;
    633F : 11111111;
    6340 : 11111111;
    6341 : 11111111;
    6342 : 11111111;
    6343 : 11111111;
    6344 : 11111111;
    6345 : 11111111;
    6346 : 11111111;
    6347 : 11111111;
    6348 : 11111111;
    6349 : 11111111;
    634A : 11111111;
    634B : 11111111;
    634C : 11111111;
    634D : 11111111;
    634E : 11111111;
    634F : 11111111;
    6350 : 11111111;
    6351 : 11111111;
    6352 : 11111111;
    6353 : 11111111;
    6354 : 11111111;
    6355 : 11111111;
    6356 : 11111111;
    6357 : 11111111;
    6358 : 11111111;
    6359 : 11111111;
    635A : 11111111;
    635B : 11111111;
    635C : 11111111;
    635D : 11111111;
    635E : 11111111;
    635F : 11111111;
    6360 : 11111111;
    6361 : 11111111;
    6362 : 11111111;
    6363 : 11111111;
    6364 : 11111111;
    6365 : 11111111;
    6366 : 11111111;
    6367 : 11111111;
    6368 : 11111111;
    6369 : 11111111;
    636A : 11111111;
    636B : 11111111;
    636C : 11111111;
    636D : 11111111;
    636E : 11111111;
    636F : 11111111;
    6370 : 11111111;
    6371 : 11111111;
    6372 : 11111111;
    6373 : 11111111;
    6374 : 11111111;
    6375 : 11111111;
    6376 : 11111111;
    6377 : 11111111;
    6378 : 11111111;
    6379 : 11111111;
    637A : 11111111;
    637B : 11111111;
    637C : 11111111;
    637D : 11111111;
    637E : 11111111;
    637F : 11111111;
    6380 : 11111111;
    6381 : 11111111;
    6382 : 11111111;
    6383 : 11111111;
    6384 : 11111111;
    6385 : 11111111;
    6386 : 11111111;
    6387 : 11111111;
    6388 : 11111111;
    6389 : 11111111;
    638A : 11111111;
    638B : 11111111;
    638C : 11111111;
    638D : 11111111;
    638E : 11111111;
    638F : 11111111;
    6390 : 11111111;
    6391 : 11111111;
    6392 : 11111111;
    6393 : 11111111;
    6394 : 11111111;
    6395 : 11111111;
    6396 : 11111111;
    6397 : 11111111;
    6398 : 11111111;
    6399 : 11111111;
    639A : 11111111;
    639B : 11111111;
    639C : 11111111;
    639D : 11111111;
    639E : 11111111;
    639F : 11111111;
    63A0 : 11111111;
    63A1 : 11111111;
    63A2 : 11111111;
    63A3 : 11111111;
    63A4 : 11111111;
    63A5 : 11111111;
    63A6 : 11111111;
    63A7 : 11111111;
    63A8 : 11111111;
    63A9 : 11111111;
    63AA : 11111111;
    63AB : 11111111;
    63AC : 11111111;
    63AD : 11111111;
    63AE : 11111111;
    63AF : 11111111;
    63B0 : 11111111;
    63B1 : 11111111;
    63B2 : 11111111;
    63B3 : 11111111;
    63B4 : 11111111;
    63B5 : 11111111;
    63B6 : 11111111;
    63B7 : 11111111;
    63B8 : 11111111;
    63B9 : 11111111;
    63BA : 11111111;
    63BB : 11111111;
    63BC : 11111111;
    63BD : 11111111;
    63BE : 11111111;
    63BF : 11111111;
    63C0 : 11111111;
    63C1 : 11111111;
    63C2 : 11111111;
    63C3 : 11111111;
    63C4 : 11111111;
    63C5 : 11111111;
    63C6 : 11111111;
    63C7 : 11111111;
    63C8 : 11111111;
    63C9 : 11111111;
    63CA : 11111111;
    63CB : 11111111;
    63CC : 11111111;
    63CD : 11111111;
    63CE : 11111111;
    63CF : 11111111;
    63D0 : 11111111;
    63D1 : 11111111;
    63D2 : 11111111;
    63D3 : 11111111;
    63D4 : 11111111;
    63D5 : 11111111;
    63D6 : 11111111;
    63D7 : 11111111;
    63D8 : 11111111;
    63D9 : 11111111;
    63DA : 11111111;
    63DB : 11111111;
    63DC : 11111111;
    63DD : 11111111;
    63DE : 11111111;
    63DF : 11111111;
    63E0 : 11111111;
    63E1 : 11111111;
    63E2 : 11111111;
    63E3 : 11111111;
    63E4 : 11111111;
    63E5 : 11111111;
    63E6 : 11111111;
    63E7 : 11111111;
    63E8 : 11111111;
    63E9 : 11111111;
    63EA : 11111111;
    63EB : 11111111;
    63EC : 11111111;
    63ED : 11111111;
    63EE : 11111111;
    63EF : 11111111;
    63F0 : 11111111;
    63F1 : 11111111;
    63F2 : 11111111;
    63F3 : 11111111;
    63F4 : 11111111;
    63F5 : 11111111;
    63F6 : 11111111;
    63F7 : 11111111;
    63F8 : 11111111;
    63F9 : 11111111;
    63FA : 11111111;
    63FB : 11111111;
    63FC : 11111111;
    63FD : 11111111;
    63FE : 11111111;
    63FF : 11111111;
END;
